;  LST file generated by mikroListExporter - v.2.0 
; Date/Time: 7.04.2026 13:54:35
;----------------------------------------------

;Address Opcode 	ASM
0x0000	0xF014EFD0  	GOTO        10656
_interrupt:
;tigkynk_18f.mbas,211 :: 		sub procedure interrupt()
0x0008	0xF017C000  	MOVFF       R0, 23
0x000C	0xF016C001  	MOVFF       R1, 22
0x0010	0xF015C002  	MOVFF       R2, 21
;tigkynk_18f.mbas,212 :: 		if INTCON.RBIF = 1 then
0x0014	0xA0F2      	BTFSS       INTCON, 0 
0x0016	0xD12B      	BRA         L__interrupt34
;tigkynk_18f.mbas,213 :: 		dummy = PORTB
0x0018	0xF023CF81  	MOVFF       PORTB, _dummy
;tigkynk_18f.mbas,215 :: 		if EncoderA <> prevA then
0x001C	0x6A01      	CLRF        R1 
0x001E	0xBA81      	BTFSC       PORTB, 5 
0x0020	0x2A01      	INCF        R1, 1 
0x0022	0x5001      	MOVF        R1, 0 
0x0024	0x1835      	XORWF       _prevA, 0 
0x0026	0xB4D8      	BTFSC       STATUS, 2 
0x0028	0xD121      	BRA         L__interrupt37
;tigkynk_18f.mbas,216 :: 		if EncoderA = EncoderB then
0x002A	0xBA81      	BTFSC       PORTB, 5 
0x002C	0xD003      	BRA         L__interrupt778
0x002E	0xA881      	BTFSS       PORTB, 4 
0x0030	0xD003      	BRA         L__interrupt779
0x0032	0xD0BE      	BRA         L__interrupt40
L__interrupt778:
0x0034	0xA881      	BTFSS       PORTB, 4 
0x0036	0xD0BC      	BRA         L__interrupt40
L__interrupt779:
;tigkynk_18f.mbas,218 :: 		if (set1 = 0) and (set2 = 0) and (set3 = 0) and (set4 = 0) and (set5 = 0) and (set6 = 0) and (set7 = 0) and (set8 = 0) then
0x0038	0x502C      	MOVF        _set1, 0 
0x003A	0x0A00      	XORLW       0
0x003C	0x0EFF      	MOVLW       255
0x003E	0xA4D8      	BTFSS       STATUS, 2 
0x0040	0x0E00      	MOVLW       0
0x0042	0x6E01      	MOVWF       R1 
0x0044	0x5029      	MOVF        _set2, 0 
0x0046	0x0A00      	XORLW       0
0x0048	0x0EFF      	MOVLW       255
0x004A	0xA4D8      	BTFSS       STATUS, 2 
0x004C	0x0E00      	MOVLW       0
0x004E	0x6E00      	MOVWF       R0 
0x0050	0x5000      	MOVF        R0, 0 
0x0052	0x1601      	ANDWF       R1, 1 
0x0054	0x502A      	MOVF        _set3, 0 
0x0056	0x0A00      	XORLW       0
0x0058	0x0EFF      	MOVLW       255
0x005A	0xA4D8      	BTFSS       STATUS, 2 
0x005C	0x0E00      	MOVLW       0
0x005E	0x6E00      	MOVWF       R0 
0x0060	0x5000      	MOVF        R0, 0 
0x0062	0x1601      	ANDWF       R1, 1 
0x0064	0x502F      	MOVF        _set4, 0 
0x0066	0x0A00      	XORLW       0
0x0068	0x0EFF      	MOVLW       255
0x006A	0xA4D8      	BTFSS       STATUS, 2 
0x006C	0x0E00      	MOVLW       0
0x006E	0x6E00      	MOVWF       R0 
0x0070	0x5000      	MOVF        R0, 0 
0x0072	0x1601      	ANDWF       R1, 1 
0x0074	0x5030      	MOVF        _set5, 0 
0x0076	0x0A00      	XORLW       0
0x0078	0x0EFF      	MOVLW       255
0x007A	0xA4D8      	BTFSS       STATUS, 2 
0x007C	0x0E00      	MOVLW       0
0x007E	0x6E00      	MOVWF       R0 
0x0080	0x5000      	MOVF        R0, 0 
0x0082	0x1601      	ANDWF       R1, 1 
0x0084	0x502D      	MOVF        _set6, 0 
0x0086	0x0A00      	XORLW       0
0x0088	0x0EFF      	MOVLW       255
0x008A	0xA4D8      	BTFSS       STATUS, 2 
0x008C	0x0E00      	MOVLW       0
0x008E	0x6E00      	MOVWF       R0 
0x0090	0x5000      	MOVF        R0, 0 
0x0092	0x1601      	ANDWF       R1, 1 
0x0094	0x502E      	MOVF        _set7, 0 
0x0096	0x0A00      	XORLW       0
0x0098	0x0EFF      	MOVLW       255
0x009A	0xA4D8      	BTFSS       STATUS, 2 
0x009C	0x0E00      	MOVLW       0
0x009E	0x6E00      	MOVWF       R0 
0x00A0	0x5000      	MOVF        R0, 0 
0x00A2	0x1601      	ANDWF       R1, 1 
0x00A4	0x5028      	MOVF        _set8, 0 
0x00A6	0x0A00      	XORLW       0
0x00A8	0x0EFF      	MOVLW       255
0x00AA	0xA4D8      	BTFSS       STATUS, 2 
0x00AC	0x0E00      	MOVLW       0
0x00AE	0x6E00      	MOVWF       R0 
0x00B0	0x5001      	MOVF        R1, 0 
0x00B2	0x1600      	ANDWF       R0, 1 
0x00B4	0xE00C      	BZ          L__interrupt43
;tigkynk_18f.mbas,219 :: 		if encoderValue < 200 then
0x00B6	0x0E80      	MOVLW       128
0x00B8	0x183B      	XORWF       _encoderValue+1, 0 
0x00BA	0x6E00      	MOVWF       R0 
0x00BC	0x0E80      	MOVLW       128
0x00BE	0x5C00      	SUBWF       R0, 0 
0x00C0	0xE102      	BNZ         L__interrupt780
0x00C2	0x0EC8      	MOVLW       200
0x00C4	0x5C3A      	SUBWF       _encoderValue, 0 
L__interrupt780:
0x00C6	0xE202      	BC          L__interrupt46
;tigkynk_18f.mbas,220 :: 		Inc(encoderValue)
0x00C8	0x4A3A      	INFSNZ      _encoderValue, 1 
0x00CA	0x2A3B      	INCF        _encoderValue+1, 1 
L__interrupt46:
;tigkynk_18f.mbas,221 :: 		end if
0x00CC	0xD070      	BRA         L__interrupt44
;tigkynk_18f.mbas,222 :: 		else
L__interrupt43:
;tigkynk_18f.mbas,223 :: 		if set1 = 1 then
0x00CE	0x502C      	MOVF        _set1, 0 
0x00D0	0x0A01      	XORLW       1
0x00D2	0xE10B      	BNZ         L__interrupt49
;tigkynk_18f.mbas,224 :: 		if encoderValue < 10 then
0x00D4	0x0E80      	MOVLW       128
0x00D6	0x183B      	XORWF       _encoderValue+1, 0 
0x00D8	0x6E00      	MOVWF       R0 
0x00DA	0x0E80      	MOVLW       128
0x00DC	0x5C00      	SUBWF       R0, 0 
0x00DE	0xE102      	BNZ         L__interrupt781
0x00E0	0x0E0A      	MOVLW       10
0x00E2	0x5C3A      	SUBWF       _encoderValue, 0 
L__interrupt781:
0x00E4	0xE202      	BC          L__interrupt52
;tigkynk_18f.mbas,225 :: 		Inc(encoderValue)
0x00E6	0x4A3A      	INFSNZ      _encoderValue, 1 
0x00E8	0x2A3B      	INCF        _encoderValue+1, 1 
L__interrupt52:
;tigkynk_18f.mbas,226 :: 		end if
L__interrupt49:
;tigkynk_18f.mbas,229 :: 		if set2 = 1 then
0x00EA	0x5029      	MOVF        _set2, 0 
0x00EC	0x0A01      	XORLW       1
0x00EE	0xE10B      	BNZ         L__interrupt55
;tigkynk_18f.mbas,230 :: 		if encoderValue < 20 then
0x00F0	0x0E80      	MOVLW       128
0x00F2	0x183B      	XORWF       _encoderValue+1, 0 
0x00F4	0x6E00      	MOVWF       R0 
0x00F6	0x0E80      	MOVLW       128
0x00F8	0x5C00      	SUBWF       R0, 0 
0x00FA	0xE102      	BNZ         L__interrupt782
0x00FC	0x0E14      	MOVLW       20
0x00FE	0x5C3A      	SUBWF       _encoderValue, 0 
L__interrupt782:
0x0100	0xE202      	BC          L__interrupt58
;tigkynk_18f.mbas,231 :: 		Inc(encoderValue)
0x0102	0x4A3A      	INFSNZ      _encoderValue, 1 
0x0104	0x2A3B      	INCF        _encoderValue+1, 1 
L__interrupt58:
;tigkynk_18f.mbas,232 :: 		end if
L__interrupt55:
;tigkynk_18f.mbas,235 :: 		if set3 = 1 then
0x0106	0x502A      	MOVF        _set3, 0 
0x0108	0x0A01      	XORLW       1
0x010A	0xE10B      	BNZ         L__interrupt61
;tigkynk_18f.mbas,236 :: 		if encoderValue < 20 then
0x010C	0x0E80      	MOVLW       128
0x010E	0x183B      	XORWF       _encoderValue+1, 0 
0x0110	0x6E00      	MOVWF       R0 
0x0112	0x0E80      	MOVLW       128
0x0114	0x5C00      	SUBWF       R0, 0 
0x0116	0xE102      	BNZ         L__interrupt783
0x0118	0x0E14      	MOVLW       20
0x011A	0x5C3A      	SUBWF       _encoderValue, 0 
L__interrupt783:
0x011C	0xE202      	BC          L__interrupt64
;tigkynk_18f.mbas,237 :: 		Inc(encoderValue)
0x011E	0x4A3A      	INFSNZ      _encoderValue, 1 
0x0120	0x2A3B      	INCF        _encoderValue+1, 1 
L__interrupt64:
;tigkynk_18f.mbas,238 :: 		end if
L__interrupt61:
;tigkynk_18f.mbas,241 :: 		if set4 = 1 then
0x0122	0x502F      	MOVF        _set4, 0 
0x0124	0x0A01      	XORLW       1
0x0126	0xE10B      	BNZ         L__interrupt67
;tigkynk_18f.mbas,242 :: 		if encoderValue < 20 then
0x0128	0x0E80      	MOVLW       128
0x012A	0x183B      	XORWF       _encoderValue+1, 0 
0x012C	0x6E00      	MOVWF       R0 
0x012E	0x0E80      	MOVLW       128
0x0130	0x5C00      	SUBWF       R0, 0 
0x0132	0xE102      	BNZ         L__interrupt784
0x0134	0x0E14      	MOVLW       20
0x0136	0x5C3A      	SUBWF       _encoderValue, 0 
L__interrupt784:
0x0138	0xE202      	BC          L__interrupt70
;tigkynk_18f.mbas,243 :: 		Inc(encoderValue)
0x013A	0x4A3A      	INFSNZ      _encoderValue, 1 
0x013C	0x2A3B      	INCF        _encoderValue+1, 1 
L__interrupt70:
;tigkynk_18f.mbas,244 :: 		end if
L__interrupt67:
;tigkynk_18f.mbas,247 :: 		if set5 = 1 then
0x013E	0x5030      	MOVF        _set5, 0 
0x0140	0x0A01      	XORLW       1
0x0142	0xE10B      	BNZ         L__interrupt73
;tigkynk_18f.mbas,248 :: 		if encoderValue < 20 then
0x0144	0x0E80      	MOVLW       128
0x0146	0x183B      	XORWF       _encoderValue+1, 0 
0x0148	0x6E00      	MOVWF       R0 
0x014A	0x0E80      	MOVLW       128
0x014C	0x5C00      	SUBWF       R0, 0 
0x014E	0xE102      	BNZ         L__interrupt785
0x0150	0x0E14      	MOVLW       20
0x0152	0x5C3A      	SUBWF       _encoderValue, 0 
L__interrupt785:
0x0154	0xE202      	BC          L__interrupt76
;tigkynk_18f.mbas,249 :: 		Inc(encoderValue)
0x0156	0x4A3A      	INFSNZ      _encoderValue, 1 
0x0158	0x2A3B      	INCF        _encoderValue+1, 1 
L__interrupt76:
;tigkynk_18f.mbas,250 :: 		end if
L__interrupt73:
;tigkynk_18f.mbas,253 :: 		if set6 = 1 then
0x015A	0x502D      	MOVF        _set6, 0 
0x015C	0x0A01      	XORLW       1
0x015E	0xE10B      	BNZ         L__interrupt79
;tigkynk_18f.mbas,254 :: 		if encoderValue < 100 then
0x0160	0x0E80      	MOVLW       128
0x0162	0x183B      	XORWF       _encoderValue+1, 0 
0x0164	0x6E00      	MOVWF       R0 
0x0166	0x0E80      	MOVLW       128
0x0168	0x5C00      	SUBWF       R0, 0 
0x016A	0xE102      	BNZ         L__interrupt786
0x016C	0x0E64      	MOVLW       100
0x016E	0x5C3A      	SUBWF       _encoderValue, 0 
L__interrupt786:
0x0170	0xE202      	BC          L__interrupt82
;tigkynk_18f.mbas,255 :: 		Inc(encoderValue)
0x0172	0x4A3A      	INFSNZ      _encoderValue, 1 
0x0174	0x2A3B      	INCF        _encoderValue+1, 1 
L__interrupt82:
;tigkynk_18f.mbas,256 :: 		end if
L__interrupt79:
;tigkynk_18f.mbas,259 :: 		if set7 = 1 then
0x0176	0x502E      	MOVF        _set7, 0 
0x0178	0x0A01      	XORLW       1
0x017A	0xE10B      	BNZ         L__interrupt85
;tigkynk_18f.mbas,260 :: 		if encoderValue < 100 then
0x017C	0x0E80      	MOVLW       128
0x017E	0x183B      	XORWF       _encoderValue+1, 0 
0x0180	0x6E00      	MOVWF       R0 
0x0182	0x0E80      	MOVLW       128
0x0184	0x5C00      	SUBWF       R0, 0 
0x0186	0xE102      	BNZ         L__interrupt787
0x0188	0x0E64      	MOVLW       100
0x018A	0x5C3A      	SUBWF       _encoderValue, 0 
L__interrupt787:
0x018C	0xE202      	BC          L__interrupt88
;tigkynk_18f.mbas,261 :: 		Inc(encoderValue)
0x018E	0x4A3A      	INFSNZ      _encoderValue, 1 
0x0190	0x2A3B      	INCF        _encoderValue+1, 1 
L__interrupt88:
;tigkynk_18f.mbas,262 :: 		end if
L__interrupt85:
;tigkynk_18f.mbas,265 :: 		if set8 = 1 then
0x0192	0x5028      	MOVF        _set8, 0 
0x0194	0x0A01      	XORLW       1
0x0196	0xE10B      	BNZ         L__interrupt91
;tigkynk_18f.mbas,266 :: 		if encoderValue < 1 then
0x0198	0x0E80      	MOVLW       128
0x019A	0x183B      	XORWF       _encoderValue+1, 0 
0x019C	0x6E00      	MOVWF       R0 
0x019E	0x0E80      	MOVLW       128
0x01A0	0x5C00      	SUBWF       R0, 0 
0x01A2	0xE102      	BNZ         L__interrupt788
0x01A4	0x0E01      	MOVLW       1
0x01A6	0x5C3A      	SUBWF       _encoderValue, 0 
L__interrupt788:
0x01A8	0xE202      	BC          L__interrupt94
;tigkynk_18f.mbas,267 :: 		Inc(encoderValue)
0x01AA	0x4A3A      	INFSNZ      _encoderValue, 1 
0x01AC	0x2A3B      	INCF        _encoderValue+1, 1 
L__interrupt94:
;tigkynk_18f.mbas,268 :: 		end if
L__interrupt91:
;tigkynk_18f.mbas,270 :: 		end if
L__interrupt44:
0x01AE	0xD05A      	BRA         L__interrupt41
;tigkynk_18f.mbas,272 :: 		else
L__interrupt40:
;tigkynk_18f.mbas,274 :: 		if (set1 = 0) and (set2 = 0) and (set3 = 0) and (set4 = 0) and (set5 = 0) and (set6 = 0) and (set7 = 0) and (set8 = 0) then
0x01B0	0x502C      	MOVF        _set1, 0 
0x01B2	0x0A00      	XORLW       0
0x01B4	0x0EFF      	MOVLW       255
0x01B6	0xA4D8      	BTFSS       STATUS, 2 
0x01B8	0x0E00      	MOVLW       0
0x01BA	0x6E01      	MOVWF       R1 
0x01BC	0x5029      	MOVF        _set2, 0 
0x01BE	0x0A00      	XORLW       0
0x01C0	0x0EFF      	MOVLW       255
0x01C2	0xA4D8      	BTFSS       STATUS, 2 
0x01C4	0x0E00      	MOVLW       0
0x01C6	0x6E00      	MOVWF       R0 
0x01C8	0x5000      	MOVF        R0, 0 
0x01CA	0x1601      	ANDWF       R1, 1 
0x01CC	0x502A      	MOVF        _set3, 0 
0x01CE	0x0A00      	XORLW       0
0x01D0	0x0EFF      	MOVLW       255
0x01D2	0xA4D8      	BTFSS       STATUS, 2 
0x01D4	0x0E00      	MOVLW       0
0x01D6	0x6E00      	MOVWF       R0 
0x01D8	0x5000      	MOVF        R0, 0 
0x01DA	0x1601      	ANDWF       R1, 1 
0x01DC	0x502F      	MOVF        _set4, 0 
0x01DE	0x0A00      	XORLW       0
0x01E0	0x0EFF      	MOVLW       255
0x01E2	0xA4D8      	BTFSS       STATUS, 2 
0x01E4	0x0E00      	MOVLW       0
0x01E6	0x6E00      	MOVWF       R0 
0x01E8	0x5000      	MOVF        R0, 0 
0x01EA	0x1601      	ANDWF       R1, 1 
0x01EC	0x5030      	MOVF        _set5, 0 
0x01EE	0x0A00      	XORLW       0
0x01F0	0x0EFF      	MOVLW       255
0x01F2	0xA4D8      	BTFSS       STATUS, 2 
0x01F4	0x0E00      	MOVLW       0
0x01F6	0x6E00      	MOVWF       R0 
0x01F8	0x5000      	MOVF        R0, 0 
0x01FA	0x1601      	ANDWF       R1, 1 
0x01FC	0x502D      	MOVF        _set6, 0 
0x01FE	0x0A00      	XORLW       0
0x0200	0x0EFF      	MOVLW       255
0x0202	0xA4D8      	BTFSS       STATUS, 2 
0x0204	0x0E00      	MOVLW       0
0x0206	0x6E00      	MOVWF       R0 
0x0208	0x5000      	MOVF        R0, 0 
0x020A	0x1601      	ANDWF       R1, 1 
0x020C	0x502E      	MOVF        _set7, 0 
0x020E	0x0A00      	XORLW       0
0x0210	0x0EFF      	MOVLW       255
0x0212	0xA4D8      	BTFSS       STATUS, 2 
0x0214	0x0E00      	MOVLW       0
0x0216	0x6E00      	MOVWF       R0 
0x0218	0x5000      	MOVF        R0, 0 
0x021A	0x1601      	ANDWF       R1, 1 
0x021C	0x5028      	MOVF        _set8, 0 
0x021E	0x0A00      	XORLW       0
0x0220	0x0EFF      	MOVLW       255
0x0222	0xA4D8      	BTFSS       STATUS, 2 
0x0224	0x0E00      	MOVLW       0
0x0226	0x6E00      	MOVWF       R0 
0x0228	0x5001      	MOVF        R1, 0 
0x022A	0x1600      	ANDWF       R0, 1 
0x022C	0xE00E      	BZ          L__interrupt97
;tigkynk_18f.mbas,275 :: 		if encoderValue > 10 then
0x022E	0x0E80      	MOVLW       128
0x0230	0x6E00      	MOVWF       R0 
0x0232	0x0E80      	MOVLW       128
0x0234	0x183B      	XORWF       _encoderValue+1, 0 
0x0236	0x5C00      	SUBWF       R0, 0 
0x0238	0xE102      	BNZ         L__interrupt789
0x023A	0x503A      	MOVF        _encoderValue, 0 
0x023C	0x080A      	SUBLW       10
L__interrupt789:
0x023E	0xE204      	BC          L__interrupt100
;tigkynk_18f.mbas,276 :: 		Dec(encoderValue)
0x0240	0x0E01      	MOVLW       1
0x0242	0x5E3A      	SUBWF       _encoderValue, 1 
0x0244	0x0E00      	MOVLW       0
0x0246	0x5A3B      	SUBWFB      _encoderValue+1, 1 
L__interrupt100:
;tigkynk_18f.mbas,277 :: 		end if
0x0248	0xD00D      	BRA         L__interrupt98
;tigkynk_18f.mbas,278 :: 		else
L__interrupt97:
;tigkynk_18f.mbas,279 :: 		if encoderValue > 0 then
0x024A	0x0E80      	MOVLW       128
0x024C	0x6E00      	MOVWF       R0 
0x024E	0x0E80      	MOVLW       128
0x0250	0x183B      	XORWF       _encoderValue+1, 0 
0x0252	0x5C00      	SUBWF       R0, 0 
0x0254	0xE102      	BNZ         L__interrupt790
0x0256	0x503A      	MOVF        _encoderValue, 0 
0x0258	0x0800      	SUBLW       0
L__interrupt790:
0x025A	0xE204      	BC          L__interrupt103
;tigkynk_18f.mbas,280 :: 		Dec(encoderValue)
0x025C	0x0E01      	MOVLW       1
0x025E	0x5E3A      	SUBWF       _encoderValue, 1 
0x0260	0x0E00      	MOVLW       0
0x0262	0x5A3B      	SUBWFB      _encoderValue+1, 1 
L__interrupt103:
;tigkynk_18f.mbas,282 :: 		end if
L__interrupt98:
;tigkynk_18f.mbas,284 :: 		end if
L__interrupt41:
;tigkynk_18f.mbas,286 :: 		prevA = EncoderA
0x0264	0x0E00      	MOVLW       0
0x0266	0xBA81      	BTFSC       PORTB, 5 
0x0268	0x0E01      	MOVLW       1
0x026A	0x6E35      	MOVWF       _prevA 
L__interrupt37:
;tigkynk_18f.mbas,289 :: 		INTCON.RBIF = 0
0x026C	0x90F2      	BCF         INTCON, 0 
L__interrupt34:
;tigkynk_18f.mbas,291 :: 		end sub
L_end_interrupt:
L__interrupt777:
0x026E	0xF000C017  	MOVFF       23, R0
0x0272	0xF001C016  	MOVFF       22, R1
0x0276	0xF002C015  	MOVFF       21, R2
0x027A	0x0011      	RETFIE      1
; end of _interrupt
_Mul_32x32_U:
;__Lib_Math.mpas,1614 :: 		
;__Lib_Math.mpas,1628 :: 		
0x027C	0x0E22      	MOVLW       34
;__Lib_Math.mpas,1629 :: 		
0x027E	0x6E0C      	MOVWF       R12, 0
;__Lib_Math.mpas,1630 :: 		
0x0280	0x6A08      	CLRF        R8, 0
;__Lib_Math.mpas,1631 :: 		
0x0282	0x6A09      	CLRF        R9, 0
;__Lib_Math.mpas,1632 :: 		
0x0284	0x6A0A      	CLRF        R10, 0
;__Lib_Math.mpas,1633 :: 		
0x0286	0x6A0B      	CLRF        R11, 0
;__Lib_Math.mpas,1635 :: 		
_NEXT:
;__Lib_Math.mpas,1639 :: 		
0x0288	0x060C      	DECF        R12, 1, 0
;__Lib_Math.mpas,1640 :: 		
0x028A	0xB4D8      	BTFSC       STATUS, 2, 0
;__Lib_Math.mpas,1641 :: 		
0x028C	0xD01F      	BRA         _EXIT2
;__Lib_Math.mpas,1642 :: 		
0x028E	0x90D8      	BCF         STATUS, 0, 0
;__Lib_Math.mpas,1644 :: 		
_LOOP:
;__Lib_Math.mpas,1653 :: 		
0x0290	0x320B      	RRCF        R11, 1, 0
;__Lib_Math.mpas,1654 :: 		
0x0292	0x320A      	RRCF        R10, 1, 0
;__Lib_Math.mpas,1655 :: 		
0x0294	0x3209      	RRCF        R9, 1, 0
;__Lib_Math.mpas,1656 :: 		
0x0296	0x3208      	RRCF        R8, 1, 0
;__Lib_Math.mpas,1657 :: 		
0x0298	0x3203      	RRCF        R3, 1, 0
;__Lib_Math.mpas,1658 :: 		
0x029A	0x3202      	RRCF        R2, 1, 0
;__Lib_Math.mpas,1659 :: 		
0x029C	0x3201      	RRCF        R1, 1, 0
;__Lib_Math.mpas,1660 :: 		
0x029E	0x3200      	RRCF        R0, 1, 0
;__Lib_Math.mpas,1665 :: 		
0x02A0	0xA0D8      	BTFSS       STATUS, 0, 0
;__Lib_Math.mpas,1666 :: 		
0x02A2	0xD7F2      	BRA         _NEXT
;__Lib_Math.mpas,1667 :: 		
0x02A4	0x060C      	DECF        R12, 1, 0
;__Lib_Math.mpas,1668 :: 		
0x02A6	0xB4D8      	BTFSC       STATUS, 2, 0
;__Lib_Math.mpas,1669 :: 		
0x02A8	0xD009      	BRA         _EXIT1
;__Lib_Math.mpas,1676 :: 		
0x02AA	0x5004      	MOVF        R4, 0, 0
;__Lib_Math.mpas,1677 :: 		
0x02AC	0x2608      	ADDWF       R8, 1, 0
;__Lib_Math.mpas,1678 :: 		
0x02AE	0x5005      	MOVF        R5, 0, 0
;__Lib_Math.mpas,1681 :: 		
0x02B0	0x2209      	ADDWFC      R9, 1, 0
;__Lib_Math.mpas,1682 :: 		
0x02B2	0x5006      	MOVF        R6, 0, 0
;__Lib_Math.mpas,1685 :: 		
0x02B4	0x220A      	ADDWFC      R10, 1, 0
;__Lib_Math.mpas,1686 :: 		
0x02B6	0x5007      	MOVF        R7, 0, 0
;__Lib_Math.mpas,1689 :: 		
0x02B8	0x220B      	ADDWFC      R11, 1, 0
;__Lib_Math.mpas,1691 :: 		
0x02BA	0xD7EA      	BRA         _LOOP
;__Lib_Math.mpas,1693 :: 		
_EXIT1:
;__Lib_Math.mpas,1698 :: 		
0x02BC	0x5004      	MOVF        R4, 0, 0
;__Lib_Math.mpas,1699 :: 		
0x02BE	0x2608      	ADDWF       R8, 1, 0
;__Lib_Math.mpas,1700 :: 		
0x02C0	0x5005      	MOVF        R5, 0, 0
;__Lib_Math.mpas,1703 :: 		
0x02C2	0x2209      	ADDWFC      R9, 1, 0
;__Lib_Math.mpas,1704 :: 		
0x02C4	0x5006      	MOVF        R6, 0, 0
;__Lib_Math.mpas,1707 :: 		
0x02C6	0x220A      	ADDWFC      R10, 1, 0
;__Lib_Math.mpas,1708 :: 		
0x02C8	0x5007      	MOVF        R7, 0, 0
;__Lib_Math.mpas,1711 :: 		
0x02CA	0x220B      	ADDWFC      R11, 1, 0
;__Lib_Math.mpas,1714 :: 		
_EXIT2:
;__Lib_Math.mpas,1716 :: 		
L_end_Mul_32x32_U:
0x02CC	0x0012      	RETURN      0
; end of _Mul_32x32_U
_Delay_22us:
;__Lib_Delays.mbas,37 :: 		sub procedure Delay_22us()
;__Lib_Delays.mbas,38 :: 		Delay_us(22)
0x02CE	0x0E1D      	MOVLW       29
0x02D0	0x6E0D      	MOVWF       R13, 0
L__Delay_22us5:
0x02D2	0x2E0D      	DECFSZ      R13, 1, 0
0x02D4	0xD7FE      	BRA         L__Delay_22us5
;__Lib_Delays.mbas,39 :: 		end sub
L_end_Delay_22us:
0x02D6	0x0012      	RETURN      0
; end of _Delay_22us
_SDIV3232L:
;__Lib_Math.mpas,547 :: 		
;__Lib_Math.mpas,557 :: 		
0x02D8	0x5004      	MOVF        R4, 0, 0
;__Lib_Math.mpas,558 :: 		
0x02DA	0x5E08      	SUBWF       R8, 1, 0
;__Lib_Math.mpas,559 :: 		
0x02DC	0x5005      	MOVF        R5, 0, 0
;__Lib_Math.mpas,560 :: 		
0x02DE	0xA0D8      	BTFSS       STATUS, 0, 0
;__Lib_Math.mpas,561 :: 		
0x02E0	0x3C05      	INCFSZ      R5, 0, 0
;__Lib_Math.mpas,562 :: 		
0x02E2	0x5E09      	SUBWF       R9, 1, 0
;__Lib_Math.mpas,563 :: 		
0x02E4	0x5006      	MOVF        R6, 0, 0
;__Lib_Math.mpas,564 :: 		
0x02E6	0xA0D8      	BTFSS       STATUS, 0, 0
;__Lib_Math.mpas,565 :: 		
0x02E8	0x3C06      	INCFSZ      R6, 0, 0
;__Lib_Math.mpas,566 :: 		
0x02EA	0x5E0A      	SUBWF       R10, 1, 0
;__Lib_Math.mpas,567 :: 		
0x02EC	0x5007      	MOVF        R7, 0, 0
;__Lib_Math.mpas,568 :: 		
0x02EE	0xA0D8      	BTFSS       STATUS, 0, 0
;__Lib_Math.mpas,569 :: 		
0x02F0	0x3C07      	INCFSZ      R7, 0, 0
;__Lib_Math.mpas,570 :: 		
0x02F2	0x5E0B      	SUBWF       R11, 1, 0
;__Lib_Math.mpas,571 :: 		
0x02F4	0x3603      	RLCF        R3, 1, 0
;__Lib_Math.mpas,573 :: 		
0x02F6	0x0E07      	MOVLW       7
;__Lib_Math.mpas,574 :: 		
0x02F8	0x6E0C      	MOVWF       R12, 0
;__Lib_Math.mpas,576 :: 		
LOOPS3232A:
;__Lib_Math.mpas,577 :: 		
0x02FA	0x3403      	RLCF        R3, 0, 0
;__Lib_Math.mpas,578 :: 		
0x02FC	0x3608      	RLCF        R8, 1, 0
;__Lib_Math.mpas,579 :: 		
0x02FE	0x3609      	RLCF        R9, 1, 0
;__Lib_Math.mpas,580 :: 		
0x0300	0x360A      	RLCF        R10, 1, 0
;__Lib_Math.mpas,581 :: 		
0x0302	0x360B      	RLCF        R11, 1, 0
;__Lib_Math.mpas,582 :: 		
0x0304	0x5004      	MOVF        R4, 0, 0
;__Lib_Math.mpas,583 :: 		
0x0306	0xA003      	BTFSS       R3, 0, 0
;__Lib_Math.mpas,584 :: 		
0x0308	0xD00E      	BRA         SADD22LA
;__Lib_Math.mpas,586 :: 		
0x030A	0x5E08      	SUBWF       R8, 1, 0
;__Lib_Math.mpas,587 :: 		
0x030C	0x5005      	MOVF        R5, 0, 0
;__Lib_Math.mpas,588 :: 		
0x030E	0xA0D8      	BTFSS       STATUS, 0, 0
;__Lib_Math.mpas,589 :: 		
0x0310	0x3C05      	INCFSZ      R5, 0, 0
;__Lib_Math.mpas,590 :: 		
0x0312	0x5E09      	SUBWF       R9, 1, 0
;__Lib_Math.mpas,591 :: 		
0x0314	0x5006      	MOVF        R6, 0, 0
;__Lib_Math.mpas,592 :: 		
0x0316	0xA0D8      	BTFSS       STATUS, 0, 0
;__Lib_Math.mpas,593 :: 		
0x0318	0x3C06      	INCFSZ      R6, 0, 0
;__Lib_Math.mpas,594 :: 		
0x031A	0x5E0A      	SUBWF       R10, 1, 0
;__Lib_Math.mpas,595 :: 		
0x031C	0x5007      	MOVF        R7, 0, 0
;__Lib_Math.mpas,596 :: 		
0x031E	0xA0D8      	BTFSS       STATUS, 0, 0
;__Lib_Math.mpas,597 :: 		
0x0320	0x3C07      	INCFSZ      R7, 0, 0
;__Lib_Math.mpas,598 :: 		
0x0322	0x5E0B      	SUBWF       R11, 1, 0
;__Lib_Math.mpas,599 :: 		
0x0324	0xD00D      	BRA         SOK22LA
;__Lib_Math.mpas,601 :: 		
SADD22LA:
;__Lib_Math.mpas,602 :: 		
0x0326	0x2608      	ADDWF       R8, 1, 0
;__Lib_Math.mpas,603 :: 		
0x0328	0x5005      	MOVF        R5, 0, 0
;__Lib_Math.mpas,604 :: 		
0x032A	0xB0D8      	BTFSC       STATUS, 0, 0
;__Lib_Math.mpas,605 :: 		
0x032C	0x3C05      	INCFSZ      R5, 0, 0
;__Lib_Math.mpas,606 :: 		
0x032E	0x2609      	ADDWF       R9, 1, 0
;__Lib_Math.mpas,607 :: 		
0x0330	0x5006      	MOVF        R6, 0, 0
;__Lib_Math.mpas,608 :: 		
0x0332	0xB0D8      	BTFSC       STATUS, 0, 0
;__Lib_Math.mpas,609 :: 		
0x0334	0x3C06      	INCFSZ      R6, 0, 0
;__Lib_Math.mpas,610 :: 		
0x0336	0x260A      	ADDWF       R10, 1, 0
;__Lib_Math.mpas,611 :: 		
0x0338	0x5007      	MOVF        R7, 0, 0
;__Lib_Math.mpas,612 :: 		
0x033A	0xB0D8      	BTFSC       STATUS, 0, 0
;__Lib_Math.mpas,613 :: 		
0x033C	0x3C07      	INCFSZ      R7, 0, 0
;__Lib_Math.mpas,614 :: 		
0x033E	0x260B      	ADDWF       R11, 1, 0
;__Lib_Math.mpas,616 :: 		
SOK22LA:
;__Lib_Math.mpas,617 :: 		
0x0340	0x3603      	RLCF        R3, 1, 0
;__Lib_Math.mpas,619 :: 		
0x0342	0x2E0C      	DECFSZ      R12, 1, 0
;__Lib_Math.mpas,620 :: 		
0x0344	0xD7DA      	BRA         LOOPS3232A
;__Lib_Math.mpas,622 :: 		
0x0346	0x3402      	RLCF        R2, 0, 0
;__Lib_Math.mpas,623 :: 		
0x0348	0x3608      	RLCF        R8, 1, 0
;__Lib_Math.mpas,624 :: 		
0x034A	0x3609      	RLCF        R9, 1, 0
;__Lib_Math.mpas,625 :: 		
0x034C	0x360A      	RLCF        R10, 1, 0
;__Lib_Math.mpas,626 :: 		
0x034E	0x360B      	RLCF        R11, 1, 0
;__Lib_Math.mpas,627 :: 		
0x0350	0x5004      	MOVF        R4, 0, 0
;__Lib_Math.mpas,628 :: 		
0x0352	0xA003      	BTFSS       R3, 0, 0
;__Lib_Math.mpas,629 :: 		
0x0354	0xD00E      	BRA         SADD22L8
;__Lib_Math.mpas,631 :: 		
0x0356	0x5E08      	SUBWF       R8, 1, 0
;__Lib_Math.mpas,632 :: 		
0x0358	0x5005      	MOVF        R5, 0, 0
;__Lib_Math.mpas,633 :: 		
0x035A	0xA0D8      	BTFSS       STATUS, 0, 0
;__Lib_Math.mpas,634 :: 		
0x035C	0x3C05      	INCFSZ      R5, 0, 0
;__Lib_Math.mpas,635 :: 		
0x035E	0x5E09      	SUBWF       R9, 1, 0
;__Lib_Math.mpas,636 :: 		
0x0360	0x5006      	MOVF        R6, 0, 0
;__Lib_Math.mpas,637 :: 		
0x0362	0xA0D8      	BTFSS       STATUS, 0, 0
;__Lib_Math.mpas,638 :: 		
0x0364	0x3C06      	INCFSZ      R6, 0, 0
;__Lib_Math.mpas,639 :: 		
0x0366	0x5E0A      	SUBWF       R10, 1, 0
;__Lib_Math.mpas,640 :: 		
0x0368	0x5007      	MOVF        R7, 0, 0
;__Lib_Math.mpas,641 :: 		
0x036A	0xA0D8      	BTFSS       STATUS, 0, 0
;__Lib_Math.mpas,642 :: 		
0x036C	0x3C07      	INCFSZ      R7, 0, 0
;__Lib_Math.mpas,643 :: 		
0x036E	0x5E0B      	SUBWF       R11, 1, 0
;__Lib_Math.mpas,644 :: 		
0x0370	0xD00D      	BRA         SOK22L8
;__Lib_Math.mpas,646 :: 		
SADD22L8:
;__Lib_Math.mpas,647 :: 		
0x0372	0x2608      	ADDWF       R8, 1, 0
;__Lib_Math.mpas,648 :: 		
0x0374	0x5005      	MOVF        R5, 0, 0
;__Lib_Math.mpas,649 :: 		
0x0376	0xB0D8      	BTFSC       STATUS, 0, 0
;__Lib_Math.mpas,650 :: 		
0x0378	0x3C05      	INCFSZ      R5, 0, 0
;__Lib_Math.mpas,651 :: 		
0x037A	0x2609      	ADDWF       R9, 1, 0
;__Lib_Math.mpas,652 :: 		
0x037C	0x5006      	MOVF        R6, 0, 0
;__Lib_Math.mpas,653 :: 		
0x037E	0xB0D8      	BTFSC       STATUS, 0, 0
;__Lib_Math.mpas,654 :: 		
0x0380	0x3C06      	INCFSZ      R6, 0, 0
;__Lib_Math.mpas,655 :: 		
0x0382	0x260A      	ADDWF       R10, 1, 0
;__Lib_Math.mpas,656 :: 		
0x0384	0x5007      	MOVF        R7, 0, 0
;__Lib_Math.mpas,657 :: 		
0x0386	0xB0D8      	BTFSC       STATUS, 0, 0
;__Lib_Math.mpas,658 :: 		
0x0388	0x3C07      	INCFSZ      R7, 0, 0
;__Lib_Math.mpas,659 :: 		
0x038A	0x260B      	ADDWF       R11, 1, 0
;__Lib_Math.mpas,661 :: 		
SOK22L8:
;__Lib_Math.mpas,662 :: 		
0x038C	0x3602      	RLCF        R2, 1, 0
;__Lib_Math.mpas,664 :: 		
0x038E	0x0E07      	MOVLW       7
;__Lib_Math.mpas,665 :: 		
0x0390	0x6E0C      	MOVWF       R12, 0
;__Lib_Math.mpas,667 :: 		
LOOPS3232B:
;__Lib_Math.mpas,668 :: 		
0x0392	0x3402      	RLCF        R2, 0, 0
;__Lib_Math.mpas,669 :: 		
0x0394	0x3608      	RLCF        R8, 1, 0
;__Lib_Math.mpas,670 :: 		
0x0396	0x3609      	RLCF        R9, 1, 0
;__Lib_Math.mpas,671 :: 		
0x0398	0x360A      	RLCF        R10, 1, 0
;__Lib_Math.mpas,672 :: 		
0x039A	0x360B      	RLCF        R11, 1, 0
;__Lib_Math.mpas,673 :: 		
0x039C	0x5004      	MOVF        R4, 0, 0
;__Lib_Math.mpas,674 :: 		
0x039E	0xA002      	BTFSS       R2, 0, 0
;__Lib_Math.mpas,675 :: 		
0x03A0	0xD00E      	BRA         SADD22LB
;__Lib_Math.mpas,677 :: 		
0x03A2	0x5E08      	SUBWF       R8, 1, 0
;__Lib_Math.mpas,678 :: 		
0x03A4	0x5005      	MOVF        R5, 0, 0
;__Lib_Math.mpas,679 :: 		
0x03A6	0xA0D8      	BTFSS       STATUS, 0, 0
;__Lib_Math.mpas,680 :: 		
0x03A8	0x3C05      	INCFSZ      R5, 0, 0
;__Lib_Math.mpas,681 :: 		
0x03AA	0x5E09      	SUBWF       R9, 1, 0
;__Lib_Math.mpas,682 :: 		
0x03AC	0x5006      	MOVF        R6, 0, 0
;__Lib_Math.mpas,683 :: 		
0x03AE	0xA0D8      	BTFSS       STATUS, 0, 0
;__Lib_Math.mpas,684 :: 		
0x03B0	0x3C06      	INCFSZ      R6, 0, 0
;__Lib_Math.mpas,685 :: 		
0x03B2	0x5E0A      	SUBWF       R10, 1, 0
;__Lib_Math.mpas,686 :: 		
0x03B4	0x5007      	MOVF        R7, 0, 0
;__Lib_Math.mpas,687 :: 		
0x03B6	0xA0D8      	BTFSS       STATUS, 0, 0
;__Lib_Math.mpas,688 :: 		
0x03B8	0x3C07      	INCFSZ      R7, 0, 0
;__Lib_Math.mpas,689 :: 		
0x03BA	0x5E0B      	SUBWF       R11, 1, 0
;__Lib_Math.mpas,690 :: 		
0x03BC	0xD00D      	BRA         SOK22LB
;__Lib_Math.mpas,692 :: 		
SADD22LB:
;__Lib_Math.mpas,693 :: 		
0x03BE	0x2608      	ADDWF       R8, 1, 0
;__Lib_Math.mpas,694 :: 		
0x03C0	0x5005      	MOVF        R5, 0, 0
;__Lib_Math.mpas,695 :: 		
0x03C2	0xB0D8      	BTFSC       STATUS, 0, 0
;__Lib_Math.mpas,696 :: 		
0x03C4	0x3C05      	INCFSZ      R5, 0, 0
;__Lib_Math.mpas,697 :: 		
0x03C6	0x2609      	ADDWF       R9, 1, 0
;__Lib_Math.mpas,698 :: 		
0x03C8	0x5006      	MOVF        R6, 0, 0
;__Lib_Math.mpas,699 :: 		
0x03CA	0xB0D8      	BTFSC       STATUS, 0, 0
;__Lib_Math.mpas,700 :: 		
0x03CC	0x3C06      	INCFSZ      R6, 0, 0
;__Lib_Math.mpas,701 :: 		
0x03CE	0x260A      	ADDWF       R10, 1, 0
;__Lib_Math.mpas,702 :: 		
0x03D0	0x5007      	MOVF        R7, 0, 0
;__Lib_Math.mpas,703 :: 		
0x03D2	0xB0D8      	BTFSC       STATUS, 0, 0
;__Lib_Math.mpas,704 :: 		
0x03D4	0x3C07      	INCFSZ      R7, 0, 0
;__Lib_Math.mpas,705 :: 		
0x03D6	0x260B      	ADDWF       R11, 1, 0
;__Lib_Math.mpas,707 :: 		
SOK22LB:
;__Lib_Math.mpas,708 :: 		
0x03D8	0x3602      	RLCF        R2, 1, 0
;__Lib_Math.mpas,710 :: 		
0x03DA	0x2E0C      	DECFSZ      R12, 1, 0
;__Lib_Math.mpas,711 :: 		
0x03DC	0xD7DA      	BRA         LOOPS3232B
;__Lib_Math.mpas,713 :: 		
0x03DE	0x3401      	RLCF        R1, 0, 0
;__Lib_Math.mpas,714 :: 		
0x03E0	0x3608      	RLCF        R8, 1, 0
;__Lib_Math.mpas,715 :: 		
0x03E2	0x3609      	RLCF        R9, 1, 0
;__Lib_Math.mpas,716 :: 		
0x03E4	0x360A      	RLCF        R10, 1, 0
;__Lib_Math.mpas,717 :: 		
0x03E6	0x360B      	RLCF        R11, 1, 0
;__Lib_Math.mpas,718 :: 		
0x03E8	0x5004      	MOVF        R4, 0, 0
;__Lib_Math.mpas,719 :: 		
0x03EA	0xA002      	BTFSS       R2, 0, 0
;__Lib_Math.mpas,720 :: 		
0x03EC	0xD00E      	BRA         SADD22L16
;__Lib_Math.mpas,722 :: 		
0x03EE	0x5E08      	SUBWF       R8, 1, 0
;__Lib_Math.mpas,723 :: 		
0x03F0	0x5005      	MOVF        R5, 0, 0
;__Lib_Math.mpas,724 :: 		
0x03F2	0xA0D8      	BTFSS       STATUS, 0, 0
;__Lib_Math.mpas,725 :: 		
0x03F4	0x3C05      	INCFSZ      R5, 0, 0
;__Lib_Math.mpas,726 :: 		
0x03F6	0x5E09      	SUBWF       R9, 1, 0
;__Lib_Math.mpas,727 :: 		
0x03F8	0x5006      	MOVF        R6, 0, 0
;__Lib_Math.mpas,728 :: 		
0x03FA	0xA0D8      	BTFSS       STATUS, 0, 0
;__Lib_Math.mpas,729 :: 		
0x03FC	0x3C06      	INCFSZ      R6, 0, 0
;__Lib_Math.mpas,730 :: 		
0x03FE	0x5E0A      	SUBWF       R10, 1, 0
;__Lib_Math.mpas,731 :: 		
0x0400	0x5007      	MOVF        R7, 0, 0
;__Lib_Math.mpas,732 :: 		
0x0402	0xA0D8      	BTFSS       STATUS, 0, 0
;__Lib_Math.mpas,733 :: 		
0x0404	0x3C07      	INCFSZ      R7, 0, 0
;__Lib_Math.mpas,734 :: 		
0x0406	0x5E0B      	SUBWF       R11, 1, 0
;__Lib_Math.mpas,735 :: 		
0x0408	0xD00D      	BRA         SOK22L16
;__Lib_Math.mpas,737 :: 		
SADD22L16:
;__Lib_Math.mpas,738 :: 		
0x040A	0x2608      	ADDWF       R8, 1, 0
;__Lib_Math.mpas,739 :: 		
0x040C	0x5005      	MOVF        R5, 0, 0
;__Lib_Math.mpas,740 :: 		
0x040E	0xB0D8      	BTFSC       STATUS, 0, 0
;__Lib_Math.mpas,741 :: 		
0x0410	0x3C05      	INCFSZ      R5, 0, 0
;__Lib_Math.mpas,742 :: 		
0x0412	0x2609      	ADDWF       R9, 1, 0
;__Lib_Math.mpas,743 :: 		
0x0414	0x5006      	MOVF        R6, 0, 0
;__Lib_Math.mpas,744 :: 		
0x0416	0xB0D8      	BTFSC       STATUS, 0, 0
;__Lib_Math.mpas,745 :: 		
0x0418	0x3C06      	INCFSZ      R6, 0, 0
;__Lib_Math.mpas,746 :: 		
0x041A	0x260A      	ADDWF       R10, 1, 0
;__Lib_Math.mpas,747 :: 		
0x041C	0x5007      	MOVF        R7, 0, 0
;__Lib_Math.mpas,748 :: 		
0x041E	0xB0D8      	BTFSC       STATUS, 0, 0
;__Lib_Math.mpas,749 :: 		
0x0420	0x3C07      	INCFSZ      R7, 0, 0
;__Lib_Math.mpas,750 :: 		
0x0422	0x260B      	ADDWF       R11, 1, 0
;__Lib_Math.mpas,752 :: 		
SOK22L16:
;__Lib_Math.mpas,753 :: 		
0x0424	0x3601      	RLCF        R1, 1, 0
;__Lib_Math.mpas,755 :: 		
0x0426	0x0E07      	MOVLW       7
;__Lib_Math.mpas,756 :: 		
0x0428	0x6E0C      	MOVWF       R12, 0
;__Lib_Math.mpas,758 :: 		
LOOPS3232C:
;__Lib_Math.mpas,759 :: 		
0x042A	0x3401      	RLCF        R1, 0, 0
;__Lib_Math.mpas,760 :: 		
0x042C	0x3608      	RLCF        R8, 1, 0
;__Lib_Math.mpas,761 :: 		
0x042E	0x3609      	RLCF        R9, 1, 0
;__Lib_Math.mpas,762 :: 		
0x0430	0x360A      	RLCF        R10, 1, 0
;__Lib_Math.mpas,763 :: 		
0x0432	0x360B      	RLCF        R11, 1, 0
;__Lib_Math.mpas,764 :: 		
0x0434	0x5004      	MOVF        R4, 0, 0
;__Lib_Math.mpas,765 :: 		
0x0436	0xA001      	BTFSS       R1, 0, 0
;__Lib_Math.mpas,766 :: 		
0x0438	0xD00E      	BRA         SADD22LC
;__Lib_Math.mpas,768 :: 		
0x043A	0x5E08      	SUBWF       R8, 1, 0
;__Lib_Math.mpas,769 :: 		
0x043C	0x5005      	MOVF        R5, 0, 0
;__Lib_Math.mpas,770 :: 		
0x043E	0xA0D8      	BTFSS       STATUS, 0, 0
;__Lib_Math.mpas,771 :: 		
0x0440	0x3C05      	INCFSZ      R5, 0, 0
;__Lib_Math.mpas,772 :: 		
0x0442	0x5E09      	SUBWF       R9, 1, 0
;__Lib_Math.mpas,773 :: 		
0x0444	0x5006      	MOVF        R6, 0, 0
;__Lib_Math.mpas,774 :: 		
0x0446	0xA0D8      	BTFSS       STATUS, 0, 0
;__Lib_Math.mpas,775 :: 		
0x0448	0x3C06      	INCFSZ      R6, 0, 0
;__Lib_Math.mpas,776 :: 		
0x044A	0x5E0A      	SUBWF       R10, 1, 0
;__Lib_Math.mpas,777 :: 		
0x044C	0x5007      	MOVF        R7, 0, 0
;__Lib_Math.mpas,778 :: 		
0x044E	0xA0D8      	BTFSS       STATUS, 0, 0
;__Lib_Math.mpas,779 :: 		
0x0450	0x3C07      	INCFSZ      R7, 0, 0
;__Lib_Math.mpas,780 :: 		
0x0452	0x5E0B      	SUBWF       R11, 1, 0
;__Lib_Math.mpas,781 :: 		
0x0454	0xD00D      	BRA         SOK22LC
;__Lib_Math.mpas,783 :: 		
SADD22LC:
;__Lib_Math.mpas,784 :: 		
0x0456	0x2608      	ADDWF       R8, 1, 0
;__Lib_Math.mpas,785 :: 		
0x0458	0x5005      	MOVF        R5, 0, 0
;__Lib_Math.mpas,786 :: 		
0x045A	0xB0D8      	BTFSC       STATUS, 0, 0
;__Lib_Math.mpas,787 :: 		
0x045C	0x3C05      	INCFSZ      R5, 0, 0
;__Lib_Math.mpas,788 :: 		
0x045E	0x2609      	ADDWF       R9, 1, 0
;__Lib_Math.mpas,789 :: 		
0x0460	0x5006      	MOVF        R6, 0, 0
;__Lib_Math.mpas,790 :: 		
0x0462	0xB0D8      	BTFSC       STATUS, 0, 0
;__Lib_Math.mpas,791 :: 		
0x0464	0x3C06      	INCFSZ      R6, 0, 0
;__Lib_Math.mpas,792 :: 		
0x0466	0x260A      	ADDWF       R10, 1, 0
;__Lib_Math.mpas,793 :: 		
0x0468	0x5007      	MOVF        R7, 0, 0
;__Lib_Math.mpas,794 :: 		
0x046A	0xB0D8      	BTFSC       STATUS, 0, 0
;__Lib_Math.mpas,795 :: 		
0x046C	0x3C07      	INCFSZ      R7, 0, 0
;__Lib_Math.mpas,796 :: 		
0x046E	0x260B      	ADDWF       R11, 1, 0
;__Lib_Math.mpas,798 :: 		
SOK22LC:
;__Lib_Math.mpas,799 :: 		
0x0470	0x3601      	RLCF        R1, 1, 0
;__Lib_Math.mpas,801 :: 		
0x0472	0x2E0C      	DECFSZ      R12, 1, 0
;__Lib_Math.mpas,802 :: 		
0x0474	0xD7DA      	BRA         LOOPS3232C
;__Lib_Math.mpas,804 :: 		
0x0476	0x3400      	RLCF        R0, 0, 0
;__Lib_Math.mpas,805 :: 		
0x0478	0x3608      	RLCF        R8, 1, 0
;__Lib_Math.mpas,806 :: 		
0x047A	0x3609      	RLCF        R9, 1, 0
;__Lib_Math.mpas,807 :: 		
0x047C	0x360A      	RLCF        R10, 1, 0
;__Lib_Math.mpas,808 :: 		
0x047E	0x360B      	RLCF        R11, 1, 0
;__Lib_Math.mpas,809 :: 		
0x0480	0x5004      	MOVF        R4, 0, 0
;__Lib_Math.mpas,810 :: 		
0x0482	0xA001      	BTFSS       R1, 0, 0
;__Lib_Math.mpas,811 :: 		
0x0484	0xD00E      	BRA         SADD22L24
;__Lib_Math.mpas,813 :: 		
0x0486	0x5E08      	SUBWF       R8, 1, 0
;__Lib_Math.mpas,814 :: 		
0x0488	0x5005      	MOVF        R5, 0, 0
;__Lib_Math.mpas,815 :: 		
0x048A	0xA0D8      	BTFSS       STATUS, 0, 0
;__Lib_Math.mpas,816 :: 		
0x048C	0x3C05      	INCFSZ      R5, 0, 0
;__Lib_Math.mpas,817 :: 		
0x048E	0x5E09      	SUBWF       R9, 1, 0
;__Lib_Math.mpas,818 :: 		
0x0490	0x5006      	MOVF        R6, 0, 0
;__Lib_Math.mpas,819 :: 		
0x0492	0xA0D8      	BTFSS       STATUS, 0, 0
;__Lib_Math.mpas,820 :: 		
0x0494	0x3C06      	INCFSZ      R6, 0, 0
;__Lib_Math.mpas,821 :: 		
0x0496	0x5E0A      	SUBWF       R10, 1, 0
;__Lib_Math.mpas,822 :: 		
0x0498	0x5007      	MOVF        R7, 0, 0
;__Lib_Math.mpas,823 :: 		
0x049A	0xA0D8      	BTFSS       STATUS, 0, 0
;__Lib_Math.mpas,824 :: 		
0x049C	0x3C07      	INCFSZ      R7, 0, 0
;__Lib_Math.mpas,825 :: 		
0x049E	0x5E0B      	SUBWF       R11, 1, 0
;__Lib_Math.mpas,826 :: 		
0x04A0	0xD00D      	BRA         SOK22L24
;__Lib_Math.mpas,828 :: 		
SADD22L24:
;__Lib_Math.mpas,829 :: 		
0x04A2	0x2608      	ADDWF       R8, 1, 0
;__Lib_Math.mpas,830 :: 		
0x04A4	0x5005      	MOVF        R5, 0, 0
;__Lib_Math.mpas,831 :: 		
0x04A6	0xB0D8      	BTFSC       STATUS, 0, 0
;__Lib_Math.mpas,832 :: 		
0x04A8	0x3C05      	INCFSZ      R5, 0, 0
;__Lib_Math.mpas,833 :: 		
0x04AA	0x2609      	ADDWF       R9, 1, 0
;__Lib_Math.mpas,834 :: 		
0x04AC	0x5006      	MOVF        R6, 0, 0
;__Lib_Math.mpas,835 :: 		
0x04AE	0xB0D8      	BTFSC       STATUS, 0, 0
;__Lib_Math.mpas,836 :: 		
0x04B0	0x3C06      	INCFSZ      R6, 0, 0
;__Lib_Math.mpas,837 :: 		
0x04B2	0x260A      	ADDWF       R10, 1, 0
;__Lib_Math.mpas,838 :: 		
0x04B4	0x5007      	MOVF        R7, 0, 0
;__Lib_Math.mpas,839 :: 		
0x04B6	0xB0D8      	BTFSC       STATUS, 0, 0
;__Lib_Math.mpas,840 :: 		
0x04B8	0x3C07      	INCFSZ      R7, 0, 0
;__Lib_Math.mpas,841 :: 		
0x04BA	0x260B      	ADDWF       R11, 1, 0
;__Lib_Math.mpas,843 :: 		
SOK22L24:
;__Lib_Math.mpas,844 :: 		
0x04BC	0x3600      	RLCF        R0, 1, 0
;__Lib_Math.mpas,846 :: 		
0x04BE	0x0E07      	MOVLW       7
;__Lib_Math.mpas,847 :: 		
0x04C0	0x6E0C      	MOVWF       R12, 0
;__Lib_Math.mpas,849 :: 		
LOOPS3232D:
;__Lib_Math.mpas,850 :: 		
0x04C2	0x3400      	RLCF        R0, 0, 0
;__Lib_Math.mpas,851 :: 		
0x04C4	0x3608      	RLCF        R8, 1, 0
;__Lib_Math.mpas,852 :: 		
0x04C6	0x3609      	RLCF        R9, 1, 0
;__Lib_Math.mpas,853 :: 		
0x04C8	0x360A      	RLCF        R10, 1, 0
;__Lib_Math.mpas,854 :: 		
0x04CA	0x360B      	RLCF        R11, 1, 0
;__Lib_Math.mpas,855 :: 		
0x04CC	0x5004      	MOVF        R4, 0, 0
;__Lib_Math.mpas,856 :: 		
0x04CE	0xA000      	BTFSS       R0, 0, 0
;__Lib_Math.mpas,857 :: 		
0x04D0	0xD00E      	BRA         SADD22LD
;__Lib_Math.mpas,859 :: 		
0x04D2	0x5E08      	SUBWF       R8, 1, 0
;__Lib_Math.mpas,860 :: 		
0x04D4	0x5005      	MOVF        R5, 0, 0
;__Lib_Math.mpas,861 :: 		
0x04D6	0xA0D8      	BTFSS       STATUS, 0, 0
;__Lib_Math.mpas,862 :: 		
0x04D8	0x3C05      	INCFSZ      R5, 0, 0
;__Lib_Math.mpas,863 :: 		
0x04DA	0x5E09      	SUBWF       R9, 1, 0
;__Lib_Math.mpas,864 :: 		
0x04DC	0x5006      	MOVF        R6, 0, 0
;__Lib_Math.mpas,865 :: 		
0x04DE	0xA0D8      	BTFSS       STATUS, 0, 0
;__Lib_Math.mpas,866 :: 		
0x04E0	0x3C06      	INCFSZ      R6, 0, 0
;__Lib_Math.mpas,867 :: 		
0x04E2	0x5E0A      	SUBWF       R10, 1, 0
;__Lib_Math.mpas,868 :: 		
0x04E4	0x5007      	MOVF        R7, 0, 0
;__Lib_Math.mpas,869 :: 		
0x04E6	0xA0D8      	BTFSS       STATUS, 0, 0
;__Lib_Math.mpas,870 :: 		
0x04E8	0x3C07      	INCFSZ      R7, 0, 0
;__Lib_Math.mpas,871 :: 		
0x04EA	0x5E0B      	SUBWF       R11, 1, 0
;__Lib_Math.mpas,872 :: 		
0x04EC	0xD00D      	BRA         SOK22LD
;__Lib_Math.mpas,874 :: 		
SADD22LD:
;__Lib_Math.mpas,875 :: 		
0x04EE	0x2608      	ADDWF       R8, 1, 0
;__Lib_Math.mpas,876 :: 		
0x04F0	0x5005      	MOVF        R5, 0, 0
;__Lib_Math.mpas,877 :: 		
0x04F2	0xB0D8      	BTFSC       STATUS, 0, 0
;__Lib_Math.mpas,878 :: 		
0x04F4	0x3C05      	INCFSZ      R5, 0, 0
;__Lib_Math.mpas,879 :: 		
0x04F6	0x2609      	ADDWF       R9, 1, 0
;__Lib_Math.mpas,880 :: 		
0x04F8	0x5006      	MOVF        R6, 0, 0
;__Lib_Math.mpas,881 :: 		
0x04FA	0xB0D8      	BTFSC       STATUS, 0, 0
;__Lib_Math.mpas,882 :: 		
0x04FC	0x3C06      	INCFSZ      R6, 0, 0
;__Lib_Math.mpas,883 :: 		
0x04FE	0x260A      	ADDWF       R10, 1, 0
;__Lib_Math.mpas,884 :: 		
0x0500	0x5007      	MOVF        R7, 0, 0
;__Lib_Math.mpas,885 :: 		
0x0502	0xB0D8      	BTFSC       STATUS, 0, 0
;__Lib_Math.mpas,887 :: 		
0x0504	0x3C07      	INCFSZ      R7, 0, 0
;__Lib_Math.mpas,888 :: 		
0x0506	0x260B      	ADDWF       R11, 1, 0
;__Lib_Math.mpas,890 :: 		
SOK22LD:
;__Lib_Math.mpas,891 :: 		
0x0508	0x3600      	RLCF        R0, 1, 0
;__Lib_Math.mpas,893 :: 		
0x050A	0x2E0C      	DECFSZ      R12, 1, 0
;__Lib_Math.mpas,894 :: 		
0x050C	0xD7DA      	BRA         LOOPS3232D
;__Lib_Math.mpas,896 :: 		
0x050E	0xB000      	BTFSC       R0, 0, 0
;__Lib_Math.mpas,897 :: 		
0x0510	0xD00E      	BRA         SOK22L
;__Lib_Math.mpas,898 :: 		
0x0512	0x5004      	MOVF        R4, 0, 0
;__Lib_Math.mpas,899 :: 		
0x0514	0x2608      	ADDWF       R8, 1, 0
;__Lib_Math.mpas,900 :: 		
0x0516	0x5005      	MOVF        R5, 0, 0
;__Lib_Math.mpas,901 :: 		
0x0518	0xB0D8      	BTFSC       STATUS, 0, 0
;__Lib_Math.mpas,902 :: 		
0x051A	0x3C05      	INCFSZ      R5, 0, 0
;__Lib_Math.mpas,903 :: 		
0x051C	0x2609      	ADDWF       R9, 1, 0
;__Lib_Math.mpas,904 :: 		
0x051E	0x5006      	MOVF        R6, 0, 0
;__Lib_Math.mpas,905 :: 		
0x0520	0xB0D8      	BTFSC       STATUS, 0, 0
;__Lib_Math.mpas,906 :: 		
0x0522	0x3C06      	INCFSZ      R6, 0, 0
;__Lib_Math.mpas,907 :: 		
0x0524	0x260A      	ADDWF       R10, 1, 0
;__Lib_Math.mpas,908 :: 		
0x0526	0x5007      	MOVF        R7, 0, 0
;__Lib_Math.mpas,909 :: 		
0x0528	0xB0D8      	BTFSC       STATUS, 0, 0
;__Lib_Math.mpas,910 :: 		
0x052A	0x3C07      	INCFSZ      R7, 0, 0
;__Lib_Math.mpas,911 :: 		
0x052C	0x260B      	ADDWF       R11, 1, 0
;__Lib_Math.mpas,912 :: 		
SOK22L:
;__Lib_Math.mpas,914 :: 		
L_end_SDIV3232L:
0x052E	0x0012      	RETURN      0
; end of _SDIV3232L
_Div_32x32_U:
;__Lib_Math.mpas,1159 :: 		
;__Lib_Math.mpas,1170 :: 		
0x0530	0x6A0B      	CLRF        R11, 0
;__Lib_Math.mpas,1171 :: 		
0x0532	0x6A0A      	CLRF        R10, 0
;__Lib_Math.mpas,1172 :: 		
0x0534	0x6A09      	CLRF        R9, 0
;__Lib_Math.mpas,1173 :: 		
0x0536	0x6A08      	CLRF        R8, 0
;__Lib_Math.mpas,1175 :: 		
0x0538	0x6A0E      	CLRF        R14, 0
;__Lib_Math.mpas,1177 :: 		
0x053A	0x3403      	RLCF        R3, 0, 0
;__Lib_Math.mpas,1178 :: 		
0x053C	0x3608      	RLCF        R8, 1, 0
;__Lib_Math.mpas,1179 :: 		
0x053E	0x5004      	MOVF        R4, 0, 0
;__Lib_Math.mpas,1180 :: 		
0x0540	0x5E08      	SUBWF       R8, 1, 0
;__Lib_Math.mpas,1181 :: 		
0x0542	0x5005      	MOVF        R5, 0, 0
;__Lib_Math.mpas,1182 :: 		
0x0544	0xA0D8      	BTFSS       STATUS, 0, 0
;__Lib_Math.mpas,1183 :: 		
0x0546	0x3C05      	INCFSZ      R5, 0, 0
;__Lib_Math.mpas,1184 :: 		
0x0548	0x5E09      	SUBWF       R9, 1, 0
;__Lib_Math.mpas,1185 :: 		
0x054A	0x5006      	MOVF        R6, 0, 0
;__Lib_Math.mpas,1186 :: 		
0x054C	0xA0D8      	BTFSS       STATUS, 0, 0
;__Lib_Math.mpas,1187 :: 		
0x054E	0x3C06      	INCFSZ      R6, 0, 0
;__Lib_Math.mpas,1188 :: 		
0x0550	0x5E0A      	SUBWF       R10, 1, 0
;__Lib_Math.mpas,1189 :: 		
0x0552	0x5007      	MOVF        R7, 0, 0
;__Lib_Math.mpas,1190 :: 		
0x0554	0xA0D8      	BTFSS       STATUS, 0, 0
;__Lib_Math.mpas,1191 :: 		
0x0556	0x3C07      	INCFSZ      R7, 0, 0
;__Lib_Math.mpas,1192 :: 		
0x0558	0x5E0B      	SUBWF       R11, 1, 0
;__Lib_Math.mpas,1194 :: 		
0x055A	0x6AE8      	CLRF        WREG, 0
;__Lib_Math.mpas,1195 :: 		
0x055C	0xA0D8      	BTFSS       STATUS, 0, 0
;__Lib_Math.mpas,1196 :: 		
0x055E	0x0E01      	MOVLW       1
;__Lib_Math.mpas,1197 :: 		
0x0560	0x5E0E      	SUBWF       R14, 1, 0
;__Lib_Math.mpas,1198 :: 		
0x0562	0x3603      	RLCF        R3, 1, 0
;__Lib_Math.mpas,1200 :: 		
0x0564	0x0E07      	MOVLW       7
;__Lib_Math.mpas,1201 :: 		
0x0566	0x6E0C      	MOVWF       R12, 0
;__Lib_Math.mpas,1203 :: 		
LOOPU3232A:
;__Lib_Math.mpas,1204 :: 		
0x0568	0x3403      	RLCF        R3, 0, 0
;__Lib_Math.mpas,1205 :: 		
0x056A	0x3608      	RLCF        R8, 1, 0
;__Lib_Math.mpas,1206 :: 		
0x056C	0x3609      	RLCF        R9, 1, 0
;__Lib_Math.mpas,1207 :: 		
0x056E	0x360A      	RLCF        R10, 1, 0
;__Lib_Math.mpas,1208 :: 		
0x0570	0x360B      	RLCF        R11, 1, 0
;__Lib_Math.mpas,1209 :: 		
0x0572	0x360E      	RLCF        R14, 1, 0
;__Lib_Math.mpas,1210 :: 		
0x0574	0x5004      	MOVF        R4, 0, 0
;__Lib_Math.mpas,1211 :: 		
0x0576	0xA003      	BTFSS       R3, 0, 0
;__Lib_Math.mpas,1212 :: 		
0x0578	0xD012      	BRA         UADD22LA
;__Lib_Math.mpas,1214 :: 		
0x057A	0x5E08      	SUBWF       R8, 1, 0
;__Lib_Math.mpas,1215 :: 		
0x057C	0x5005      	MOVF        R5, 0, 0
;__Lib_Math.mpas,1216 :: 		
0x057E	0xA0D8      	BTFSS       STATUS, 0, 0
;__Lib_Math.mpas,1217 :: 		
0x0580	0x3C05      	INCFSZ      R5, 0, 0
;__Lib_Math.mpas,1218 :: 		
0x0582	0x5E09      	SUBWF       R9, 1, 0
;__Lib_Math.mpas,1219 :: 		
0x0584	0x5006      	MOVF        R6, 0, 0
;__Lib_Math.mpas,1220 :: 		
0x0586	0xA0D8      	BTFSS       STATUS, 0, 0
;__Lib_Math.mpas,1221 :: 		
0x0588	0x3C06      	INCFSZ      R6, 0, 0
;__Lib_Math.mpas,1222 :: 		
0x058A	0x5E0A      	SUBWF       R10, 1, 0
;__Lib_Math.mpas,1223 :: 		
0x058C	0x5007      	MOVF        R7, 0, 0
;__Lib_Math.mpas,1224 :: 		
0x058E	0xA0D8      	BTFSS       STATUS, 0, 0
;__Lib_Math.mpas,1225 :: 		
0x0590	0x3C07      	INCFSZ      R7, 0, 0
;__Lib_Math.mpas,1226 :: 		
0x0592	0x5E0B      	SUBWF       R11, 1, 0
;__Lib_Math.mpas,1227 :: 		
0x0594	0x6AE8      	CLRF        WREG, 0
;__Lib_Math.mpas,1228 :: 		
0x0596	0xA0D8      	BTFSS       STATUS, 0, 0
;__Lib_Math.mpas,1229 :: 		
0x0598	0x0E01      	MOVLW       1
;__Lib_Math.mpas,1230 :: 		
0x059A	0x5E0E      	SUBWF       R14, 1, 0
;__Lib_Math.mpas,1231 :: 		
0x059C	0xD011      	BRA         UOK22LA
;__Lib_Math.mpas,1233 :: 		
UADD22LA:
;__Lib_Math.mpas,1234 :: 		
0x059E	0x2608      	ADDWF       R8, 1, 0
;__Lib_Math.mpas,1235 :: 		
0x05A0	0x5005      	MOVF        R5, 0, 0
;__Lib_Math.mpas,1236 :: 		
0x05A2	0xB0D8      	BTFSC       STATUS, 0, 0
;__Lib_Math.mpas,1237 :: 		
0x05A4	0x3C05      	INCFSZ      R5, 0, 0
;__Lib_Math.mpas,1238 :: 		
0x05A6	0x2609      	ADDWF       R9, 1, 0
;__Lib_Math.mpas,1239 :: 		
0x05A8	0x5006      	MOVF        R6, 0, 0
;__Lib_Math.mpas,1240 :: 		
0x05AA	0xB0D8      	BTFSC       STATUS, 0, 0
;__Lib_Math.mpas,1241 :: 		
0x05AC	0x3C06      	INCFSZ      R6, 0, 0
;__Lib_Math.mpas,1242 :: 		
0x05AE	0x260A      	ADDWF       R10, 1, 0
;__Lib_Math.mpas,1243 :: 		
0x05B0	0x5007      	MOVF        R7, 0, 0
;__Lib_Math.mpas,1244 :: 		
0x05B2	0xB0D8      	BTFSC       STATUS, 0, 0
;__Lib_Math.mpas,1245 :: 		
0x05B4	0x3C07      	INCFSZ      R7, 0, 0
;__Lib_Math.mpas,1246 :: 		
0x05B6	0x260B      	ADDWF       R11, 1, 0
;__Lib_Math.mpas,1247 :: 		
0x05B8	0x6AE8      	CLRF        WREG, 0
;__Lib_Math.mpas,1248 :: 		
0x05BA	0xB0D8      	BTFSC       STATUS, 0, 0
;__Lib_Math.mpas,1249 :: 		
0x05BC	0x0E01      	MOVLW       1
;__Lib_Math.mpas,1250 :: 		
0x05BE	0x260E      	ADDWF       R14, 1, 0
;__Lib_Math.mpas,1252 :: 		
UOK22LA:
;__Lib_Math.mpas,1253 :: 		
0x05C0	0x3603      	RLCF        R3, 1, 0
;__Lib_Math.mpas,1255 :: 		
0x05C2	0x2E0C      	DECFSZ      R12, 1, 0
;__Lib_Math.mpas,1256 :: 		
0x05C4	0xD7D1      	BRA         LOOPU3232A
;__Lib_Math.mpas,1258 :: 		
0x05C6	0x3402      	RLCF        R2, 0, 0
;__Lib_Math.mpas,1259 :: 		
0x05C8	0x3608      	RLCF        R8, 1, 0
;__Lib_Math.mpas,1260 :: 		
0x05CA	0x3609      	RLCF        R9, 1, 0
;__Lib_Math.mpas,1261 :: 		
0x05CC	0x360A      	RLCF        R10, 1, 0
;__Lib_Math.mpas,1262 :: 		
0x05CE	0x360B      	RLCF        R11, 1, 0
;__Lib_Math.mpas,1263 :: 		
0x05D0	0x360E      	RLCF        R14, 1, 0
;__Lib_Math.mpas,1264 :: 		
0x05D2	0x5004      	MOVF        R4, 0, 0
;__Lib_Math.mpas,1265 :: 		
0x05D4	0xA003      	BTFSS       R3, 0, 0
;__Lib_Math.mpas,1266 :: 		
0x05D6	0xD012      	BRA         UADD22L8
;__Lib_Math.mpas,1268 :: 		
0x05D8	0x5E08      	SUBWF       R8, 1, 0
;__Lib_Math.mpas,1269 :: 		
0x05DA	0x5005      	MOVF        R5, 0, 0
;__Lib_Math.mpas,1270 :: 		
0x05DC	0xA0D8      	BTFSS       STATUS, 0, 0
;__Lib_Math.mpas,1271 :: 		
0x05DE	0x3C05      	INCFSZ      R5, 0, 0
;__Lib_Math.mpas,1272 :: 		
0x05E0	0x5E09      	SUBWF       R9, 1, 0
;__Lib_Math.mpas,1273 :: 		
0x05E2	0x5006      	MOVF        R6, 0, 0
;__Lib_Math.mpas,1274 :: 		
0x05E4	0xA0D8      	BTFSS       STATUS, 0, 0
;__Lib_Math.mpas,1275 :: 		
0x05E6	0x3C06      	INCFSZ      R6, 0, 0
;__Lib_Math.mpas,1276 :: 		
0x05E8	0x5E0A      	SUBWF       R10, 1, 0
;__Lib_Math.mpas,1277 :: 		
0x05EA	0x5007      	MOVF        R7, 0, 0
;__Lib_Math.mpas,1278 :: 		
0x05EC	0xA0D8      	BTFSS       STATUS, 0, 0
;__Lib_Math.mpas,1279 :: 		
0x05EE	0x3C07      	INCFSZ      R7, 0, 0
;__Lib_Math.mpas,1280 :: 		
0x05F0	0x5E0B      	SUBWF       R11, 1, 0
;__Lib_Math.mpas,1281 :: 		
0x05F2	0x6AE8      	CLRF        WREG, 0
;__Lib_Math.mpas,1282 :: 		
0x05F4	0xA0D8      	BTFSS       STATUS, 0, 0
;__Lib_Math.mpas,1283 :: 		
0x05F6	0x0E01      	MOVLW       1
;__Lib_Math.mpas,1284 :: 		
0x05F8	0x5E0E      	SUBWF       R14, 1, 0
;__Lib_Math.mpas,1285 :: 		
0x05FA	0xD011      	BRA         UOK22L8
;__Lib_Math.mpas,1287 :: 		
UADD22L8:
;__Lib_Math.mpas,1288 :: 		
0x05FC	0x2608      	ADDWF       R8, 1, 0
;__Lib_Math.mpas,1289 :: 		
0x05FE	0x5005      	MOVF        R5, 0, 0
;__Lib_Math.mpas,1290 :: 		
0x0600	0xB0D8      	BTFSC       STATUS, 0, 0
;__Lib_Math.mpas,1291 :: 		
0x0602	0x3C05      	INCFSZ      R5, 0, 0
;__Lib_Math.mpas,1292 :: 		
0x0604	0x2609      	ADDWF       R9, 1, 0
;__Lib_Math.mpas,1293 :: 		
0x0606	0x5006      	MOVF        R6, 0, 0
;__Lib_Math.mpas,1294 :: 		
0x0608	0xB0D8      	BTFSC       STATUS, 0, 0
;__Lib_Math.mpas,1295 :: 		
0x060A	0x3C06      	INCFSZ      R6, 0, 0
;__Lib_Math.mpas,1296 :: 		
0x060C	0x260A      	ADDWF       R10, 1, 0
;__Lib_Math.mpas,1297 :: 		
0x060E	0x5007      	MOVF        R7, 0, 0
;__Lib_Math.mpas,1298 :: 		
0x0610	0xB0D8      	BTFSC       STATUS, 0, 0
;__Lib_Math.mpas,1299 :: 		
0x0612	0x3C07      	INCFSZ      R7, 0, 0
;__Lib_Math.mpas,1300 :: 		
0x0614	0x260B      	ADDWF       R11, 1, 0
;__Lib_Math.mpas,1301 :: 		
0x0616	0x6AE8      	CLRF        WREG, 0
;__Lib_Math.mpas,1302 :: 		
0x0618	0xB0D8      	BTFSC       STATUS, 0, 0
;__Lib_Math.mpas,1303 :: 		
0x061A	0x0E01      	MOVLW       1
;__Lib_Math.mpas,1304 :: 		
0x061C	0x260E      	ADDWF       R14, 1, 0
;__Lib_Math.mpas,1306 :: 		
UOK22L8:
;__Lib_Math.mpas,1307 :: 		
0x061E	0x3602      	RLCF        R2, 1, 0
;__Lib_Math.mpas,1309 :: 		
0x0620	0x0E07      	MOVLW       7
;__Lib_Math.mpas,1310 :: 		
0x0622	0x6E0C      	MOVWF       R12, 0
;__Lib_Math.mpas,1312 :: 		
LOOPU3232B:
;__Lib_Math.mpas,1313 :: 		
0x0624	0x3402      	RLCF        R2, 0, 0
;__Lib_Math.mpas,1314 :: 		
0x0626	0x3608      	RLCF        R8, 1, 0
;__Lib_Math.mpas,1315 :: 		
0x0628	0x3609      	RLCF        R9, 1, 0
;__Lib_Math.mpas,1316 :: 		
0x062A	0x360A      	RLCF        R10, 1, 0
;__Lib_Math.mpas,1317 :: 		
0x062C	0x360B      	RLCF        R11, 1, 0
;__Lib_Math.mpas,1318 :: 		
0x062E	0x360E      	RLCF        R14, 1, 0
;__Lib_Math.mpas,1319 :: 		
0x0630	0x5004      	MOVF        R4, 0, 0
;__Lib_Math.mpas,1320 :: 		
0x0632	0xA002      	BTFSS       R2, 0, 0
;__Lib_Math.mpas,1321 :: 		
0x0634	0xD012      	BRA         UADD22LB
;__Lib_Math.mpas,1323 :: 		
0x0636	0x5E08      	SUBWF       R8, 1, 0
;__Lib_Math.mpas,1324 :: 		
0x0638	0x5005      	MOVF        R5, 0, 0
;__Lib_Math.mpas,1325 :: 		
0x063A	0xA0D8      	BTFSS       STATUS, 0, 0
;__Lib_Math.mpas,1326 :: 		
0x063C	0x3C05      	INCFSZ      R5, 0, 0
;__Lib_Math.mpas,1327 :: 		
0x063E	0x5E09      	SUBWF       R9, 1, 0
;__Lib_Math.mpas,1328 :: 		
0x0640	0x5006      	MOVF        R6, 0, 0
;__Lib_Math.mpas,1329 :: 		
0x0642	0xA0D8      	BTFSS       STATUS, 0, 0
;__Lib_Math.mpas,1330 :: 		
0x0644	0x3C06      	INCFSZ      R6, 0, 0
;__Lib_Math.mpas,1331 :: 		
0x0646	0x5E0A      	SUBWF       R10, 1, 0
;__Lib_Math.mpas,1332 :: 		
0x0648	0x5007      	MOVF        R7, 0, 0
;__Lib_Math.mpas,1333 :: 		
0x064A	0xA0D8      	BTFSS       STATUS, 0, 0
;__Lib_Math.mpas,1334 :: 		
0x064C	0x3C07      	INCFSZ      R7, 0, 0
;__Lib_Math.mpas,1335 :: 		
0x064E	0x5E0B      	SUBWF       R11, 1, 0
;__Lib_Math.mpas,1336 :: 		
0x0650	0x6AE8      	CLRF        WREG, 0
;__Lib_Math.mpas,1337 :: 		
0x0652	0xA0D8      	BTFSS       STATUS, 0, 0
;__Lib_Math.mpas,1338 :: 		
0x0654	0x0E01      	MOVLW       1
;__Lib_Math.mpas,1339 :: 		
0x0656	0x5E0E      	SUBWF       R14, 1, 0
;__Lib_Math.mpas,1340 :: 		
0x0658	0xD011      	BRA         UOK22LB
;__Lib_Math.mpas,1342 :: 		
UADD22LB:
;__Lib_Math.mpas,1343 :: 		
0x065A	0x2608      	ADDWF       R8, 1, 0
;__Lib_Math.mpas,1344 :: 		
0x065C	0x5005      	MOVF        R5, 0, 0
;__Lib_Math.mpas,1345 :: 		
0x065E	0xB0D8      	BTFSC       STATUS, 0, 0
;__Lib_Math.mpas,1346 :: 		
0x0660	0x3C05      	INCFSZ      R5, 0, 0
;__Lib_Math.mpas,1347 :: 		
0x0662	0x2609      	ADDWF       R9, 1, 0
;__Lib_Math.mpas,1348 :: 		
0x0664	0x5006      	MOVF        R6, 0, 0
;__Lib_Math.mpas,1349 :: 		
0x0666	0xB0D8      	BTFSC       STATUS, 0, 0
;__Lib_Math.mpas,1350 :: 		
0x0668	0x3C06      	INCFSZ      R6, 0, 0
;__Lib_Math.mpas,1351 :: 		
0x066A	0x260A      	ADDWF       R10, 1, 0
;__Lib_Math.mpas,1352 :: 		
0x066C	0x5007      	MOVF        R7, 0, 0
;__Lib_Math.mpas,1353 :: 		
0x066E	0xB0D8      	BTFSC       STATUS, 0, 0
;__Lib_Math.mpas,1354 :: 		
0x0670	0x3C07      	INCFSZ      R7, 0, 0
;__Lib_Math.mpas,1355 :: 		
0x0672	0x260B      	ADDWF       R11, 1, 0
;__Lib_Math.mpas,1356 :: 		
0x0674	0x6AE8      	CLRF        WREG, 0
;__Lib_Math.mpas,1357 :: 		
0x0676	0xB0D8      	BTFSC       STATUS, 0, 0
;__Lib_Math.mpas,1358 :: 		
0x0678	0x0E01      	MOVLW       1
;__Lib_Math.mpas,1359 :: 		
0x067A	0x260E      	ADDWF       R14, 1, 0
;__Lib_Math.mpas,1361 :: 		
UOK22LB:
;__Lib_Math.mpas,1362 :: 		
0x067C	0x3602      	RLCF        R2, 1, 0
;__Lib_Math.mpas,1364 :: 		
0x067E	0x2E0C      	DECFSZ      R12, 1, 0
;__Lib_Math.mpas,1365 :: 		
0x0680	0xD7D1      	BRA         LOOPU3232B
;__Lib_Math.mpas,1367 :: 		
0x0682	0x3401      	RLCF        R1, 0, 0
;__Lib_Math.mpas,1368 :: 		
0x0684	0x3608      	RLCF        R8, 1, 0
;__Lib_Math.mpas,1369 :: 		
0x0686	0x3609      	RLCF        R9, 1, 0
;__Lib_Math.mpas,1370 :: 		
0x0688	0x360A      	RLCF        R10, 1, 0
;__Lib_Math.mpas,1371 :: 		
0x068A	0x360B      	RLCF        R11, 1, 0
;__Lib_Math.mpas,1372 :: 		
0x068C	0x360E      	RLCF        R14, 1, 0
;__Lib_Math.mpas,1373 :: 		
0x068E	0x5004      	MOVF        R4, 0, 0
;__Lib_Math.mpas,1374 :: 		
0x0690	0xA002      	BTFSS       R2, 0, 0
;__Lib_Math.mpas,1375 :: 		
0x0692	0xD012      	BRA         UADD22L16
;__Lib_Math.mpas,1377 :: 		
0x0694	0x5E08      	SUBWF       R8, 1, 0
;__Lib_Math.mpas,1378 :: 		
0x0696	0x5005      	MOVF        R5, 0, 0
;__Lib_Math.mpas,1379 :: 		
0x0698	0xA0D8      	BTFSS       STATUS, 0, 0
;__Lib_Math.mpas,1380 :: 		
0x069A	0x3C05      	INCFSZ      R5, 0, 0
;__Lib_Math.mpas,1381 :: 		
0x069C	0x5E09      	SUBWF       R9, 1, 0
;__Lib_Math.mpas,1382 :: 		
0x069E	0x5006      	MOVF        R6, 0, 0
;__Lib_Math.mpas,1383 :: 		
0x06A0	0xA0D8      	BTFSS       STATUS, 0, 0
;__Lib_Math.mpas,1384 :: 		
0x06A2	0x3C06      	INCFSZ      R6, 0, 0
;__Lib_Math.mpas,1385 :: 		
0x06A4	0x5E0A      	SUBWF       R10, 1, 0
;__Lib_Math.mpas,1386 :: 		
0x06A6	0x5007      	MOVF        R7, 0, 0
;__Lib_Math.mpas,1387 :: 		
0x06A8	0xA0D8      	BTFSS       STATUS, 0, 0
;__Lib_Math.mpas,1388 :: 		
0x06AA	0x3C07      	INCFSZ      R7, 0, 0
;__Lib_Math.mpas,1389 :: 		
0x06AC	0x5E0B      	SUBWF       R11, 1, 0
;__Lib_Math.mpas,1390 :: 		
0x06AE	0x6AE8      	CLRF        WREG, 0
;__Lib_Math.mpas,1391 :: 		
0x06B0	0xA0D8      	BTFSS       STATUS, 0, 0
;__Lib_Math.mpas,1392 :: 		
0x06B2	0x0E01      	MOVLW       1
;__Lib_Math.mpas,1393 :: 		
0x06B4	0x5E0E      	SUBWF       R14, 1, 0
;__Lib_Math.mpas,1394 :: 		
0x06B6	0xD011      	BRA         UOK22L16
;__Lib_Math.mpas,1396 :: 		
UADD22L16:
;__Lib_Math.mpas,1397 :: 		
0x06B8	0x2608      	ADDWF       R8, 1, 0
;__Lib_Math.mpas,1398 :: 		
0x06BA	0x5005      	MOVF        R5, 0, 0
;__Lib_Math.mpas,1399 :: 		
0x06BC	0xB0D8      	BTFSC       STATUS, 0, 0
;__Lib_Math.mpas,1400 :: 		
0x06BE	0x3C05      	INCFSZ      R5, 0, 0
;__Lib_Math.mpas,1401 :: 		
0x06C0	0x2609      	ADDWF       R9, 1, 0
;__Lib_Math.mpas,1402 :: 		
0x06C2	0x5006      	MOVF        R6, 0, 0
;__Lib_Math.mpas,1403 :: 		
0x06C4	0xB0D8      	BTFSC       STATUS, 0, 0
;__Lib_Math.mpas,1404 :: 		
0x06C6	0x3C06      	INCFSZ      R6, 0, 0
;__Lib_Math.mpas,1405 :: 		
0x06C8	0x260A      	ADDWF       R10, 1, 0
;__Lib_Math.mpas,1406 :: 		
0x06CA	0x5007      	MOVF        R7, 0, 0
;__Lib_Math.mpas,1407 :: 		
0x06CC	0xB0D8      	BTFSC       STATUS, 0, 0
;__Lib_Math.mpas,1408 :: 		
0x06CE	0x3C07      	INCFSZ      R7, 0, 0
;__Lib_Math.mpas,1409 :: 		
0x06D0	0x260B      	ADDWF       R11, 1, 0
;__Lib_Math.mpas,1410 :: 		
0x06D2	0x6AE8      	CLRF        WREG, 0
;__Lib_Math.mpas,1411 :: 		
0x06D4	0xB0D8      	BTFSC       STATUS, 0, 0
;__Lib_Math.mpas,1412 :: 		
0x06D6	0x0E01      	MOVLW       1
;__Lib_Math.mpas,1413 :: 		
0x06D8	0x260E      	ADDWF       R14, 1, 0
;__Lib_Math.mpas,1415 :: 		
UOK22L16:
;__Lib_Math.mpas,1416 :: 		
0x06DA	0x3601      	RLCF        R1, 1, 0
;__Lib_Math.mpas,1418 :: 		
0x06DC	0x0E07      	MOVLW       7
;__Lib_Math.mpas,1419 :: 		
0x06DE	0x6E0C      	MOVWF       R12, 0
;__Lib_Math.mpas,1421 :: 		
LOOPU3232C:
;__Lib_Math.mpas,1422 :: 		
0x06E0	0x3401      	RLCF        R1, 0, 0
;__Lib_Math.mpas,1423 :: 		
0x06E2	0x3608      	RLCF        R8, 1, 0
;__Lib_Math.mpas,1424 :: 		
0x06E4	0x3609      	RLCF        R9, 1, 0
;__Lib_Math.mpas,1425 :: 		
0x06E6	0x360A      	RLCF        R10, 1, 0
;__Lib_Math.mpas,1426 :: 		
0x06E8	0x360B      	RLCF        R11, 1, 0
;__Lib_Math.mpas,1427 :: 		
0x06EA	0x360E      	RLCF        R14, 1, 0
;__Lib_Math.mpas,1428 :: 		
0x06EC	0x5004      	MOVF        R4, 0, 0
;__Lib_Math.mpas,1429 :: 		
0x06EE	0xA001      	BTFSS       R1, 0, 0
;__Lib_Math.mpas,1430 :: 		
0x06F0	0xD012      	BRA         UADD22LC
;__Lib_Math.mpas,1432 :: 		
0x06F2	0x5E08      	SUBWF       R8, 1, 0
;__Lib_Math.mpas,1433 :: 		
0x06F4	0x5005      	MOVF        R5, 0, 0
;__Lib_Math.mpas,1434 :: 		
0x06F6	0xA0D8      	BTFSS       STATUS, 0, 0
;__Lib_Math.mpas,1435 :: 		
0x06F8	0x3C05      	INCFSZ      R5, 0, 0
;__Lib_Math.mpas,1436 :: 		
0x06FA	0x5E09      	SUBWF       R9, 1, 0
;__Lib_Math.mpas,1437 :: 		
0x06FC	0x5006      	MOVF        R6, 0, 0
;__Lib_Math.mpas,1438 :: 		
0x06FE	0xA0D8      	BTFSS       STATUS, 0, 0
;__Lib_Math.mpas,1439 :: 		
0x0700	0x3C06      	INCFSZ      R6, 0, 0
;__Lib_Math.mpas,1440 :: 		
0x0702	0x5E0A      	SUBWF       R10, 1, 0
;__Lib_Math.mpas,1441 :: 		
0x0704	0x5007      	MOVF        R7, 0, 0
;__Lib_Math.mpas,1442 :: 		
0x0706	0xA0D8      	BTFSS       STATUS, 0, 0
;__Lib_Math.mpas,1443 :: 		
0x0708	0x3C07      	INCFSZ      R7, 0, 0
;__Lib_Math.mpas,1444 :: 		
0x070A	0x5E0B      	SUBWF       R11, 1, 0
;__Lib_Math.mpas,1445 :: 		
0x070C	0x6AE8      	CLRF        WREG, 0
;__Lib_Math.mpas,1446 :: 		
0x070E	0xA0D8      	BTFSS       STATUS, 0, 0
;__Lib_Math.mpas,1447 :: 		
0x0710	0x0E01      	MOVLW       1
;__Lib_Math.mpas,1448 :: 		
0x0712	0x5E0E      	SUBWF       R14, 1, 0
;__Lib_Math.mpas,1449 :: 		
0x0714	0xD011      	BRA         UOK22LC
;__Lib_Math.mpas,1451 :: 		
UADD22LC:
;__Lib_Math.mpas,1452 :: 		
0x0716	0x2608      	ADDWF       R8, 1, 0
;__Lib_Math.mpas,1453 :: 		
0x0718	0x5005      	MOVF        R5, 0, 0
;__Lib_Math.mpas,1454 :: 		
0x071A	0xB0D8      	BTFSC       STATUS, 0, 0
;__Lib_Math.mpas,1455 :: 		
0x071C	0x3C05      	INCFSZ      R5, 0, 0
;__Lib_Math.mpas,1456 :: 		
0x071E	0x2609      	ADDWF       R9, 1, 0
;__Lib_Math.mpas,1457 :: 		
0x0720	0x5006      	MOVF        R6, 0, 0
;__Lib_Math.mpas,1458 :: 		
0x0722	0xB0D8      	BTFSC       STATUS, 0, 0
;__Lib_Math.mpas,1459 :: 		
0x0724	0x3C06      	INCFSZ      R6, 0, 0
;__Lib_Math.mpas,1460 :: 		
0x0726	0x260A      	ADDWF       R10, 1, 0
;__Lib_Math.mpas,1461 :: 		
0x0728	0x5007      	MOVF        R7, 0, 0
;__Lib_Math.mpas,1462 :: 		
0x072A	0xB0D8      	BTFSC       STATUS, 0, 0
;__Lib_Math.mpas,1463 :: 		
0x072C	0x3C07      	INCFSZ      R7, 0, 0
;__Lib_Math.mpas,1464 :: 		
0x072E	0x260B      	ADDWF       R11, 1, 0
;__Lib_Math.mpas,1465 :: 		
0x0730	0x6AE8      	CLRF        WREG, 0
;__Lib_Math.mpas,1466 :: 		
0x0732	0xB0D8      	BTFSC       STATUS, 0, 0
;__Lib_Math.mpas,1467 :: 		
0x0734	0x0E01      	MOVLW       1
;__Lib_Math.mpas,1468 :: 		
0x0736	0x260E      	ADDWF       R14, 1, 0
;__Lib_Math.mpas,1470 :: 		
UOK22LC:
;__Lib_Math.mpas,1471 :: 		
0x0738	0x3601      	RLCF        R1, 1, 0
;__Lib_Math.mpas,1473 :: 		
0x073A	0x2E0C      	DECFSZ      R12, 1, 0
;__Lib_Math.mpas,1474 :: 		
0x073C	0xD7D1      	BRA         LOOPU3232C
;__Lib_Math.mpas,1476 :: 		
0x073E	0x3400      	RLCF        R0, 0, 0
;__Lib_Math.mpas,1477 :: 		
0x0740	0x3608      	RLCF        R8, 1, 0
;__Lib_Math.mpas,1478 :: 		
0x0742	0x3609      	RLCF        R9, 1, 0
;__Lib_Math.mpas,1479 :: 		
0x0744	0x360A      	RLCF        R10, 1, 0
;__Lib_Math.mpas,1480 :: 		
0x0746	0x360B      	RLCF        R11, 1, 0
;__Lib_Math.mpas,1481 :: 		
0x0748	0x360E      	RLCF        R14, 1, 0
;__Lib_Math.mpas,1482 :: 		
0x074A	0x5004      	MOVF        R4, 0, 0
;__Lib_Math.mpas,1483 :: 		
0x074C	0xA001      	BTFSS       R1, 0, 0
;__Lib_Math.mpas,1484 :: 		
0x074E	0xD012      	BRA         UADD22L24
;__Lib_Math.mpas,1486 :: 		
0x0750	0x5E08      	SUBWF       R8, 1, 0
;__Lib_Math.mpas,1487 :: 		
0x0752	0x5005      	MOVF        R5, 0, 0
;__Lib_Math.mpas,1488 :: 		
0x0754	0xA0D8      	BTFSS       STATUS, 0, 0
;__Lib_Math.mpas,1489 :: 		
0x0756	0x3C05      	INCFSZ      R5, 0, 0
;__Lib_Math.mpas,1490 :: 		
0x0758	0x5E09      	SUBWF       R9, 1, 0
;__Lib_Math.mpas,1491 :: 		
0x075A	0x5006      	MOVF        R6, 0, 0
;__Lib_Math.mpas,1492 :: 		
0x075C	0xA0D8      	BTFSS       STATUS, 0, 0
;__Lib_Math.mpas,1493 :: 		
0x075E	0x3C06      	INCFSZ      R6, 0, 0
;__Lib_Math.mpas,1494 :: 		
0x0760	0x5E0A      	SUBWF       R10, 1, 0
;__Lib_Math.mpas,1495 :: 		
0x0762	0x5007      	MOVF        R7, 0, 0
;__Lib_Math.mpas,1496 :: 		
0x0764	0xA0D8      	BTFSS       STATUS, 0, 0
;__Lib_Math.mpas,1497 :: 		
0x0766	0x3C07      	INCFSZ      R7, 0, 0
;__Lib_Math.mpas,1498 :: 		
0x0768	0x5E0B      	SUBWF       R11, 1, 0
;__Lib_Math.mpas,1499 :: 		
0x076A	0x6AE8      	CLRF        WREG, 0
;__Lib_Math.mpas,1500 :: 		
0x076C	0xA0D8      	BTFSS       STATUS, 0, 0
;__Lib_Math.mpas,1501 :: 		
0x076E	0x0E01      	MOVLW       1
;__Lib_Math.mpas,1502 :: 		
0x0770	0x5E0E      	SUBWF       R14, 1, 0
;__Lib_Math.mpas,1503 :: 		
0x0772	0xD011      	BRA         UOK22L24
;__Lib_Math.mpas,1505 :: 		
UADD22L24:
;__Lib_Math.mpas,1506 :: 		
0x0774	0x2608      	ADDWF       R8, 1, 0
;__Lib_Math.mpas,1507 :: 		
0x0776	0x5005      	MOVF        R5, 0, 0
;__Lib_Math.mpas,1508 :: 		
0x0778	0xB0D8      	BTFSC       STATUS, 0, 0
;__Lib_Math.mpas,1509 :: 		
0x077A	0x3C05      	INCFSZ      R5, 0, 0
;__Lib_Math.mpas,1510 :: 		
0x077C	0x2609      	ADDWF       R9, 1, 0
;__Lib_Math.mpas,1511 :: 		
0x077E	0x5006      	MOVF        R6, 0, 0
;__Lib_Math.mpas,1512 :: 		
0x0780	0xB0D8      	BTFSC       STATUS, 0, 0
;__Lib_Math.mpas,1513 :: 		
0x0782	0x3C06      	INCFSZ      R6, 0, 0
;__Lib_Math.mpas,1514 :: 		
0x0784	0x260A      	ADDWF       R10, 1, 0
;__Lib_Math.mpas,1515 :: 		
0x0786	0x5007      	MOVF        R7, 0, 0
;__Lib_Math.mpas,1516 :: 		
0x0788	0xB0D8      	BTFSC       STATUS, 0, 0
;__Lib_Math.mpas,1517 :: 		
0x078A	0x3C07      	INCFSZ      R7, 0, 0
;__Lib_Math.mpas,1518 :: 		
0x078C	0x260B      	ADDWF       R11, 1, 0
;__Lib_Math.mpas,1519 :: 		
0x078E	0x6AE8      	CLRF        WREG, 0
;__Lib_Math.mpas,1520 :: 		
0x0790	0xB0D8      	BTFSC       STATUS, 0, 0
;__Lib_Math.mpas,1521 :: 		
0x0792	0x0E01      	MOVLW       1
;__Lib_Math.mpas,1522 :: 		
0x0794	0x260E      	ADDWF       R14, 1, 0
;__Lib_Math.mpas,1524 :: 		
UOK22L24:
;__Lib_Math.mpas,1525 :: 		
0x0796	0x3600      	RLCF        R0, 1, 0
;__Lib_Math.mpas,1527 :: 		
0x0798	0x0E07      	MOVLW       7
;__Lib_Math.mpas,1528 :: 		
0x079A	0x6E0C      	MOVWF       R12, 0
;__Lib_Math.mpas,1530 :: 		
LOOPU3232D:
;__Lib_Math.mpas,1531 :: 		
0x079C	0x3400      	RLCF        R0, 0, 0
;__Lib_Math.mpas,1532 :: 		
0x079E	0x3608      	RLCF        R8, 1, 0
;__Lib_Math.mpas,1533 :: 		
0x07A0	0x3609      	RLCF        R9, 1, 0
;__Lib_Math.mpas,1534 :: 		
0x07A2	0x360A      	RLCF        R10, 1, 0
;__Lib_Math.mpas,1535 :: 		
0x07A4	0x360B      	RLCF        R11, 1, 0
;__Lib_Math.mpas,1536 :: 		
0x07A6	0x360E      	RLCF        R14, 1, 0
;__Lib_Math.mpas,1537 :: 		
0x07A8	0x5004      	MOVF        R4, 0, 0
;__Lib_Math.mpas,1538 :: 		
0x07AA	0xA000      	BTFSS       R0, 0, 0
;__Lib_Math.mpas,1539 :: 		
0x07AC	0xD012      	BRA         UADD22LD
;__Lib_Math.mpas,1541 :: 		
0x07AE	0x5E08      	SUBWF       R8, 1, 0
;__Lib_Math.mpas,1542 :: 		
0x07B0	0x5005      	MOVF        R5, 0, 0
;__Lib_Math.mpas,1543 :: 		
0x07B2	0xA0D8      	BTFSS       STATUS, 0, 0
;__Lib_Math.mpas,1544 :: 		
0x07B4	0x3C05      	INCFSZ      R5, 0, 0
;__Lib_Math.mpas,1545 :: 		
0x07B6	0x5E09      	SUBWF       R9, 1, 0
;__Lib_Math.mpas,1546 :: 		
0x07B8	0x5006      	MOVF        R6, 0, 0
;__Lib_Math.mpas,1547 :: 		
0x07BA	0xA0D8      	BTFSS       STATUS, 0, 0
;__Lib_Math.mpas,1548 :: 		
0x07BC	0x3C06      	INCFSZ      R6, 0, 0
;__Lib_Math.mpas,1549 :: 		
0x07BE	0x5E0A      	SUBWF       R10, 1, 0
;__Lib_Math.mpas,1550 :: 		
0x07C0	0x5007      	MOVF        R7, 0, 0
;__Lib_Math.mpas,1551 :: 		
0x07C2	0xA0D8      	BTFSS       STATUS, 0, 0
;__Lib_Math.mpas,1552 :: 		
0x07C4	0x3C07      	INCFSZ      R7, 0, 0
;__Lib_Math.mpas,1553 :: 		
0x07C6	0x5E0B      	SUBWF       R11, 1, 0
;__Lib_Math.mpas,1554 :: 		
0x07C8	0x6AE8      	CLRF        WREG, 0
;__Lib_Math.mpas,1555 :: 		
0x07CA	0xA0D8      	BTFSS       STATUS, 0, 0
;__Lib_Math.mpas,1556 :: 		
0x07CC	0x0E01      	MOVLW       1
;__Lib_Math.mpas,1557 :: 		
0x07CE	0x5E0E      	SUBWF       R14, 1, 0
;__Lib_Math.mpas,1558 :: 		
0x07D0	0xD011      	BRA         UOK22LD
;__Lib_Math.mpas,1560 :: 		
UADD22LD:
;__Lib_Math.mpas,1561 :: 		
0x07D2	0x2608      	ADDWF       R8, 1, 0
;__Lib_Math.mpas,1562 :: 		
0x07D4	0x5005      	MOVF        R5, 0, 0
;__Lib_Math.mpas,1563 :: 		
0x07D6	0xB0D8      	BTFSC       STATUS, 0, 0
;__Lib_Math.mpas,1564 :: 		
0x07D8	0x3C05      	INCFSZ      R5, 0, 0
;__Lib_Math.mpas,1565 :: 		
0x07DA	0x2609      	ADDWF       R9, 1, 0
;__Lib_Math.mpas,1566 :: 		
0x07DC	0x5006      	MOVF        R6, 0, 0
;__Lib_Math.mpas,1567 :: 		
0x07DE	0xB0D8      	BTFSC       STATUS, 0, 0
;__Lib_Math.mpas,1568 :: 		
0x07E0	0x3C06      	INCFSZ      R6, 0, 0
;__Lib_Math.mpas,1569 :: 		
0x07E2	0x260A      	ADDWF       R10, 1, 0
;__Lib_Math.mpas,1570 :: 		
0x07E4	0x5007      	MOVF        R7, 0, 0
;__Lib_Math.mpas,1571 :: 		
0x07E6	0xB0D8      	BTFSC       STATUS, 0, 0
;__Lib_Math.mpas,1572 :: 		
0x07E8	0x3C07      	INCFSZ      R7, 0, 0
;__Lib_Math.mpas,1573 :: 		
0x07EA	0x260B      	ADDWF       R11, 1, 0
;__Lib_Math.mpas,1574 :: 		
0x07EC	0x6AE8      	CLRF        WREG, 0
;__Lib_Math.mpas,1575 :: 		
0x07EE	0xB0D8      	BTFSC       STATUS, 0, 0
;__Lib_Math.mpas,1576 :: 		
0x07F0	0x0E01      	MOVLW       1
;__Lib_Math.mpas,1577 :: 		
0x07F2	0x260E      	ADDWF       R14, 1, 0
;__Lib_Math.mpas,1579 :: 		
UOK22LD:
;__Lib_Math.mpas,1580 :: 		
0x07F4	0x3600      	RLCF        R0, 1, 0
;__Lib_Math.mpas,1582 :: 		
0x07F6	0x2E0C      	DECFSZ      R12, 1, 0
;__Lib_Math.mpas,1583 :: 		
0x07F8	0xD7D1      	BRA         LOOPU3232D
;__Lib_Math.mpas,1585 :: 		
0x07FA	0xB000      	BTFSC       R0, 0, 0
;__Lib_Math.mpas,1586 :: 		
0x07FC	0xD00E      	BRA         UOK22L
;__Lib_Math.mpas,1587 :: 		
0x07FE	0x5004      	MOVF        R4, 0, 0
;__Lib_Math.mpas,1588 :: 		
0x0800	0x2608      	ADDWF       R8, 1, 0
;__Lib_Math.mpas,1589 :: 		
0x0802	0x5005      	MOVF        R5, 0, 0
;__Lib_Math.mpas,1590 :: 		
0x0804	0xB0D8      	BTFSC       STATUS, 0, 0
;__Lib_Math.mpas,1591 :: 		
0x0806	0x3C05      	INCFSZ      R5, 0, 0
;__Lib_Math.mpas,1592 :: 		
0x0808	0x2609      	ADDWF       R9, 1, 0
;__Lib_Math.mpas,1593 :: 		
0x080A	0x5006      	MOVF        R6, 0, 0
;__Lib_Math.mpas,1594 :: 		
0x080C	0xB0D8      	BTFSC       STATUS, 0, 0
;__Lib_Math.mpas,1595 :: 		
0x080E	0x3C06      	INCFSZ      R6, 0, 0
;__Lib_Math.mpas,1596 :: 		
0x0810	0x260A      	ADDWF       R10, 1, 0
;__Lib_Math.mpas,1597 :: 		
0x0812	0x5007      	MOVF        R7, 0, 0
;__Lib_Math.mpas,1598 :: 		
0x0814	0xB0D8      	BTFSC       STATUS, 0, 0
;__Lib_Math.mpas,1599 :: 		
0x0816	0x3C07      	INCFSZ      R7, 0, 0
;__Lib_Math.mpas,1600 :: 		
0x0818	0x260B      	ADDWF       R11, 1, 0
;__Lib_Math.mpas,1602 :: 		
UOK22L:
;__Lib_Math.mpas,1604 :: 		
L_end_Div_32x32_U:
0x081A	0x0012      	RETURN      0
; end of _Div_32x32_U
_COMFREM:
;__Lib_Math.mpas,917 :: 		
;__Lib_Math.mpas,922 :: 		
0x081C	0x1E0B      	COMF        R11, 1, 0
;__Lib_Math.mpas,923 :: 		
0x081E	0x1E0A      	COMF        R10, 1, 0
;__Lib_Math.mpas,924 :: 		
0x0820	0x1E09      	COMF        R9, 1, 0
;__Lib_Math.mpas,925 :: 		
0x0822	0x1E08      	COMF        R8, 1, 0
;__Lib_Math.mpas,926 :: 		
0x0824	0x2A08      	INCF        R8, 1, 0
;__Lib_Math.mpas,927 :: 		
0x0826	0xB4D8      	BTFSC       STATUS, 2, 0
;__Lib_Math.mpas,928 :: 		
0x0828	0x2A09      	INCF        R9, 1, 0
;__Lib_Math.mpas,929 :: 		
0x082A	0xB4D8      	BTFSC       STATUS, 2, 0
;__Lib_Math.mpas,930 :: 		
0x082C	0x2A0A      	INCF        R10, 1, 0
;__Lib_Math.mpas,931 :: 		
0x082E	0xB4D8      	BTFSC       STATUS, 2, 0
;__Lib_Math.mpas,932 :: 		
0x0830	0x2A0B      	INCF        R11, 1, 0
;__Lib_Math.mpas,934 :: 		
L_end_COMFREM:
0x0832	0x0012      	RETURN      0
; end of _COMFREM
_Mul_16x16_U:
;__Lib_Math.mpas,434 :: 		
;__Lib_Math.mpas,441 :: 		
0x0834	0x6A0B      	CLRF        R11, 0
;__Lib_Math.mpas,442 :: 		
0x0836	0x6A0A      	CLRF        R10, 0
;__Lib_Math.mpas,443 :: 		
0x0838	0x6A09      	CLRF        R9, 0
;__Lib_Math.mpas,444 :: 		
0x083A	0x5000      	MOVF        R0, 0, 0
;__Lib_Math.mpas,445 :: 		
0x083C	0x0204      	MULWF       R4, 0
;__Lib_Math.mpas,447 :: 		
0x083E	0xF009CFF4  	MOVFF       PRODH, R9
;__Lib_Math.mpas,448 :: 		
0x0842	0xF008CFF3  	MOVFF       PRODL, R8
;__Lib_Math.mpas,449 :: 		
0x0846	0x5001      	MOVF        R1, 0, 0
;__Lib_Math.mpas,450 :: 		
0x0848	0x0205      	MULWF       R5, 0
;__Lib_Math.mpas,452 :: 		
0x084A	0xF00BCFF4  	MOVFF       PRODH, R11
;__Lib_Math.mpas,453 :: 		
0x084E	0xF00ACFF3  	MOVFF       PRODL, R10
;__Lib_Math.mpas,454 :: 		
0x0852	0x5000      	MOVF        R0, 0, 0
;__Lib_Math.mpas,455 :: 		
0x0854	0x0205      	MULWF       R5, 0
;__Lib_Math.mpas,457 :: 		
0x0856	0x50F3      	MOVF        PRODL, 0, 0
;__Lib_Math.mpas,458 :: 		
0x0858	0x2609      	ADDWF       R9, 1, 0
;__Lib_Math.mpas,459 :: 		
0x085A	0x50F4      	MOVF        PRODH, 0, 0
;__Lib_Math.mpas,460 :: 		
0x085C	0x220A      	ADDWFC      R10, 1, 0
;__Lib_Math.mpas,461 :: 		
0x085E	0x6AE8      	CLRF        WREG, 0
;__Lib_Math.mpas,462 :: 		
0x0860	0x220B      	ADDWFC      R11, 1, 0
;__Lib_Math.mpas,463 :: 		
0x0862	0x5001      	MOVF        R1, 0, 0
;__Lib_Math.mpas,464 :: 		
0x0864	0x0204      	MULWF       R4, 0
;__Lib_Math.mpas,466 :: 		
0x0866	0x50F3      	MOVF        PRODL, 0, 0
;__Lib_Math.mpas,467 :: 		
0x0868	0x2609      	ADDWF       R9, 1, 0
;__Lib_Math.mpas,468 :: 		
0x086A	0x50F4      	MOVF        PRODH, 0, 0
;__Lib_Math.mpas,469 :: 		
0x086C	0x220A      	ADDWFC      R10, 1, 0
;__Lib_Math.mpas,470 :: 		
0x086E	0x6AE8      	CLRF        WREG, 0
;__Lib_Math.mpas,471 :: 		
0x0870	0x220B      	ADDWFC      R11, 1, 0
;__Lib_Math.mpas,473 :: 		
0x0872	0xF000C008  	MOVFF       R8, R0
;__Lib_Math.mpas,474 :: 		
0x0876	0xF001C009  	MOVFF       R9, R1
;__Lib_Math.mpas,475 :: 		
0x087A	0xF002C00A  	MOVFF       R10, R2
;__Lib_Math.mpas,476 :: 		
0x087E	0xF003C00B  	MOVFF       R11, R3
;__Lib_Math.mpas,478 :: 		
L_end_Mul_16x16_U:
0x0882	0x0012      	RETURN      0
; end of _Mul_16x16_U
_Div_32x32_S:
;__Lib_Math.mpas,938 :: 		
;__Lib_Math.mpas,951 :: 		
0x0884	0x5004      	MOVF        R4, 0 
0x0886	0x0A00      	XORLW       0
0x0888	0xE112      	BNZ         L__Div_32x32_S22
;__Lib_Math.mpas,952 :: 		
0x088A	0x5005      	MOVF        R5, 0 
0x088C	0x0A00      	XORLW       0
0x088E	0xE10F      	BNZ         L__Div_32x32_S25
;__Lib_Math.mpas,953 :: 		
0x0890	0x5006      	MOVF        R6, 0 
0x0892	0x0A00      	XORLW       0
0x0894	0xE10C      	BNZ         L__Div_32x32_S28
;__Lib_Math.mpas,954 :: 		
0x0896	0x5007      	MOVF        R7, 0 
0x0898	0x0A00      	XORLW       0
0x089A	0xE109      	BNZ         L__Div_32x32_S31
;__Lib_Math.mpas,956 :: 		
0x089C	0x0EFF      	MOVLW       255
0x089E	0x6E00      	MOVWF       R0 
;__Lib_Math.mpas,957 :: 		
0x08A0	0x0EFF      	MOVLW       255
0x08A2	0x6E01      	MOVWF       R1 
;__Lib_Math.mpas,958 :: 		
0x08A4	0x0EFF      	MOVLW       255
0x08A6	0x6E02      	MOVWF       R2 
;__Lib_Math.mpas,959 :: 		
0x08A8	0x0E7F      	MOVLW       127
0x08AA	0x6E03      	MOVWF       R3 
;__Lib_Math.mpas,960 :: 		
0x08AC	0xD097      	BRA         L_end__Div_32x32_S
;__Lib_Math.mpas,961 :: 		
L__Div_32x32_S31:
L__Div_32x32_S28:
L__Div_32x32_S25:
L__Div_32x32_S22:
;__Lib_Math.mpas,965 :: 		
0x08AE	0x6A0C      	CLRF        R12, 0
;__Lib_Math.mpas,966 :: 		
0x08B0	0xBE07      	BTFSC       R7, 7, 0
;__Lib_Math.mpas,967 :: 		
0x08B2	0x2A0C      	INCF        R12, 1, 0
;__Lib_Math.mpas,969 :: 		
0x08B4	0x6A0D      	CLRF        R13, 0
;__Lib_Math.mpas,970 :: 		
0x08B6	0x6A0B      	CLRF        R11, 0
;__Lib_Math.mpas,971 :: 		
0x08B8	0x6A0A      	CLRF        R10, 0
;__Lib_Math.mpas,972 :: 		
0x08BA	0x6A09      	CLRF        R9, 0
;__Lib_Math.mpas,973 :: 		
0x08BC	0x6A08      	CLRF        R8, 0
;__Lib_Math.mpas,974 :: 		
0x08BE	0x5003      	MOVF        R3, 0, 0
;__Lib_Math.mpas,975 :: 		
0x08C0	0x1002      	IORWF       R2, 0, 0
;__Lib_Math.mpas,976 :: 		
0x08C2	0x1001      	IORWF       R1, 0, 0
;__Lib_Math.mpas,977 :: 		
0x08C4	0x1000      	IORWF       R0, 0, 0
;__Lib_Math.mpas,978 :: 		
0x08C6	0xB4D8      	BTFSC       STATUS, 2, 0
;__Lib_Math.mpas,979 :: 		
0x08C8	0xD084      	BRA         END_ALL
;__Lib_Math.mpas,983 :: 		
0x08CA	0x5003      	MOVF        R3, 0, 0
;__Lib_Math.mpas,984 :: 		
0x08CC	0x1807      	XORWF       R7, 0, 0
;__Lib_Math.mpas,985 :: 		
0x08CE	0x6E0E      	MOVWF       R14, 0
;__Lib_Math.mpas,986 :: 		
0x08D0	0xBE0E      	BTFSC       R14, 7, 0
;__Lib_Math.mpas,987 :: 		
0x08D2	0x1E0D      	COMF        R13, 1, 0
;__Lib_Math.mpas,990 :: 		
0x08D4	0xAE07      	BTFSS       R7, 7, 0
;__Lib_Math.mpas,991 :: 		
0x08D6	0xD00B      	BRA         CA3232S
;__Lib_Math.mpas,993 :: 		
0x08D8	0x1E04      	COMF        R4, 1, 0
;__Lib_Math.mpas,994 :: 		
0x08DA	0x1E05      	COMF        R5, 1, 0
;__Lib_Math.mpas,995 :: 		
0x08DC	0x1E06      	COMF        R6, 1, 0
;__Lib_Math.mpas,996 :: 		
0x08DE	0x1E07      	COMF        R7, 1, 0
;__Lib_Math.mpas,997 :: 		
0x08E0	0x2A04      	INCF        R4, 1, 0
;__Lib_Math.mpas,998 :: 		
0x08E2	0xB4D8      	BTFSC       STATUS, 2, 0
;__Lib_Math.mpas,999 :: 		
0x08E4	0x2A05      	INCF        R5, 1, 0
;__Lib_Math.mpas,1000 :: 		
0x08E6	0xB4D8      	BTFSC       STATUS, 2, 0
;__Lib_Math.mpas,1001 :: 		
0x08E8	0x2A06      	INCF        R6, 1, 0
;__Lib_Math.mpas,1002 :: 		
0x08EA	0xB4D8      	BTFSC       STATUS, 2, 0
;__Lib_Math.mpas,1003 :: 		
0x08EC	0x2A07      	INCF        R7, 1, 0
;__Lib_Math.mpas,1005 :: 		
CA3232S:
;__Lib_Math.mpas,1006 :: 		
0x08EE	0xAE03      	BTFSS       R3, 7, 0
;__Lib_Math.mpas,1007 :: 		
0x08F0	0xD00B      	BRA         C3232SX
;__Lib_Math.mpas,1009 :: 		
0x08F2	0x1E00      	COMF        R0, 1, 0
;__Lib_Math.mpas,1010 :: 		
0x08F4	0x1E01      	COMF        R1, 1, 0
;__Lib_Math.mpas,1011 :: 		
0x08F6	0x1E02      	COMF        R2, 1, 0
;__Lib_Math.mpas,1012 :: 		
0x08F8	0x1E03      	COMF        R3, 1, 0
;__Lib_Math.mpas,1013 :: 		
0x08FA	0x2A00      	INCF        R0, 1, 0
;__Lib_Math.mpas,1014 :: 		
0x08FC	0xB4D8      	BTFSC       STATUS, 2, 0
;__Lib_Math.mpas,1015 :: 		
0x08FE	0x2A01      	INCF        R1, 1, 0
;__Lib_Math.mpas,1016 :: 		
0x0900	0xB4D8      	BTFSC       STATUS, 2, 0
;__Lib_Math.mpas,1017 :: 		
0x0902	0x2A02      	INCF        R2, 1, 0
;__Lib_Math.mpas,1018 :: 		
0x0904	0xB4D8      	BTFSC       STATUS, 2, 0
;__Lib_Math.mpas,1019 :: 		
0x0906	0x2A03      	INCF        R3, 1, 0
;__Lib_Math.mpas,1021 :: 		
C3232SX:
;__Lib_Math.mpas,1022 :: 		
0x0908	0x5003      	MOVF        R3, 0, 0
;__Lib_Math.mpas,1023 :: 		
0x090A	0x1007      	IORWF       R7, 0, 0
;__Lib_Math.mpas,1024 :: 		
0x090C	0x6E0E      	MOVWF       R14, 0
;__Lib_Math.mpas,1025 :: 		
0x090E	0xBE0E      	BTFSC       R14, 7, 0
;__Lib_Math.mpas,1026 :: 		
0x0910	0xD01C      	BRA         C3232SX1
;__Lib_Math.mpas,1027 :: 		
C3232S:
;__Lib_Math.mpas,1030 :: 		
0x0912	0xDCE2      	RCALL       _SDIV3232L
;__Lib_Math.mpas,1034 :: 		
0x0914	0xBE0C      	BTFSC       R12, 7, 0
;__Lib_Math.mpas,1035 :: 		
0x0916	0xD036      	BRA         C3232SX4
;__Lib_Math.mpas,1037 :: 		
C3232SOK:
;__Lib_Math.mpas,1038 :: 		
0x0918	0xAE0D      	BTFSS       R13, 7, 0
;__Lib_Math.mpas,1039 :: 		
0x091A	0xD05B      	BRA         END_ALL
;__Lib_Math.mpas,1041 :: 		
0x091C	0x1E00      	COMF        R0, 1, 0
;__Lib_Math.mpas,1042 :: 		
0x091E	0x1E01      	COMF        R1, 1, 0
;__Lib_Math.mpas,1043 :: 		
0x0920	0x1E02      	COMF        R2, 1, 0
;__Lib_Math.mpas,1044 :: 		
0x0922	0x1E03      	COMF        R3, 1, 0
;__Lib_Math.mpas,1045 :: 		
0x0924	0x2A00      	INCF        R0, 1, 0
;__Lib_Math.mpas,1046 :: 		
0x0926	0xB4D8      	BTFSC       STATUS, 2, 0
;__Lib_Math.mpas,1047 :: 		
0x0928	0x2A01      	INCF        R1, 1, 0
;__Lib_Math.mpas,1048 :: 		
0x092A	0xB4D8      	BTFSC       STATUS, 2, 0
;__Lib_Math.mpas,1049 :: 		
0x092C	0x2A02      	INCF        R2, 1, 0
;__Lib_Math.mpas,1050 :: 		
0x092E	0xB4D8      	BTFSC       STATUS, 2, 0
;__Lib_Math.mpas,1051 :: 		
0x0930	0x2A03      	INCF        R3, 1, 0
;__Lib_Math.mpas,1053 :: 		
0x0932	0x1E08      	COMF        R8, 1, 0
;__Lib_Math.mpas,1054 :: 		
0x0934	0x1E09      	COMF        R9, 1, 0
;__Lib_Math.mpas,1055 :: 		
0x0936	0x1E0A      	COMF        R10, 1, 0
;__Lib_Math.mpas,1056 :: 		
0x0938	0x1E0B      	COMF        R11, 1, 0
;__Lib_Math.mpas,1057 :: 		
0x093A	0x2A08      	INCF        R8, 1, 0
;__Lib_Math.mpas,1058 :: 		
0x093C	0xB4D8      	BTFSC       STATUS, 2, 0
;__Lib_Math.mpas,1059 :: 		
0x093E	0x2A09      	INCF        R9, 1, 0
;__Lib_Math.mpas,1060 :: 		
0x0940	0xB4D8      	BTFSC       STATUS, 2, 0
;__Lib_Math.mpas,1061 :: 		
0x0942	0x2A0A      	INCF        R10, 1, 0
;__Lib_Math.mpas,1062 :: 		
0x0944	0xB4D8      	BTFSC       STATUS, 2, 0
;__Lib_Math.mpas,1063 :: 		
0x0946	0x2A0B      	INCF        R11, 1, 0
;__Lib_Math.mpas,1064 :: 		
0x0948	0xD044      	BRA         END_ALL
;__Lib_Math.mpas,1065 :: 		
C3232SX1:
;__Lib_Math.mpas,1068 :: 		
0x094A	0xAE07      	BTFSS       R7, 7, 0
;__Lib_Math.mpas,1069 :: 		
0x094C	0xD015      	BRA         C3232SX3
;__Lib_Math.mpas,1070 :: 		
0x094E	0xBE03      	BTFSC       R3, 7, 0
;__Lib_Math.mpas,1071 :: 		
0x0950	0xD00D      	BRA         C3232SX2
;__Lib_Math.mpas,1072 :: 		
0x0952	0x5003      	MOVF        R3, 0, 0
;__Lib_Math.mpas,1073 :: 		
0x0954	0x6E0B      	MOVWF       R11, 0
;__Lib_Math.mpas,1074 :: 		
0x0956	0x5002      	MOVF        R2, 0, 0
;__Lib_Math.mpas,1075 :: 		
0x0958	0x6E0A      	MOVWF       R10, 0
;__Lib_Math.mpas,1076 :: 		
0x095A	0x5001      	MOVF        R1, 0, 0
;__Lib_Math.mpas,1077 :: 		
0x095C	0x6E09      	MOVWF       R9, 0
;__Lib_Math.mpas,1078 :: 		
0x095E	0x5000      	MOVF        R0, 0, 0
;__Lib_Math.mpas,1079 :: 		
0x0960	0x6E08      	MOVWF       R8, 0
;__Lib_Math.mpas,1080 :: 		
0x0962	0x6A03      	CLRF        R3, 0
;__Lib_Math.mpas,1081 :: 		
0x0964	0x6A02      	CLRF        R2, 0
;__Lib_Math.mpas,1082 :: 		
0x0966	0x6A01      	CLRF        R1, 0
;__Lib_Math.mpas,1083 :: 		
0x0968	0x6A00      	CLRF        R0, 0
;__Lib_Math.mpas,1084 :: 		
0x096A	0xD7D6      	BRA         C3232SOK
;__Lib_Math.mpas,1085 :: 		
C3232SX2:
;__Lib_Math.mpas,1086 :: 		
0x096C	0x6A03      	CLRF        R3, 0
;__Lib_Math.mpas,1087 :: 		
0x096E	0x6A02      	CLRF        R2, 0
;__Lib_Math.mpas,1088 :: 		
0x0970	0x6A01      	CLRF        R1, 0
;__Lib_Math.mpas,1089 :: 		
0x0972	0x6A00      	CLRF        R0, 0
;__Lib_Math.mpas,1090 :: 		
0x0974	0x2A00      	INCF        R0, 1, 0
;__Lib_Math.mpas,1091 :: 		
0x0976	0x0C00      	RETLW       0
;__Lib_Math.mpas,1093 :: 		
C3232SX3:
;__Lib_Math.mpas,1094 :: 		
0x0978	0x1E03      	COMF        R3, 1, 0
;__Lib_Math.mpas,1095 :: 		
0x097A	0x1E02      	COMF        R2, 1, 0
;__Lib_Math.mpas,1096 :: 		
0x097C	0x1E01      	COMF        R1, 1, 0
;__Lib_Math.mpas,1097 :: 		
0x097E	0x1E00      	COMF        R0, 1, 0
;__Lib_Math.mpas,1099 :: 		
0x0980	0x8E0C      	BSF         R12, 7, 0
;__Lib_Math.mpas,1100 :: 		
0x0982	0xD7C7      	BRA         C3232S
;__Lib_Math.mpas,1101 :: 		
C3232SX4:
;__Lib_Math.mpas,1104 :: 		
0x0984	0x2A08      	INCF        R8, 1, 0
;__Lib_Math.mpas,1105 :: 		
0x0986	0xB4D8      	BTFSC       STATUS, 2, 0
;__Lib_Math.mpas,1106 :: 		
0x0988	0x2A09      	INCF        R9, 1, 0
;__Lib_Math.mpas,1107 :: 		
0x098A	0xB4D8      	BTFSC       STATUS, 2, 0
;__Lib_Math.mpas,1108 :: 		
0x098C	0x2A0A      	INCF        R10, 1, 0
;__Lib_Math.mpas,1109 :: 		
0x098E	0xB4D8      	BTFSC       STATUS, 2, 0
;__Lib_Math.mpas,1110 :: 		
0x0990	0x2A0B      	INCF        R11, 1, 0
;__Lib_Math.mpas,1111 :: 		
0x0992	0x5004      	MOVF        R4, 0, 0
;__Lib_Math.mpas,1112 :: 		
0x0994	0x5C08      	SUBWF       R8, 0, 0
;__Lib_Math.mpas,1113 :: 		
0x0996	0xA4D8      	BTFSS       STATUS, 2, 0
;__Lib_Math.mpas,1114 :: 		
0x0998	0xD7BF      	BRA         C3232SOK
;__Lib_Math.mpas,1115 :: 		
0x099A	0x5005      	MOVF        R5, 0, 0
;__Lib_Math.mpas,1116 :: 		
0x099C	0x5C09      	SUBWF       R9, 0, 0
;__Lib_Math.mpas,1117 :: 		
0x099E	0xA4D8      	BTFSS       STATUS, 2, 0
;__Lib_Math.mpas,1118 :: 		
0x09A0	0xD7BB      	BRA         C3232SOK
;__Lib_Math.mpas,1119 :: 		
0x09A2	0x5006      	MOVF        R6, 0, 0
;__Lib_Math.mpas,1120 :: 		
0x09A4	0x5C0A      	SUBWF       R10, 0, 0
;__Lib_Math.mpas,1121 :: 		
0x09A6	0xA4D8      	BTFSS       STATUS, 2, 0
;__Lib_Math.mpas,1122 :: 		
0x09A8	0xD7B7      	BRA         C3232SOK
;__Lib_Math.mpas,1123 :: 		
0x09AA	0x5007      	MOVF        R7, 0, 0
;__Lib_Math.mpas,1124 :: 		
0x09AC	0x5C0B      	SUBWF       R11, 0, 0
;__Lib_Math.mpas,1125 :: 		
0x09AE	0xA4D8      	BTFSS       STATUS, 2, 0
;__Lib_Math.mpas,1126 :: 		
0x09B0	0xD7B3      	BRA         C3232SOK
;__Lib_Math.mpas,1127 :: 		
0x09B2	0x6A0B      	CLRF        R11, 0
;__Lib_Math.mpas,1128 :: 		
0x09B4	0x6A0A      	CLRF        R10, 0
;__Lib_Math.mpas,1129 :: 		
0x09B6	0x6A09      	CLRF        R9, 0
;__Lib_Math.mpas,1130 :: 		
0x09B8	0x6A08      	CLRF        R8, 0
;__Lib_Math.mpas,1131 :: 		
0x09BA	0x2A00      	INCF        R0, 1, 0
;__Lib_Math.mpas,1132 :: 		
0x09BC	0xB4D8      	BTFSC       STATUS, 2, 0
;__Lib_Math.mpas,1133 :: 		
0x09BE	0x2A01      	INCF        R1, 1, 0
;__Lib_Math.mpas,1134 :: 		
0x09C0	0xB4D8      	BTFSC       STATUS, 2, 0
;__Lib_Math.mpas,1135 :: 		
0x09C2	0x2A02      	INCF        R2, 1, 0
;__Lib_Math.mpas,1136 :: 		
0x09C4	0xB4D8      	BTFSC       STATUS, 2, 0
;__Lib_Math.mpas,1137 :: 		
0x09C6	0x2A03      	INCF        R3, 1, 0
;__Lib_Math.mpas,1138 :: 		
0x09C8	0xAE03      	BTFSS       R3, 7, 0
;__Lib_Math.mpas,1139 :: 		
0x09CA	0xD7A6      	BRA         C3232SOK
;__Lib_Math.mpas,1140 :: 		
0x09CC	0x6A0E      	CLRF        R14, 0
;__Lib_Math.mpas,1141 :: 		
0x09CE	0x880E      	BSF         R14, 4, 0
;__Lib_Math.mpas,1142 :: 		
0x09D0	0x0CFF      	RETLW       255
;__Lib_Math.mpas,1143 :: 		
END_ALL:
;__Lib_Math.mpas,1144 :: 		
0x09D2	0x6A0E      	CLRF        R14, 0
;__Lib_Math.mpas,1145 :: 		
0x09D4	0xA00C      	BTFSS       R12, 0, 0
;__Lib_Math.mpas,1146 :: 		
0x09D6	0xD001      	BRA         avoid_comfrem
;__Lib_Math.mpas,1149 :: 		
0x09D8	0xDF21      	RCALL       _COMFREM
;__Lib_Math.mpas,1151 :: 		
avoid_comfrem:
;__Lib_Math.mpas,1152 :: 		
0x09DA	0x0F00      	ADDLW       0
;__Lib_Math.mpas,1154 :: 		
L_end__Div_32x32_S:
L_end_Div_32x32_S:
0x09DC	0x0012      	RETURN      0
; end of _Div_32x32_S
_ADC_TO_AKIM:
;tigkynk_18f.mbas,626 :: 		dim akim_hesap as longword
;tigkynk_18f.mbas,628 :: 		if adc_deger >= AKIM_ADC_MAX then
0x09E2	0x0E03      	MOVLW       3
0x09E4	0x0100      	MOVLB       0
0x09E6	0x5DA3      	SUBWF       FARG_ADC_TO_AKIM_adc_deger+1, 0, 1
0x09E8	0xE102      	BNZ         L__ADC_TO_AKIM815
0x09EA	0x0E20      	MOVLW       32
0x09EC	0x5DA2      	SUBWF       FARG_ADC_TO_AKIM_adc_deger, 0, 1
L__ADC_TO_AKIM815:
0x09EE	0xE305      	BNC         L__ADC_TO_AKIM253
;tigkynk_18f.mbas,629 :: 		result = 200
0x09F0	0x0EC8      	MOVLW       200
0x09F2	0x6FA4      	MOVWF       ADC_TO_AKIM_local_result, 1
0x09F4	0x0E00      	MOVLW       0
0x09F6	0x6FA5      	MOVWF       ADC_TO_AKIM_local_result+1, 1
0x09F8	0xD032      	BRA         L__ADC_TO_AKIM254
;tigkynk_18f.mbas,630 :: 		else
L__ADC_TO_AKIM253:
;tigkynk_18f.mbas,631 :: 		akim_hesap = adc_deger
0x09FA	0xF0A6C0A2  	MOVFF       FARG_ADC_TO_AKIM_adc_deger, ADC_TO_AKIM_akim_hesap
0x09FE	0xF0A7C0A3  	MOVFF       FARG_ADC_TO_AKIM_adc_deger+1, ADC_TO_AKIM_akim_hesap+1
0x0A02	0x0E00      	MOVLW       0
0x0A04	0x6FA8      	MOVWF       ADC_TO_AKIM_akim_hesap+2, 1
0x0A06	0x6FA9      	MOVWF       ADC_TO_AKIM_akim_hesap+3, 1
;tigkynk_18f.mbas,632 :: 		akim_hesap = akim_hesap * 200
0x0A08	0xF000C0A6  	MOVFF       ADC_TO_AKIM_akim_hesap, R0
0x0A0C	0xF001C0A7  	MOVFF       ADC_TO_AKIM_akim_hesap+1, R1
0x0A10	0xF002C0A8  	MOVFF       ADC_TO_AKIM_akim_hesap+2, R2
0x0A14	0xF003C0A9  	MOVFF       ADC_TO_AKIM_akim_hesap+3, R3
0x0A18	0x0EC8      	MOVLW       200
0x0A1A	0x6E04      	MOVWF       R4 
0x0A1C	0x0E00      	MOVLW       0
0x0A1E	0x6E05      	MOVWF       R5 
0x0A20	0x6E06      	MOVWF       R6 
0x0A22	0x6E07      	MOVWF       R7 
0x0A24	0xDC2B      	RCALL       _Mul_32x32_U
0x0A26	0xF0A6C000  	MOVFF       R0, ADC_TO_AKIM_akim_hesap
0x0A2A	0xF0A7C001  	MOVFF       R1, ADC_TO_AKIM_akim_hesap+1
0x0A2E	0xF0A8C002  	MOVFF       R2, ADC_TO_AKIM_akim_hesap+2
0x0A32	0xF0A9C003  	MOVFF       R3, ADC_TO_AKIM_akim_hesap+3
;tigkynk_18f.mbas,633 :: 		akim_hesap = akim_hesap / AKIM_ADC_MAX
0x0A36	0x0E20      	MOVLW       32
0x0A38	0x6E04      	MOVWF       R4 
0x0A3A	0x0E03      	MOVLW       3
0x0A3C	0x6E05      	MOVWF       R5 
0x0A3E	0x0E00      	MOVLW       0
0x0A40	0x6E06      	MOVWF       R6 
0x0A42	0x6E07      	MOVWF       R7 
0x0A44	0xDD75      	RCALL       _Div_32x32_U
0x0A46	0xF0A6C000  	MOVFF       R0, ADC_TO_AKIM_akim_hesap
0x0A4A	0xF0A7C001  	MOVFF       R1, ADC_TO_AKIM_akim_hesap+1
0x0A4E	0xF0A8C002  	MOVFF       R2, ADC_TO_AKIM_akim_hesap+2
0x0A52	0xF0A9C003  	MOVFF       R3, ADC_TO_AKIM_akim_hesap+3
;tigkynk_18f.mbas,634 :: 		result = akim_hesap
0x0A56	0xF0A4C000  	MOVFF       R0, ADC_TO_AKIM_local_result
0x0A5A	0xF0A5C001  	MOVFF       R1, ADC_TO_AKIM_local_result+1
;tigkynk_18f.mbas,635 :: 		end if
L__ADC_TO_AKIM254:
;tigkynk_18f.mbas,636 :: 		end sub
0x0A5E	0xF000C0A4  	MOVFF       ADC_TO_AKIM_local_result, R0
0x0A62	0xF001C0A5  	MOVFF       ADC_TO_AKIM_local_result+1, R1
L_end_ADC_TO_AKIM:
0x0A66	0x0012      	RETURN      0
; end of _ADC_TO_AKIM
_ADC_Read:
;__Lib_ADC_A_D.mpas,56 :: 		
;__Lib_ADC_A_D.mpas,57 :: 		
0x0A6C	0x6AC2      	CLRF        ADCON0 
;__Lib_ADC_A_D.mpas,58 :: 		
0x0A6E	0x0ECF      	MOVLW       207
0x0A70	0x16C1      	ANDWF       ADCON1, 1 
;__Lib_ADC_A_D.mpas,59 :: 		
0x0A72	0x0E07      	MOVLW       7
0x0A74	0x12C0      	IORWF       ADCON2, 1 
;__Lib_ADC_A_D.mpas,60 :: 		
0x0A76	0x8EC0      	BSF         ADCON2, 7 
;__Lib_ADC_A_D.mpas,61 :: 		
0x0A78	0xF000C0A2  	MOVFF       FARG_ADC_Read_channel, R0
0x0A7C	0x3600      	RLCF        R0, 1 
0x0A7E	0x9000      	BCF         R0, 0 
0x0A80	0x3600      	RLCF        R0, 1 
0x0A82	0x9000      	BCF         R0, 0 
0x0A84	0x5000      	MOVF        R0, 0 
0x0A86	0x12C2      	IORWF       ADCON0, 1 
;__Lib_ADC_A_D.mpas,62 :: 		
0x0A88	0x80C2      	BSF         ADCON0, 0 
;__Lib_ADC_A_D.mpas,63 :: 		
0x0A8A	0xDC21      	RCALL       _Delay_22us
;__Lib_ADC_A_D.mpas,64 :: 		
0x0A8C	0x82C2      	BSF         ADCON0, 1 
;__Lib_ADC_A_D.mpas,65 :: 		
L__ADC_Read10:
0x0A8E	0xA2C2      	BTFSS       ADCON0, 1 
0x0A90	0xD002      	BRA         L__ADC_Read11
;__Lib_ADC_A_D.mpas,66 :: 		
0x0A92	0x0000      	NOP
0x0A94	0xD7FC      	BRA         L__ADC_Read10
L__ADC_Read11:
;__Lib_ADC_A_D.mpas,67 :: 		
0x0A96	0xF001CFC4  	MOVFF       ADRESH, R1
0x0A9A	0x6A00      	CLRF        R0 
0x0A9C	0xF0A3C000  	MOVFF       R0, ADC_Read_local_result
0x0AA0	0xF0A4C001  	MOVFF       R1, ADC_Read_local_result+1
;__Lib_ADC_A_D.mpas,68 :: 		
0x0AA4	0x50C3      	MOVF        ADRESL, 0 
0x0AA6	0x0100      	MOVLB       0
0x0AA8	0x13A3      	IORWF       ADC_Read_local_result, 1, 1
0x0AAA	0x0E00      	MOVLW       0
0x0AAC	0x13A4      	IORWF       ADC_Read_local_result+1, 1, 1
;__Lib_ADC_A_D.mpas,69 :: 		
0x0AAE	0x90C2      	BCF         ADCON0, 0 
;__Lib_ADC_A_D.mpas,70 :: 		
0x0AB0	0xF000C0A3  	MOVFF       ADC_Read_local_result, R0
0x0AB4	0xF001C0A4  	MOVFF       ADC_Read_local_result+1, R1
L_end_ADC_Read:
0x0AB8	0x0012      	RETURN      0
; end of _ADC_Read
_Div_16x16_S_L:
;__Lib_Math.mpas,129 :: 		
;__Lib_Math.mpas,136 :: 		
0x0ABC	0x3401      	RLCF        R1, 0, 0
;__Lib_Math.mpas,137 :: 		
0x0ABE	0x3608      	RLCF        R8, 1, 0
;__Lib_Math.mpas,138 :: 		
0x0AC0	0x3609      	RLCF        R9, 1, 0
;__Lib_Math.mpas,139 :: 		
0x0AC2	0x5004      	MOVF        R4, 0, 0
;__Lib_Math.mpas,140 :: 		
0x0AC4	0x5E08      	SUBWF       R8, 1, 0
;__Lib_Math.mpas,141 :: 		
0x0AC6	0x5005      	MOVF        R5, 0, 0
;__Lib_Math.mpas,142 :: 		
0x0AC8	0xA0D8      	BTFSS       STATUS, 0, 0
;__Lib_Math.mpas,143 :: 		
0x0ACA	0x3C05      	INCFSZ      R5, 0, 0
;__Lib_Math.mpas,144 :: 		
0x0ACC	0x5E09      	SUBWF       R9, 1, 0
;__Lib_Math.mpas,145 :: 		
0x0ACE	0x3600      	RLCF        R0, 1, 0
;__Lib_Math.mpas,146 :: 		
0x0AD0	0x3601      	RLCF        R1, 1, 0
;__Lib_Math.mpas,148 :: 		
0x0AD2	0x0E0F      	MOVLW       15
;__Lib_Math.mpas,149 :: 		
0x0AD4	0x6E0C      	MOVWF       R12, 0
;__Lib_Math.mpas,151 :: 		
0x0AD6	0x3401      	RLCF        R1, 0, 0
;__Lib_Math.mpas,152 :: 		
0x0AD8	0x3608      	RLCF        R8, 1, 0
;__Lib_Math.mpas,153 :: 		
0x0ADA	0x3609      	RLCF        R9, 1, 0
;__Lib_Math.mpas,154 :: 		
0x0ADC	0x5004      	MOVF        R4, 0, 0
;__Lib_Math.mpas,156 :: 		
0x0ADE	0xA000      	BTFSS       R0, 0, 0
;__Lib_Math.mpas,157 :: 		
0x0AE0	0xD006      	BRA         $+14
;__Lib_Math.mpas,158 :: 		
0x0AE2	0x5E08      	SUBWF       R8, 1, 0
;__Lib_Math.mpas,159 :: 		
0x0AE4	0x5005      	MOVF        R5, 0, 0
;__Lib_Math.mpas,160 :: 		
0x0AE6	0xA0D8      	BTFSS       STATUS, 0, 0
;__Lib_Math.mpas,161 :: 		
0x0AE8	0x3C05      	INCFSZ      R5, 0, 0
;__Lib_Math.mpas,162 :: 		
0x0AEA	0x5E09      	SUBWF       R9, 1, 0
;__Lib_Math.mpas,163 :: 		
0x0AEC	0xD005      	BRA         $+12
;__Lib_Math.mpas,165 :: 		
0x0AEE	0x2608      	ADDWF       R8, 1, 0
;__Lib_Math.mpas,166 :: 		
0x0AF0	0x5005      	MOVF        R5, 0, 0
;__Lib_Math.mpas,167 :: 		
0x0AF2	0xB0D8      	BTFSC       STATUS, 0, 0
;__Lib_Math.mpas,168 :: 		
0x0AF4	0x3C05      	INCFSZ      R5, 0, 0
;__Lib_Math.mpas,169 :: 		
0x0AF6	0x2609      	ADDWF       R9, 1, 0
;__Lib_Math.mpas,171 :: 		
0x0AF8	0x3600      	RLCF        R0, 1, 0
;__Lib_Math.mpas,172 :: 		
0x0AFA	0x3601      	RLCF        R1, 1, 0
;__Lib_Math.mpas,174 :: 		
0x0AFC	0x2E0C      	DECFSZ      R12, 1, 0
;__Lib_Math.mpas,175 :: 		
0x0AFE	0xD7EB      	BRA         $-40
;__Lib_Math.mpas,177 :: 		
0x0B00	0xB000      	BTFSC       R0, 0, 0
;__Lib_Math.mpas,178 :: 		
0x0B02	0xD006      	BRA         $+14
;__Lib_Math.mpas,179 :: 		
0x0B04	0x5004      	MOVF        R4, 0, 0
;__Lib_Math.mpas,180 :: 		
0x0B06	0x2608      	ADDWF       R8, 1, 0
;__Lib_Math.mpas,181 :: 		
0x0B08	0x5005      	MOVF        R5, 0, 0
;__Lib_Math.mpas,182 :: 		
0x0B0A	0xB0D8      	BTFSC       STATUS, 0, 0
;__Lib_Math.mpas,183 :: 		
0x0B0C	0x3C05      	INCFSZ      R5, 0, 0
;__Lib_Math.mpas,184 :: 		
0x0B0E	0x2609      	ADDWF       R9, 1, 0
;__Lib_Math.mpas,185 :: 		
0x0B10	0x0000      	NOP
;__Lib_Math.mpas,187 :: 		
L_end_Div_16x16_S_L:
0x0B12	0x0012      	RETURN      0
; end of _Div_16x16_S_L
_BASLATMA_VEYA_BLOK_IPTAL_VAR_MI:
;tigkynk_18f.mbas,591 :: 		sub function BASLATMA_VEYA_BLOK_IPTAL_VAR_MI() as byte
;tigkynk_18f.mbas,592 :: 		result = 0
0x0B14	0x6A01      	CLRF        R1 
;tigkynk_18f.mbas,594 :: 		if setting_mode <> 0 then
0x0B16	0x0100      	MOVLB       0
0x0B18	0x516E      	MOVF        _setting_mode, 0, 1
0x0B1A	0x0A00      	XORLW       0
0x0B1C	0xE005      	BZ          L__BASLATMA_VEYA_BLOK_IPTAL_VAR_MI239
;tigkynk_18f.mbas,595 :: 		PORTD.6 = 1
0x0B1E	0x8C83      	BSF         PORTD, 6 
;tigkynk_18f.mbas,596 :: 		kaynak_izin = 0
0x0B20	0x6A4E      	CLRF        _kaynak_izin 
;tigkynk_18f.mbas,597 :: 		result = 1
0x0B22	0x0E01      	MOVLW       1
0x0B24	0x6E01      	MOVWF       R1 
;tigkynk_18f.mbas,598 :: 		exit
0x0B26	0xD009      	BRA         L_end__BASLATMA_VEYA_BLOK_IPTAL_VAR_MI
L__BASLATMA_VEYA_BLOK_IPTAL_VAR_MI239:
;tigkynk_18f.mbas,601 :: 		if ikidort = 1 then
0x0B28	0xA882      	BTFSS       PORTC, 4 
0x0B2A	0xD007      	BRA         L__BASLATMA_VEYA_BLOK_IPTAL_VAR_MI242
;tigkynk_18f.mbas,602 :: 		if TETIK = 1 then
0x0B2C	0xA084      	BTFSS       PORTE, 0 
0x0B2E	0xD005      	BRA         L__BASLATMA_VEYA_BLOK_IPTAL_VAR_MI245
;tigkynk_18f.mbas,603 :: 		PORTD.7 = 1
0x0B30	0x8E83      	BSF         PORTD, 7 
;tigkynk_18f.mbas,604 :: 		kaynak_izin = 0
0x0B32	0x6A4E      	CLRF        _kaynak_izin 
;tigkynk_18f.mbas,605 :: 		result = 1
0x0B34	0x0E01      	MOVLW       1
0x0B36	0x6E01      	MOVWF       R1 
;tigkynk_18f.mbas,606 :: 		exit
0x0B38	0xD000      	BRA         L_end__BASLATMA_VEYA_BLOK_IPTAL_VAR_MI
L__BASLATMA_VEYA_BLOK_IPTAL_VAR_MI245:
;tigkynk_18f.mbas,607 :: 		end if
L__BASLATMA_VEYA_BLOK_IPTAL_VAR_MI242:
;tigkynk_18f.mbas,609 :: 		end sub
L_end__BASLATMA_VEYA_BLOK_IPTAL_VAR_MI:
0x0B3A	0xF000C001  	MOVFF       R1, R0
L_end_BASLATMA_VEYA_BLOK_IPTAL_VAR_MI:
0x0B3E	0x0012      	RETURN      0
; end of _BASLATMA_VEYA_BLOK_IPTAL_VAR_MI
_ADC2_ORT_OKU:
;tigkynk_18f.mbas,542 :: 		dim dummy_adc as word
;tigkynk_18f.mbas,546 :: 		dummy_adc = ADC_Read(2)
0x0B40	0x0E02      	MOVLW       2
0x0B42	0x0100      	MOVLB       0
0x0B44	0x6FA2      	MOVWF       FARG_ADC_Read_channel, 1
0x0B46	0xDF92      	RCALL       _ADC_Read
;tigkynk_18f.mbas,547 :: 		Delay_us(50)
0x0B48	0x0E42      	MOVLW       66
0x0B4A	0x6E0D      	MOVWF       R13, 0
L__ADC2_ORT_OKU222:
0x0B4C	0x2E0D      	DECFSZ      R13, 1, 0
0x0B4E	0xD7FE      	BRA         L__ADC2_ORT_OKU222
0x0B50	0x0000      	NOP
;tigkynk_18f.mbas,549 :: 		adc_toplam = 0
0x0B52	0x6B9D      	CLRF        ADC2_ORT_OKU_adc_toplam, 1
0x0B54	0x6B9E      	CLRF        ADC2_ORT_OKU_adc_toplam+1, 1
0x0B56	0x6B9F      	CLRF        ADC2_ORT_OKU_adc_toplam+2, 1
0x0B58	0x6BA0      	CLRF        ADC2_ORT_OKU_adc_toplam+3, 1
;tigkynk_18f.mbas,551 :: 		for s = 1 to 4
0x0B5A	0x0E01      	MOVLW       1
0x0B5C	0x6FA1      	MOVWF       ADC2_ORT_OKU_s, 1
L__ADC2_ORT_OKU224:
;tigkynk_18f.mbas,552 :: 		adc_toplam = adc_toplam + ADC_Read(2)
0x0B5E	0x0E02      	MOVLW       2
0x0B60	0x6FA2      	MOVWF       FARG_ADC_Read_channel, 1
0x0B62	0xDF84      	RCALL       _ADC_Read
0x0B64	0x5000      	MOVF        R0, 0 
0x0B66	0x279D      	ADDWF       ADC2_ORT_OKU_adc_toplam, 1, 1
0x0B68	0x5001      	MOVF        R1, 0 
0x0B6A	0x239E      	ADDWFC      ADC2_ORT_OKU_adc_toplam+1, 1, 1
0x0B6C	0x0E00      	MOVLW       0
0x0B6E	0x239F      	ADDWFC      ADC2_ORT_OKU_adc_toplam+2, 1, 1
0x0B70	0x23A0      	ADDWFC      ADC2_ORT_OKU_adc_toplam+3, 1, 1
;tigkynk_18f.mbas,553 :: 		Delay_us(50)
0x0B72	0x0E42      	MOVLW       66
0x0B74	0x6E0D      	MOVWF       R13, 0
L__ADC2_ORT_OKU228:
0x0B76	0x2E0D      	DECFSZ      R13, 1, 0
0x0B78	0xD7FE      	BRA         L__ADC2_ORT_OKU228
0x0B7A	0x0000      	NOP
;tigkynk_18f.mbas,554 :: 		next s
0x0B7C	0x51A1      	MOVF        ADC2_ORT_OKU_s, 0, 1
0x0B7E	0x0A04      	XORLW       4
0x0B80	0xE002      	BZ          L__ADC2_ORT_OKU227
0x0B82	0x2BA1      	INCF        ADC2_ORT_OKU_s, 1, 1
0x0B84	0xD7EC      	BRA         L__ADC2_ORT_OKU224
L__ADC2_ORT_OKU227:
;tigkynk_18f.mbas,556 :: 		adc_ort = adc_toplam / 4
0x0B86	0xF000C09D  	MOVFF       ADC2_ORT_OKU_adc_toplam, R0
0x0B8A	0xF001C09E  	MOVFF       ADC2_ORT_OKU_adc_toplam+1, R1
0x0B8E	0xF002C09F  	MOVFF       ADC2_ORT_OKU_adc_toplam+2, R2
0x0B92	0xF003C0A0  	MOVFF       ADC2_ORT_OKU_adc_toplam+3, R3
0x0B96	0x3203      	RRCF        R3, 1 
0x0B98	0x3202      	RRCF        R2, 1 
0x0B9A	0x3201      	RRCF        R1, 1 
0x0B9C	0x3200      	RRCF        R0, 1 
0x0B9E	0x9E03      	BCF         R3, 7 
0x0BA0	0x3203      	RRCF        R3, 1 
0x0BA2	0x3202      	RRCF        R2, 1 
0x0BA4	0x3201      	RRCF        R1, 1 
0x0BA6	0x3200      	RRCF        R0, 1 
0x0BA8	0x9E03      	BCF         R3, 7 
;tigkynk_18f.mbas,560 :: 		result = adc_ort
0x0BAA	0xF09BC000  	MOVFF       R0, ADC2_ORT_OKU_local_result
0x0BAE	0xF09CC001  	MOVFF       R1, ADC2_ORT_OKU_local_result+1
;tigkynk_18f.mbas,561 :: 		end sub
0x0BB2	0xF000C09B  	MOVFF       ADC2_ORT_OKU_local_result, R0
0x0BB6	0xF001C09C  	MOVFF       ADC2_ORT_OKU_local_result+1, R1
L_end_ADC2_ORT_OKU:
0x0BBA	0x0012      	RETURN      0
; end of _ADC2_ORT_OKU
_ADC8_ORT_OKU:
;tigkynk_18f.mbas,568 :: 		dim dummy_adc as word
;tigkynk_18f.mbas,572 :: 		dummy_adc = ADC_Read(8)
0x0BC0	0x0E08      	MOVLW       8
0x0BC2	0x0100      	MOVLB       0
0x0BC4	0x6FA2      	MOVWF       FARG_ADC_Read_channel, 1
0x0BC6	0xDF52      	RCALL       _ADC_Read
;tigkynk_18f.mbas,573 :: 		Delay_us(50)
0x0BC8	0x0E42      	MOVLW       66
0x0BCA	0x6E0D      	MOVWF       R13, 0
L__ADC8_ORT_OKU230:
0x0BCC	0x2E0D      	DECFSZ      R13, 1, 0
0x0BCE	0xD7FE      	BRA         L__ADC8_ORT_OKU230
0x0BD0	0x0000      	NOP
;tigkynk_18f.mbas,575 :: 		adc_toplam = 0
0x0BD2	0x6B9D      	CLRF        ADC8_ORT_OKU_adc_toplam, 1
0x0BD4	0x6B9E      	CLRF        ADC8_ORT_OKU_adc_toplam+1, 1
0x0BD6	0x6B9F      	CLRF        ADC8_ORT_OKU_adc_toplam+2, 1
0x0BD8	0x6BA0      	CLRF        ADC8_ORT_OKU_adc_toplam+3, 1
;tigkynk_18f.mbas,577 :: 		for s = 1 to 4
0x0BDA	0x0E01      	MOVLW       1
0x0BDC	0x6FA1      	MOVWF       ADC8_ORT_OKU_s, 1
L__ADC8_ORT_OKU232:
;tigkynk_18f.mbas,578 :: 		adc_toplam = adc_toplam + ADC_Read(8)
0x0BDE	0x0E08      	MOVLW       8
0x0BE0	0x6FA2      	MOVWF       FARG_ADC_Read_channel, 1
0x0BE2	0xDF44      	RCALL       _ADC_Read
0x0BE4	0x5000      	MOVF        R0, 0 
0x0BE6	0x279D      	ADDWF       ADC8_ORT_OKU_adc_toplam, 1, 1
0x0BE8	0x5001      	MOVF        R1, 0 
0x0BEA	0x239E      	ADDWFC      ADC8_ORT_OKU_adc_toplam+1, 1, 1
0x0BEC	0x0E00      	MOVLW       0
0x0BEE	0x239F      	ADDWFC      ADC8_ORT_OKU_adc_toplam+2, 1, 1
0x0BF0	0x23A0      	ADDWFC      ADC8_ORT_OKU_adc_toplam+3, 1, 1
;tigkynk_18f.mbas,579 :: 		Delay_us(50)
0x0BF2	0x0E42      	MOVLW       66
0x0BF4	0x6E0D      	MOVWF       R13, 0
L__ADC8_ORT_OKU236:
0x0BF6	0x2E0D      	DECFSZ      R13, 1, 0
0x0BF8	0xD7FE      	BRA         L__ADC8_ORT_OKU236
0x0BFA	0x0000      	NOP
;tigkynk_18f.mbas,580 :: 		next s
0x0BFC	0x51A1      	MOVF        ADC8_ORT_OKU_s, 0, 1
0x0BFE	0x0A04      	XORLW       4
0x0C00	0xE002      	BZ          L__ADC8_ORT_OKU235
0x0C02	0x2BA1      	INCF        ADC8_ORT_OKU_s, 1, 1
0x0C04	0xD7EC      	BRA         L__ADC8_ORT_OKU232
L__ADC8_ORT_OKU235:
;tigkynk_18f.mbas,582 :: 		adc_ort = adc_toplam / 4
0x0C06	0xF000C09D  	MOVFF       ADC8_ORT_OKU_adc_toplam, R0
0x0C0A	0xF001C09E  	MOVFF       ADC8_ORT_OKU_adc_toplam+1, R1
0x0C0E	0xF002C09F  	MOVFF       ADC8_ORT_OKU_adc_toplam+2, R2
0x0C12	0xF003C0A0  	MOVFF       ADC8_ORT_OKU_adc_toplam+3, R3
0x0C16	0x3203      	RRCF        R3, 1 
0x0C18	0x3202      	RRCF        R2, 1 
0x0C1A	0x3201      	RRCF        R1, 1 
0x0C1C	0x3200      	RRCF        R0, 1 
0x0C1E	0x9E03      	BCF         R3, 7 
0x0C20	0x3203      	RRCF        R3, 1 
0x0C22	0x3202      	RRCF        R2, 1 
0x0C24	0x3201      	RRCF        R1, 1 
0x0C26	0x3200      	RRCF        R0, 1 
0x0C28	0x9E03      	BCF         R3, 7 
;tigkynk_18f.mbas,583 :: 		kisa_devre_adc = adc_ort
0x0C2A	0xF054C000  	MOVFF       R0, _kisa_devre_adc
0x0C2E	0xF055C001  	MOVFF       R1, _kisa_devre_adc+1
;tigkynk_18f.mbas,587 :: 		result = adc_ort
0x0C32	0xF09BC000  	MOVFF       R0, ADC8_ORT_OKU_local_result
0x0C36	0xF09CC001  	MOVFF       R1, ADC8_ORT_OKU_local_result+1
;tigkynk_18f.mbas,588 :: 		end sub
0x0C3A	0xF000C09B  	MOVFF       ADC8_ORT_OKU_local_result, R0
0x0C3E	0xF001C09C  	MOVFF       ADC8_ORT_OKU_local_result+1, R1
L_end_ADC8_ORT_OKU:
0x0C42	0x0012      	RETURN      0
; end of _ADC8_ORT_OKU
_PWM1_Set_Duty:
;__Lib_PWM_c21.mpas,25 :: 		
;__Lib_PWM_c21.mpas,26 :: 		
0x0C48	0x0E01      	MOVLW       1
0x0C4A	0x6E00      	MOVWF       R0 
0x0C4C	0x0E00      	MOVLW       0
0x0C4E	0x6E01      	MOVWF       R1 
0x0C50	0x50CB      	MOVF        PR2, 0 
0x0C52	0x2600      	ADDWF       R0, 1 
0x0C54	0xB0D8      	BTFSC       STATUS, 0 
0x0C56	0x2A01      	INCF        R1, 1 
0x0C58	0xF004C09B  	MOVFF       FARG_PWM1_Set_Duty_new_duty, R4
0x0C5C	0x0E00      	MOVLW       0
0x0C5E	0x6E05      	MOVWF       R5 
0x0C60	0xDDE9      	RCALL       _Mul_16x16_U
0x0C62	0x0E06      	MOVLW       6
0x0C64	0x6E02      	MOVWF       R2 
0x0C66	0xF004C000  	MOVFF       R0, R4
0x0C6A	0xF005C001  	MOVFF       R1, R5
0x0C6E	0x5002      	MOVF        R2, 0 
L__PWM1_Set_Duty10:
0x0C70	0xE005      	BZ          L__PWM1_Set_Duty11
0x0C72	0x3205      	RRCF        R5, 1 
0x0C74	0x3204      	RRCF        R4, 1 
0x0C76	0x9E05      	BCF         R5, 7 
0x0C78	0x0FFF      	ADDLW       255
0x0C7A	0xD7FA      	BRA         L__PWM1_Set_Duty10
L__PWM1_Set_Duty11:
;__Lib_PWM_c21.mpas,27 :: 		
0x0C7C	0x0E04      	MOVLW       4
0x0C7E	0x6E01      	MOVWF       R1 
0x0C80	0xF000C004  	MOVFF       R4, R0
0x0C84	0x5001      	MOVF        R1, 0 
L__PWM1_Set_Duty12:
0x0C86	0xE004      	BZ          L__PWM1_Set_Duty13
0x0C88	0x3600      	RLCF        R0, 1 
0x0C8A	0x9000      	BCF         R0, 0 
0x0C8C	0x0FFF      	ADDLW       255
0x0C8E	0xD7FB      	BRA         L__PWM1_Set_Duty12
L__PWM1_Set_Duty13:
0x0C90	0x0E30      	MOVLW       48
0x0C92	0x1400      	ANDWF       R0, 0 
0x0C94	0x6E03      	MOVWF       R3 
;__Lib_PWM_c21.mpas,28 :: 		
0x0C96	0xF000C004  	MOVFF       R4, R0
0x0C9A	0xF001C005  	MOVFF       R5, R1
0x0C9E	0x3201      	RRCF        R1, 1 
0x0CA0	0x3200      	RRCF        R0, 1 
0x0CA2	0x9E01      	BCF         R1, 7 
0x0CA4	0x3201      	RRCF        R1, 1 
0x0CA6	0x3200      	RRCF        R0, 1 
0x0CA8	0x9E01      	BCF         R1, 7 
0x0CAA	0xFFBEC000  	MOVFF       R0, CCPR1L
;__Lib_PWM_c21.mpas,29 :: 		
0x0CAE	0x0E0F      	MOVLW       15
0x0CB0	0x16BD      	ANDWF       CCP1CON, 1 
;__Lib_PWM_c21.mpas,30 :: 		
0x0CB2	0x5003      	MOVF        R3, 0 
0x0CB4	0x12BD      	IORWF       CCP1CON, 1 
;__Lib_PWM_c21.mpas,31 :: 		
L_end_PWM1_Set_Duty:
0x0CB6	0x0012      	RETURN      0
; end of _PWM1_Set_Duty
_PWM1_Stop:
;__Lib_PWM_c21.mpas,41 :: 		
;__Lib_PWM_c21.mpas,42 :: 		
0x0CBA	0x8494      	BSF         TRISC2_bit, BitPos(TRISC2_bit+0) 
;__Lib_PWM_c21.mpas,43 :: 		
0x0CBC	0x0EF0      	MOVLW       240
0x0CBE	0x16BD      	ANDWF       CCP1CON, 1 
;__Lib_PWM_c21.mpas,44 :: 		
L_end_PWM1_Stop:
0x0CC0	0x0012      	RETURN      0
; end of _PWM1_Stop
_Div_16x16_S:
;__Lib_Math.mpas,191 :: 		
;__Lib_Math.mpas,199 :: 		
0x0CC2	0x5004      	MOVF        R4, 0 
0x0CC4	0x0A00      	XORLW       0
0x0CC6	0xE108      	BNZ         L__Div_16x16_S5
;__Lib_Math.mpas,200 :: 		
0x0CC8	0x5005      	MOVF        R5, 0 
0x0CCA	0x0A00      	XORLW       0
0x0CCC	0xE105      	BNZ         L__Div_16x16_S8
;__Lib_Math.mpas,202 :: 		
0x0CCE	0x0EFF      	MOVLW       255
0x0CD0	0x6E00      	MOVWF       R0 
;__Lib_Math.mpas,203 :: 		
0x0CD2	0x0E7F      	MOVLW       127
0x0CD4	0x6E01      	MOVWF       R1 
;__Lib_Math.mpas,204 :: 		
0x0CD6	0xD057      	BRA         L_end__Div_16x16_S
;__Lib_Math.mpas,205 :: 		
L__Div_16x16_S8:
L__Div_16x16_S5:
;__Lib_Math.mpas,208 :: 		
0x0CD8	0x6A0D      	CLRF        R13, 0
;__Lib_Math.mpas,209 :: 		
0x0CDA	0x6A09      	CLRF        R9, 0
;__Lib_Math.mpas,210 :: 		
0x0CDC	0x6A08      	CLRF        R8, 0
;__Lib_Math.mpas,211 :: 		
0x0CDE	0x5001      	MOVF        R1, 0, 0
;__Lib_Math.mpas,212 :: 		
0x0CE0	0x1000      	IORWF       R0, 0, 0
;__Lib_Math.mpas,213 :: 		
0x0CE2	0xB4D8      	BTFSC       STATUS, 2, 0
;__Lib_Math.mpas,214 :: 		
0x0CE4	0x0C00      	RETLW       0
;__Lib_Math.mpas,216 :: 		
0x0CE6	0x5001      	MOVF        R1, 0, 0
;__Lib_Math.mpas,217 :: 		
0x0CE8	0x1805      	XORWF       R5, 0, 0
;__Lib_Math.mpas,218 :: 		
0x0CEA	0x6E0A      	MOVWF       R10, 0
;__Lib_Math.mpas,219 :: 		
0x0CEC	0xBE0A      	BTFSC       R10, 7, 0
;__Lib_Math.mpas,220 :: 		
0x0CEE	0x1E0D      	COMF        R13, 1, 0
;__Lib_Math.mpas,222 :: 		
0x0CF0	0x6A0B      	CLRF        R11, 0
;__Lib_Math.mpas,224 :: 		
0x0CF2	0xAE05      	BTFSS       R5, 7, 0
;__Lib_Math.mpas,225 :: 		
0x0CF4	0xD005      	BRA         $+12
;__Lib_Math.mpas,227 :: 		
0x0CF6	0x1E04      	COMF        R4, 1, 0
;__Lib_Math.mpas,228 :: 		
0x0CF8	0x1E05      	COMF        R5, 1, 0
;__Lib_Math.mpas,229 :: 		
0x0CFA	0x2A04      	INCF        R4, 1, 0
;__Lib_Math.mpas,230 :: 		
0x0CFC	0xB4D8      	BTFSC       STATUS, 2, 0
;__Lib_Math.mpas,231 :: 		
0x0CFE	0x2A05      	INCF        R5, 1, 0
;__Lib_Math.mpas,233 :: 		
0x0D00	0xAE01      	BTFSS       R1, 7, 0
;__Lib_Math.mpas,234 :: 		
0x0D02	0xD005      	BRA         $+12
;__Lib_Math.mpas,236 :: 		
0x0D04	0x1E00      	COMF        R0, 1, 0
;__Lib_Math.mpas,237 :: 		
0x0D06	0x1E01      	COMF        R1, 1, 0
;__Lib_Math.mpas,238 :: 		
0x0D08	0x2A00      	INCF        R0, 1, 0
;__Lib_Math.mpas,239 :: 		
0x0D0A	0xB4D8      	BTFSC       STATUS, 2, 0
;__Lib_Math.mpas,240 :: 		
0x0D0C	0x2A01      	INCF        R1, 1, 0
;__Lib_Math.mpas,242 :: 		
0x0D0E	0x5001      	MOVF        R1, 0, 0
;__Lib_Math.mpas,243 :: 		
0x0D10	0x1005      	IORWF       R5, 0, 0
;__Lib_Math.mpas,244 :: 		
0x0D12	0x6E0A      	MOVWF       R10, 0
;__Lib_Math.mpas,245 :: 		
0x0D14	0xBE0A      	BTFSC       R10, 7, 0
;__Lib_Math.mpas,246 :: 		
0x0D16	0xD010      	BRA         $+34
;__Lib_Math.mpas,248 :: 		
0x0D18	0xDED1      	RCALL       _Div_16x16_S_L
;__Lib_Math.mpas,250 :: 		
0x0D1A	0xB00B      	BTFSC       R11, 0, 0
;__Lib_Math.mpas,251 :: 		
0x0D1C	0xD020      	BRA         $+66
;__Lib_Math.mpas,253 :: 		
0x0D1E	0xAE0D      	BTFSS       R13, 7, 0
;__Lib_Math.mpas,254 :: 		
0x0D20	0x0C00      	RETLW       0
;__Lib_Math.mpas,256 :: 		
0x0D22	0x1E00      	COMF        R0, 1, 0
;__Lib_Math.mpas,257 :: 		
0x0D24	0x1E01      	COMF        R1, 1, 0
;__Lib_Math.mpas,258 :: 		
0x0D26	0x2A00      	INCF        R0, 1, 0
;__Lib_Math.mpas,259 :: 		
0x0D28	0xB4D8      	BTFSC       STATUS, 2, 0
;__Lib_Math.mpas,260 :: 		
0x0D2A	0x2A01      	INCF        R1, 1, 0
;__Lib_Math.mpas,262 :: 		
0x0D2C	0x1E08      	COMF        R8, 1, 0
;__Lib_Math.mpas,263 :: 		
0x0D2E	0x1E09      	COMF        R9, 1, 0
;__Lib_Math.mpas,264 :: 		
0x0D30	0x2A08      	INCF        R8, 1, 0
;__Lib_Math.mpas,265 :: 		
0x0D32	0xB4D8      	BTFSC       STATUS, 2, 0
;__Lib_Math.mpas,266 :: 		
0x0D34	0x2A09      	INCF        R9, 1, 0
;__Lib_Math.mpas,268 :: 		
0x0D36	0x0C00      	RETLW       0
;__Lib_Math.mpas,270 :: 		
0x0D38	0xAE05      	BTFSS       R5, 7, 0
;__Lib_Math.mpas,271 :: 		
0x0D3A	0xD00D      	BRA         $+28
;__Lib_Math.mpas,272 :: 		
0x0D3C	0xBE01      	BTFSC       R1, 7, 0
;__Lib_Math.mpas,273 :: 		
0x0D3E	0xD007      	BRA         $+16
;__Lib_Math.mpas,274 :: 		
0x0D40	0x5001      	MOVF        R1, 0, 0
;__Lib_Math.mpas,275 :: 		
0x0D42	0x6E09      	MOVWF       R9, 0
;__Lib_Math.mpas,276 :: 		
0x0D44	0x5000      	MOVF        R0, 0, 0
;__Lib_Math.mpas,277 :: 		
0x0D46	0x6E08      	MOVWF       R8, 0
;__Lib_Math.mpas,278 :: 		
0x0D48	0x6A01      	CLRF        R1, 0
;__Lib_Math.mpas,279 :: 		
0x0D4A	0x6A00      	CLRF        R0, 0
;__Lib_Math.mpas,280 :: 		
0x0D4C	0xD7E8      	BRA         $-46
;__Lib_Math.mpas,281 :: 		
0x0D4E	0x6A01      	CLRF        R1, 0
;__Lib_Math.mpas,282 :: 		
0x0D50	0x6A00      	CLRF        R0, 0
;__Lib_Math.mpas,283 :: 		
0x0D52	0x2A00      	INCF        R0, 1, 0
;__Lib_Math.mpas,284 :: 		
0x0D54	0x0C00      	RETLW       0
;__Lib_Math.mpas,286 :: 		
0x0D56	0x1E01      	COMF        R1, 1, 0
;__Lib_Math.mpas,287 :: 		
0x0D58	0x1E00      	COMF        R0, 1, 0
;__Lib_Math.mpas,288 :: 		
0x0D5A	0x2A0B      	INCF        R11, 1, 0
;__Lib_Math.mpas,289 :: 		
0x0D5C	0xD7DD      	BRA         $-68
;__Lib_Math.mpas,291 :: 		
0x0D5E	0x2A08      	INCF        R8, 1, 0
;__Lib_Math.mpas,292 :: 		
0x0D60	0xB4D8      	BTFSC       STATUS, 2, 0
;__Lib_Math.mpas,293 :: 		
0x0D62	0x2A09      	INCF        R9, 1, 0
;__Lib_Math.mpas,294 :: 		
0x0D64	0x5004      	MOVF        R4, 0, 0
;__Lib_Math.mpas,295 :: 		
0x0D66	0x5C08      	SUBWF       R8, 0, 0
;__Lib_Math.mpas,296 :: 		
0x0D68	0xA4D8      	BTFSS       STATUS, 2, 0
;__Lib_Math.mpas,297 :: 		
0x0D6A	0xD7D9      	BRA         $-76
;__Lib_Math.mpas,298 :: 		
0x0D6C	0x5005      	MOVF        R5, 0, 0
;__Lib_Math.mpas,299 :: 		
0x0D6E	0x5C09      	SUBWF       R9, 0, 0
;__Lib_Math.mpas,300 :: 		
0x0D70	0xA4D8      	BTFSS       STATUS, 2, 0
;__Lib_Math.mpas,301 :: 		
0x0D72	0xD7D5      	BRA         $-84
;__Lib_Math.mpas,302 :: 		
0x0D74	0x6A09      	CLRF        R9, 0
;__Lib_Math.mpas,303 :: 		
0x0D76	0x6A08      	CLRF        R8, 0
;__Lib_Math.mpas,304 :: 		
0x0D78	0x2A00      	INCF        R0, 1, 0
;__Lib_Math.mpas,305 :: 		
0x0D7A	0xB4D8      	BTFSC       STATUS, 2, 0
;__Lib_Math.mpas,306 :: 		
0x0D7C	0x2A01      	INCF        R1, 1, 0
;__Lib_Math.mpas,307 :: 		
0x0D7E	0xAE01      	BTFSS       R1, 7, 0
;__Lib_Math.mpas,308 :: 		
0x0D80	0xD7CE      	BRA         $-98
;__Lib_Math.mpas,309 :: 		
0x0D82	0x0000      	NOP
;__Lib_Math.mpas,310 :: 		
0x0D84	0x0CFF      	RETLW       255
;__Lib_Math.mpas,312 :: 		
L_end__Div_16x16_S:
L_end_Div_16x16_S:
0x0D86	0x0012      	RETURN      0
; end of _Div_16x16_S
_AKIM_TO_DUTY:
;tigkynk_18f.mbas,504 :: 		dim duty_temp as longint
;tigkynk_18f.mbas,506 :: 		if akim <= 0 then
0x0D8A	0x0E80      	MOVLW       128
0x0D8C	0x6E00      	MOVWF       R0 
0x0D8E	0x0E80      	MOVLW       128
0x0D90	0x0100      	MOVLB       0
0x0D92	0x199C      	XORWF       FARG_AKIM_TO_DUTY_akim+1, 0, 1
0x0D94	0x5C00      	SUBWF       R0, 0 
0x0D96	0xE102      	BNZ         L__AKIM_TO_DUTY804
0x0D98	0x519B      	MOVF        FARG_AKIM_TO_DUTY_akim, 0, 1
0x0D9A	0x0800      	SUBLW       0
L__AKIM_TO_DUTY804:
0x0D9C	0xE302      	BNC         L__AKIM_TO_DUTY207
;tigkynk_18f.mbas,507 :: 		result = 0
0x0D9E	0x6B9D      	CLRF        AKIM_TO_DUTY_local_result, 1
;tigkynk_18f.mbas,508 :: 		exit
0x0DA0	0xD08E      	BRA         L_end__AKIM_TO_DUTY
L__AKIM_TO_DUTY207:
;tigkynk_18f.mbas,511 :: 		if akim <= 10 then
0x0DA2	0x0E80      	MOVLW       128
0x0DA4	0x6E00      	MOVWF       R0 
0x0DA6	0x0E80      	MOVLW       128
0x0DA8	0x199C      	XORWF       FARG_AKIM_TO_DUTY_akim+1, 0, 1
0x0DAA	0x5C00      	SUBWF       R0, 0 
0x0DAC	0xE102      	BNZ         L__AKIM_TO_DUTY805
0x0DAE	0x519B      	MOVF        FARG_AKIM_TO_DUTY_akim, 0, 1
0x0DB0	0x080A      	SUBLW       10
L__AKIM_TO_DUTY805:
0x0DB2	0xE303      	BNC         L__AKIM_TO_DUTY210
;tigkynk_18f.mbas,512 :: 		result = 30
0x0DB4	0x0E1E      	MOVLW       30
0x0DB6	0x6F9D      	MOVWF       AKIM_TO_DUTY_local_result, 1
;tigkynk_18f.mbas,513 :: 		exit
0x0DB8	0xD082      	BRA         L_end__AKIM_TO_DUTY
L__AKIM_TO_DUTY210:
;tigkynk_18f.mbas,516 :: 		if akim >= 200 then
0x0DBA	0x0E80      	MOVLW       128
0x0DBC	0x199C      	XORWF       FARG_AKIM_TO_DUTY_akim+1, 0, 1
0x0DBE	0x6E00      	MOVWF       R0 
0x0DC0	0x0E80      	MOVLW       128
0x0DC2	0x5C00      	SUBWF       R0, 0 
0x0DC4	0xE102      	BNZ         L__AKIM_TO_DUTY806
0x0DC6	0x0EC8      	MOVLW       200
0x0DC8	0x5D9B      	SUBWF       FARG_AKIM_TO_DUTY_akim, 0, 1
L__AKIM_TO_DUTY806:
0x0DCA	0xE303      	BNC         L__AKIM_TO_DUTY213
;tigkynk_18f.mbas,517 :: 		result = 127
0x0DCC	0x0E7F      	MOVLW       127
0x0DCE	0x6F9D      	MOVWF       AKIM_TO_DUTY_local_result, 1
;tigkynk_18f.mbas,518 :: 		exit
0x0DD0	0xD076      	BRA         L_end__AKIM_TO_DUTY
L__AKIM_TO_DUTY213:
;tigkynk_18f.mbas,521 :: 		duty_temp = akim - 10
0x0DD2	0xF000C09B  	MOVFF       FARG_AKIM_TO_DUTY_akim, R0
0x0DD6	0xF001C09C  	MOVFF       FARG_AKIM_TO_DUTY_akim+1, R1
0x0DDA	0x0E00      	MOVLW       0
0x0DDC	0xBF9C      	BTFSC       FARG_AKIM_TO_DUTY_akim+1, 7, 1
0x0DDE	0x0EFF      	MOVLW       255
0x0DE0	0x6E02      	MOVWF       R2 
0x0DE2	0x6E03      	MOVWF       R3 
0x0DE4	0x0E0A      	MOVLW       10
0x0DE6	0x5E00      	SUBWF       R0, 1 
0x0DE8	0x0E00      	MOVLW       0
0x0DEA	0x5A01      	SUBWFB      R1, 1 
0x0DEC	0x5A02      	SUBWFB      R2, 1 
0x0DEE	0x5A03      	SUBWFB      R3, 1 
0x0DF0	0xF09EC000  	MOVFF       R0, AKIM_TO_DUTY_duty_temp
0x0DF4	0xF09FC001  	MOVFF       R1, AKIM_TO_DUTY_duty_temp+1
0x0DF8	0xF0A0C002  	MOVFF       R2, AKIM_TO_DUTY_duty_temp+2
0x0DFC	0xF0A1C003  	MOVFF       R3, AKIM_TO_DUTY_duty_temp+3
;tigkynk_18f.mbas,522 :: 		duty_temp = duty_temp * 97
0x0E00	0x0E61      	MOVLW       97
0x0E02	0x6E04      	MOVWF       R4 
0x0E04	0x0E00      	MOVLW       0
0x0E06	0x6E05      	MOVWF       R5 
0x0E08	0x6E06      	MOVWF       R6 
0x0E0A	0x6E07      	MOVWF       R7 
0x0E0C	0xF001EC3E  	CALL        _Mul_32x32_U, 0
0x0E10	0xF09EC000  	MOVFF       R0, AKIM_TO_DUTY_duty_temp
0x0E14	0xF09FC001  	MOVFF       R1, AKIM_TO_DUTY_duty_temp+1
0x0E18	0xF0A0C002  	MOVFF       R2, AKIM_TO_DUTY_duty_temp+2
0x0E1C	0xF0A1C003  	MOVFF       R3, AKIM_TO_DUTY_duty_temp+3
;tigkynk_18f.mbas,523 :: 		duty_temp = duty_temp / 190
0x0E20	0x0EBE      	MOVLW       190
0x0E22	0x6E04      	MOVWF       R4 
0x0E24	0x0E00      	MOVLW       0
0x0E26	0x6E05      	MOVWF       R5 
0x0E28	0x6E06      	MOVWF       R6 
0x0E2A	0x6E07      	MOVWF       R7 
0x0E2C	0xDD2B      	RCALL       _Div_32x32_S
0x0E2E	0xF09EC000  	MOVFF       R0, AKIM_TO_DUTY_duty_temp
0x0E32	0xF09FC001  	MOVFF       R1, AKIM_TO_DUTY_duty_temp+1
0x0E36	0xF0A0C002  	MOVFF       R2, AKIM_TO_DUTY_duty_temp+2
0x0E3A	0xF0A1C003  	MOVFF       R3, AKIM_TO_DUTY_duty_temp+3
;tigkynk_18f.mbas,524 :: 		duty_temp = duty_temp + 30
0x0E3E	0x0E1E      	MOVLW       30
0x0E40	0x2400      	ADDWF       R0, 0 
0x0E42	0x6E04      	MOVWF       R4 
0x0E44	0x0E00      	MOVLW       0
0x0E46	0x2001      	ADDWFC      R1, 0 
0x0E48	0x6E05      	MOVWF       R5 
0x0E4A	0x0E00      	MOVLW       0
0x0E4C	0x2002      	ADDWFC      R2, 0 
0x0E4E	0x6E06      	MOVWF       R6 
0x0E50	0x0E00      	MOVLW       0
0x0E52	0x2003      	ADDWFC      R3, 0 
0x0E54	0x6E07      	MOVWF       R7 
0x0E56	0xF09EC004  	MOVFF       R4, AKIM_TO_DUTY_duty_temp
0x0E5A	0xF09FC005  	MOVFF       R5, AKIM_TO_DUTY_duty_temp+1
0x0E5E	0xF0A0C006  	MOVFF       R6, AKIM_TO_DUTY_duty_temp+2
0x0E62	0xF0A1C007  	MOVFF       R7, AKIM_TO_DUTY_duty_temp+3
;tigkynk_18f.mbas,526 :: 		if duty_temp < 0 then
0x0E66	0x0E80      	MOVLW       128
0x0E68	0x1807      	XORWF       R7, 0 
0x0E6A	0x6E00      	MOVWF       R0 
0x0E6C	0x0E80      	MOVLW       128
0x0E6E	0x5C00      	SUBWF       R0, 0 
0x0E70	0xE108      	BNZ         L__AKIM_TO_DUTY807
0x0E72	0x0E00      	MOVLW       0
0x0E74	0x5C06      	SUBWF       R6, 0 
0x0E76	0xE105      	BNZ         L__AKIM_TO_DUTY807
0x0E78	0x0E00      	MOVLW       0
0x0E7A	0x5C05      	SUBWF       R5, 0 
0x0E7C	0xE102      	BNZ         L__AKIM_TO_DUTY807
0x0E7E	0x0E00      	MOVLW       0
0x0E80	0x5C04      	SUBWF       R4, 0 
L__AKIM_TO_DUTY807:
0x0E82	0xE205      	BC          L__AKIM_TO_DUTY216
;tigkynk_18f.mbas,527 :: 		duty_temp = 0
0x0E84	0x0100      	MOVLB       0
0x0E86	0x6B9E      	CLRF        AKIM_TO_DUTY_duty_temp, 1
0x0E88	0x6B9F      	CLRF        AKIM_TO_DUTY_duty_temp+1, 1
0x0E8A	0x6BA0      	CLRF        AKIM_TO_DUTY_duty_temp+2, 1
0x0E8C	0x6BA1      	CLRF        AKIM_TO_DUTY_duty_temp+3, 1
L__AKIM_TO_DUTY216:
0x0E8E	0x0100      	MOVLB       0
;tigkynk_18f.mbas,530 :: 		if duty_temp > 255 then
0x0E90	0x0E80      	MOVLW       128
0x0E92	0x6E00      	MOVWF       R0 
0x0E94	0x0E80      	MOVLW       128
0x0E96	0x19A1      	XORWF       AKIM_TO_DUTY_duty_temp+3, 0, 1
0x0E98	0x5C00      	SUBWF       R0, 0 
0x0E9A	0xE108      	BNZ         L__AKIM_TO_DUTY808
0x0E9C	0x51A0      	MOVF        AKIM_TO_DUTY_duty_temp+2, 0, 1
0x0E9E	0x0800      	SUBLW       0
0x0EA0	0xE105      	BNZ         L__AKIM_TO_DUTY808
0x0EA2	0x519F      	MOVF        AKIM_TO_DUTY_duty_temp+1, 0, 1
0x0EA4	0x0800      	SUBLW       0
0x0EA6	0xE102      	BNZ         L__AKIM_TO_DUTY808
0x0EA8	0x519E      	MOVF        AKIM_TO_DUTY_duty_temp, 0, 1
0x0EAA	0x08FF      	SUBLW       255
L__AKIM_TO_DUTY808:
0x0EAC	0xE206      	BC          L__AKIM_TO_DUTY219
;tigkynk_18f.mbas,531 :: 		duty_temp = 255
0x0EAE	0x0EFF      	MOVLW       255
0x0EB0	0x6F9E      	MOVWF       AKIM_TO_DUTY_duty_temp, 1
0x0EB2	0x0E00      	MOVLW       0
0x0EB4	0x6F9F      	MOVWF       AKIM_TO_DUTY_duty_temp+1, 1
0x0EB6	0x6FA0      	MOVWF       AKIM_TO_DUTY_duty_temp+2, 1
0x0EB8	0x6FA1      	MOVWF       AKIM_TO_DUTY_duty_temp+3, 1
L__AKIM_TO_DUTY219:
;tigkynk_18f.mbas,534 :: 		result = duty_temp
0x0EBA	0xF09DC09E  	MOVFF       AKIM_TO_DUTY_duty_temp, AKIM_TO_DUTY_local_result
;tigkynk_18f.mbas,535 :: 		end sub
L_end__AKIM_TO_DUTY:
0x0EBE	0xF000C09D  	MOVFF       AKIM_TO_DUTY_local_result, R0
L_end_AKIM_TO_DUTY:
0x0EC2	0x0012      	RETURN      0
; end of _AKIM_TO_DUTY
_AKIM_OKU:
;tigkynk_18f.mbas,643 :: 		dim dummy_adc as word
;tigkynk_18f.mbas,647 :: 		dummy_adc = ADC_Read(2)
0x0EC6	0x0E02      	MOVLW       2
0x0EC8	0x0100      	MOVLB       0
0x0ECA	0x6FA2      	MOVWF       FARG_ADC_Read_channel, 1
0x0ECC	0xDDCF      	RCALL       _ADC_Read
;tigkynk_18f.mbas,648 :: 		Delay_us(50)
0x0ECE	0x0E42      	MOVLW       66
0x0ED0	0x6E0D      	MOVWF       R13, 0
L__AKIM_OKU256:
0x0ED2	0x2E0D      	DECFSZ      R13, 1, 0
0x0ED4	0xD7FE      	BRA         L__AKIM_OKU256
0x0ED6	0x0000      	NOP
;tigkynk_18f.mbas,650 :: 		adc_toplam = 0
0x0ED8	0x6B9D      	CLRF        AKIM_OKU_adc_toplam, 1
0x0EDA	0x6B9E      	CLRF        AKIM_OKU_adc_toplam+1, 1
0x0EDC	0x6B9F      	CLRF        AKIM_OKU_adc_toplam+2, 1
0x0EDE	0x6BA0      	CLRF        AKIM_OKU_adc_toplam+3, 1
;tigkynk_18f.mbas,652 :: 		for s = 1 to 8
0x0EE0	0x0E01      	MOVLW       1
0x0EE2	0x6FA1      	MOVWF       AKIM_OKU_s, 1
L__AKIM_OKU258:
;tigkynk_18f.mbas,653 :: 		adc_toplam = adc_toplam + ADC_Read(2)
0x0EE4	0x0E02      	MOVLW       2
0x0EE6	0x6FA2      	MOVWF       FARG_ADC_Read_channel, 1
0x0EE8	0xDDC1      	RCALL       _ADC_Read
0x0EEA	0x5000      	MOVF        R0, 0 
0x0EEC	0x279D      	ADDWF       AKIM_OKU_adc_toplam, 1, 1
0x0EEE	0x5001      	MOVF        R1, 0 
0x0EF0	0x239E      	ADDWFC      AKIM_OKU_adc_toplam+1, 1, 1
0x0EF2	0x0E00      	MOVLW       0
0x0EF4	0x239F      	ADDWFC      AKIM_OKU_adc_toplam+2, 1, 1
0x0EF6	0x23A0      	ADDWFC      AKIM_OKU_adc_toplam+3, 1, 1
;tigkynk_18f.mbas,654 :: 		Delay_us(50)
0x0EF8	0x0E42      	MOVLW       66
0x0EFA	0x6E0D      	MOVWF       R13, 0
L__AKIM_OKU262:
0x0EFC	0x2E0D      	DECFSZ      R13, 1, 0
0x0EFE	0xD7FE      	BRA         L__AKIM_OKU262
0x0F00	0x0000      	NOP
;tigkynk_18f.mbas,655 :: 		next s
0x0F02	0x51A1      	MOVF        AKIM_OKU_s, 0, 1
0x0F04	0x0A08      	XORLW       8
0x0F06	0xE002      	BZ          L__AKIM_OKU261
0x0F08	0x2BA1      	INCF        AKIM_OKU_s, 1, 1
0x0F0A	0xD7EC      	BRA         L__AKIM_OKU258
L__AKIM_OKU261:
;tigkynk_18f.mbas,657 :: 		adc_ort = adc_toplam / 8
0x0F0C	0x0E03      	MOVLW       3
0x0F0E	0x6E04      	MOVWF       R4 
0x0F10	0xF000C09D  	MOVFF       AKIM_OKU_adc_toplam, R0
0x0F14	0xF001C09E  	MOVFF       AKIM_OKU_adc_toplam+1, R1
0x0F18	0xF002C09F  	MOVFF       AKIM_OKU_adc_toplam+2, R2
0x0F1C	0xF003C0A0  	MOVFF       AKIM_OKU_adc_toplam+3, R3
0x0F20	0x5004      	MOVF        R4, 0 
L__AKIM_OKU817:
0x0F22	0xE007      	BZ          L__AKIM_OKU818
0x0F24	0x3203      	RRCF        R3, 1 
0x0F26	0x3202      	RRCF        R2, 1 
0x0F28	0x3201      	RRCF        R1, 1 
0x0F2A	0x3200      	RRCF        R0, 1 
0x0F2C	0x9E03      	BCF         R3, 7 
0x0F2E	0x0FFF      	ADDLW       255
0x0F30	0xD7F8      	BRA         L__AKIM_OKU817
L__AKIM_OKU818:
;tigkynk_18f.mbas,658 :: 		akim_adc = adc_ort
0x0F32	0xF06AC000  	MOVFF       R0, _akim_adc
0x0F36	0xF06BC001  	MOVFF       R1, _akim_adc+1
;tigkynk_18f.mbas,662 :: 		result = ADC_TO_AKIM(adc_ort)
0x0F3A	0xF0A2C000  	MOVFF       R0, FARG_ADC_TO_AKIM_adc_deger
0x0F3E	0xF0A3C001  	MOVFF       R1, FARG_ADC_TO_AKIM_adc_deger+1
0x0F42	0xDD4F      	RCALL       _ADC_TO_AKIM
0x0F44	0xF09BC000  	MOVFF       R0, AKIM_OKU_local_result
0x0F48	0xF09CC001  	MOVFF       R1, AKIM_OKU_local_result+1
;tigkynk_18f.mbas,663 :: 		end sub
0x0F4C	0xF000C09B  	MOVFF       AKIM_OKU_local_result, R0
0x0F50	0xF001C09C  	MOVFF       AKIM_OKU_local_result+1, R1
L_end_AKIM_OKU:
0x0F54	0x0012      	RETURN      0
; end of _AKIM_OKU
_SPI1_Write:
;__Lib_SPI_c345.mpas,96 :: 		
;__Lib_SPI_c345.mpas,98 :: 		
0x0F5C	0xFFC9C08A  	MOVFF       FARG_SPI1_Write_data_, SSPBUF
;__Lib_SPI_c345.mpas,99 :: 		
L__SPI1_Write22:
0x0F60	0xB0C7      	BTFSC       SSPSTAT, 0 
0x0F62	0xD002      	BRA         L__SPI1_Write23
0x0F64	0x0000      	NOP
0x0F66	0xD7FC      	BRA         L__SPI1_Write22
L__SPI1_Write23:
;__Lib_SPI_c345.mpas,100 :: 		
0x0F68	0xF000CFC9  	MOVFF       SSPBUF, R0
;__Lib_SPI_c345.mpas,102 :: 		
L_end_SPI1_Write:
0x0F6C	0x0012      	RETURN      0
; end of _SPI1_Write
_RAMP_UP_BASLAT:
;tigkynk_18f.mbas,808 :: 		dim duty_fark as word
;tigkynk_18f.mbas,810 :: 		if hedef_akim_local <= START_AKIM then
0x0F6E	0x0E80      	MOVLW       128
0x0F70	0x6E00      	MOVWF       R0 
0x0F72	0x0E80      	MOVLW       128
0x0F74	0x0100      	MOVLB       0
0x0F76	0x198B      	XORWF       FARG_RAMP_UP_BASLAT_hedef_akim_local+1, 0, 1
0x0F78	0x5C00      	SUBWF       R0, 0 
0x0F7A	0xE102      	BNZ         L__RAMP_UP_BASLAT840
0x0F7C	0x518A      	MOVF        FARG_RAMP_UP_BASLAT_hedef_akim_local, 0, 1
0x0F7E	0x080F      	SUBLW       15
L__RAMP_UP_BASLAT840:
0x0F80	0xE305      	BNC         L__RAMP_UP_BASLAT313
;tigkynk_18f.mbas,811 :: 		baslangic_akim = hedef_akim_local
0x0F82	0xF08DC08A  	MOVFF       FARG_RAMP_UP_BASLAT_hedef_akim_local, RAMP_UP_BASLAT_baslangic_akim
0x0F86	0xF08EC08B  	MOVFF       FARG_RAMP_UP_BASLAT_hedef_akim_local+1, RAMP_UP_BASLAT_baslangic_akim+1
0x0F8A	0xD004      	BRA         L__RAMP_UP_BASLAT314
;tigkynk_18f.mbas,812 :: 		else
L__RAMP_UP_BASLAT313:
;tigkynk_18f.mbas,813 :: 		baslangic_akim = START_AKIM
0x0F8C	0x0E0F      	MOVLW       15
0x0F8E	0x6F8D      	MOVWF       RAMP_UP_BASLAT_baslangic_akim, 1
0x0F90	0x0E00      	MOVLW       0
0x0F92	0x6F8E      	MOVWF       RAMP_UP_BASLAT_baslangic_akim+1, 1
;tigkynk_18f.mbas,814 :: 		end if
L__RAMP_UP_BASLAT314:
;tigkynk_18f.mbas,816 :: 		baslangic_duty = AKIM_TO_DUTY(baslangic_akim)
0x0F94	0xF09BC08D  	MOVFF       RAMP_UP_BASLAT_baslangic_akim, FARG_AKIM_TO_DUTY_akim
0x0F98	0xF09CC08E  	MOVFF       RAMP_UP_BASLAT_baslangic_akim+1, FARG_AKIM_TO_DUTY_akim+1
0x0F9C	0xDEF6      	RCALL       _AKIM_TO_DUTY
0x0F9E	0xF08FC000  	MOVFF       R0, RAMP_UP_BASLAT_baslangic_duty
;tigkynk_18f.mbas,817 :: 		hedef = AKIM_TO_DUTY(hedef_akim_local)
0x0FA2	0xF09BC08A  	MOVFF       FARG_RAMP_UP_BASLAT_hedef_akim_local, FARG_AKIM_TO_DUTY_akim
0x0FA6	0xF09CC08B  	MOVFF       FARG_RAMP_UP_BASLAT_hedef_akim_local+1, FARG_AKIM_TO_DUTY_akim+1
0x0FAA	0xDEEF      	RCALL       _AKIM_TO_DUTY
0x0FAC	0xF08CC000  	MOVFF       R0, RAMP_UP_BASLAT_hedef
;tigkynk_18f.mbas,819 :: 		if hedef <= baslangic_duty then
0x0FB0	0x5000      	MOVF        R0, 0 
0x0FB2	0x5D8F      	SUBWF       RAMP_UP_BASLAT_baslangic_duty, 0, 1
0x0FB4	0xE30E      	BNC         L__RAMP_UP_BASLAT316
;tigkynk_18f.mbas,820 :: 		Pwm1_Set_Duty(hedef)
0x0FB6	0xF09BC08C  	MOVFF       RAMP_UP_BASLAT_hedef, FARG_PWM1_Set_Duty_new_duty
0x0FBA	0xDE46      	RCALL       _PWM1_Set_Duty
;tigkynk_18f.mbas,821 :: 		pid_cikis = hedef
0x0FBC	0xF044C08C  	MOVFF       RAMP_UP_BASLAT_hedef, _pid_cikis
0x0FC0	0x0E00      	MOVLW       0
0x0FC2	0x6E45      	MOVWF       _pid_cikis+1 
;tigkynk_18f.mbas,822 :: 		pid_onceki_hata = 0
0x0FC4	0x6A46      	CLRF        _pid_onceki_hata 
0x0FC6	0x6A47      	CLRF        _pid_onceki_hata+1 
;tigkynk_18f.mbas,823 :: 		pid_integral = 0
0x0FC8	0x6A48      	CLRF        _pid_integral 
0x0FCA	0x6A49      	CLRF        _pid_integral+1 
0x0FCC	0x6A4A      	CLRF        _pid_integral+2 
0x0FCE	0x6A4B      	CLRF        _pid_integral+3 
;tigkynk_18f.mbas,824 :: 		exit
0x0FD0	0xD0AB      	BRA         L_end__RAMP_UP_BASLAT
L__RAMP_UP_BASLAT316:
;tigkynk_18f.mbas,827 :: 		if set2_value = 0 then
0x0FD2	0x505D      	MOVF        _set2_value, 0 
0x0FD4	0x0A00      	XORLW       0
0x0FD6	0xE10E      	BNZ         L__RAMP_UP_BASLAT319
;tigkynk_18f.mbas,828 :: 		Pwm1_Set_Duty(hedef)
0x0FD8	0xF09BC08C  	MOVFF       RAMP_UP_BASLAT_hedef, FARG_PWM1_Set_Duty_new_duty
0x0FDC	0xDE35      	RCALL       _PWM1_Set_Duty
;tigkynk_18f.mbas,829 :: 		pid_cikis = hedef
0x0FDE	0xF044C08C  	MOVFF       RAMP_UP_BASLAT_hedef, _pid_cikis
0x0FE2	0x0E00      	MOVLW       0
0x0FE4	0x6E45      	MOVWF       _pid_cikis+1 
;tigkynk_18f.mbas,830 :: 		pid_onceki_hata = 0
0x0FE6	0x6A46      	CLRF        _pid_onceki_hata 
0x0FE8	0x6A47      	CLRF        _pid_onceki_hata+1 
;tigkynk_18f.mbas,831 :: 		pid_integral = 0
0x0FEA	0x6A48      	CLRF        _pid_integral 
0x0FEC	0x6A49      	CLRF        _pid_integral+1 
0x0FEE	0x6A4A      	CLRF        _pid_integral+2 
0x0FF0	0x6A4B      	CLRF        _pid_integral+3 
;tigkynk_18f.mbas,832 :: 		exit
0x0FF2	0xD09A      	BRA         L_end__RAMP_UP_BASLAT
L__RAMP_UP_BASLAT319:
;tigkynk_18f.mbas,835 :: 		Pwm1_Set_Duty(baslangic_duty)
0x0FF4	0xF09BC08F  	MOVFF       RAMP_UP_BASLAT_baslangic_duty, FARG_PWM1_Set_Duty_new_duty
0x0FF8	0xDE27      	RCALL       _PWM1_Set_Duty
;tigkynk_18f.mbas,836 :: 		pid_cikis = baslangic_duty
0x0FFA	0xF044C08F  	MOVFF       RAMP_UP_BASLAT_baslangic_duty, _pid_cikis
0x0FFE	0x0E00      	MOVLW       0
0x1000	0x6E45      	MOVWF       _pid_cikis+1 
;tigkynk_18f.mbas,838 :: 		toplam_adim = set2_value * 100
0x1002	0xF000C05D  	MOVFF       _set2_value, R0
0x1006	0x0E00      	MOVLW       0
0x1008	0x6E01      	MOVWF       R1 
0x100A	0x0E64      	MOVLW       100
0x100C	0x6E04      	MOVWF       R4 
0x100E	0x0E00      	MOVLW       0
0x1010	0x6E05      	MOVWF       R5 
0x1012	0xDC10      	RCALL       _Mul_16x16_U
0x1014	0xF091C000  	MOVFF       R0, RAMP_UP_BASLAT_toplam_adim
0x1018	0xF092C001  	MOVFF       R1, RAMP_UP_BASLAT_toplam_adim+1
;tigkynk_18f.mbas,839 :: 		if toplam_adim = 0 then
0x101C	0x0E00      	MOVLW       0
0x101E	0x1801      	XORWF       R1, 0 
0x1020	0xE102      	BNZ         L__RAMP_UP_BASLAT841
0x1022	0x0E00      	MOVLW       0
0x1024	0x1800      	XORWF       R0, 0 
L__RAMP_UP_BASLAT841:
0x1026	0xE105      	BNZ         L__RAMP_UP_BASLAT322
;tigkynk_18f.mbas,840 :: 		toplam_adim = 1
0x1028	0x0E01      	MOVLW       1
0x102A	0x0100      	MOVLB       0
0x102C	0x6F91      	MOVWF       RAMP_UP_BASLAT_toplam_adim, 1
0x102E	0x0E00      	MOVLW       0
0x1030	0x6F92      	MOVWF       RAMP_UP_BASLAT_toplam_adim+1, 1
L__RAMP_UP_BASLAT322:
0x1032	0x0100      	MOVLB       0
;tigkynk_18f.mbas,843 :: 		duty_fark = hedef - baslangic_duty
0x1034	0x518F      	MOVF        RAMP_UP_BASLAT_baslangic_duty, 0, 1
0x1036	0x5D8C      	SUBWF       RAMP_UP_BASLAT_hedef, 0, 1
0x1038	0x6F99      	MOVWF       RAMP_UP_BASLAT_duty_fark, 1
0x103A	0x0E00      	MOVLW       0
0x103C	0x6F9A      	MOVWF       RAMP_UP_BASLAT_duty_fark+1, 1
0x103E	0x0E00      	MOVLW       0
0x1040	0x579A      	SUBFWB      RAMP_UP_BASLAT_duty_fark+1, 1, 1
;tigkynk_18f.mbas,845 :: 		for a = 1 to toplam_adim
0x1042	0x0E01      	MOVLW       1
0x1044	0x6F93      	MOVWF       RAMP_UP_BASLAT_a, 1
0x1046	0x0E00      	MOVLW       0
0x1048	0x6F94      	MOVWF       RAMP_UP_BASLAT_a+1, 1
L__RAMP_UP_BASLAT324:
0x104A	0x5194      	MOVF        RAMP_UP_BASLAT_a+1, 0, 1
0x104C	0x5D92      	SUBWF       RAMP_UP_BASLAT_toplam_adim+1, 0, 1
0x104E	0xE102      	BNZ         L__RAMP_UP_BASLAT842
0x1050	0x5193      	MOVF        RAMP_UP_BASLAT_a, 0, 1
0x1052	0x5D91      	SUBWF       RAMP_UP_BASLAT_toplam_adim, 0, 1
L__RAMP_UP_BASLAT842:
0x1054	0xE35C      	BNC         L__RAMP_UP_BASLAT328
;tigkynk_18f.mbas,847 :: 		if BASLATMA_VEYA_BLOK_IPTAL_VAR_MI() = 1 then
0x1056	0xDD5E      	RCALL       _BASLATMA_VEYA_BLOK_IPTAL_VAR_MI
0x1058	0x5000      	MOVF        R0, 0 
0x105A	0x0A01      	XORLW       1
0x105C	0xE109      	BNZ         L__RAMP_UP_BASLAT330
;tigkynk_18f.mbas,848 :: 		Pwm1_Set_Duty(0)
0x105E	0x6B9B      	CLRF        FARG_PWM1_Set_Duty_new_duty, 1
0x1060	0xDDF3      	RCALL       _PWM1_Set_Duty
;tigkynk_18f.mbas,849 :: 		pid_cikis = 0
0x1062	0x6A44      	CLRF        _pid_cikis 
0x1064	0x6A45      	CLRF        _pid_cikis+1 
;tigkynk_18f.mbas,850 :: 		Pwm1_Stop()
0x1066	0xDE29      	RCALL       _PWM1_Stop
;tigkynk_18f.mbas,851 :: 		HF = 0
0x1068	0x9484      	BCF         PORTE, 2 
;tigkynk_18f.mbas,852 :: 		GAS = 0
0x106A	0x9284      	BCF         PORTE, 1 
;tigkynk_18f.mbas,853 :: 		kaynak_basladi = 0
0x106C	0x6A4D      	CLRF        _kaynak_basladi 
;tigkynk_18f.mbas,854 :: 		exit
0x106E	0xD05C      	BRA         L_end__RAMP_UP_BASLAT
L__RAMP_UP_BASLAT330:
;tigkynk_18f.mbas,857 :: 		hesap_long = duty_fark
0x1070	0xF095C099  	MOVFF       RAMP_UP_BASLAT_duty_fark, RAMP_UP_BASLAT_hesap_long
0x1074	0xF096C09A  	MOVFF       RAMP_UP_BASLAT_duty_fark+1, RAMP_UP_BASLAT_hesap_long+1
0x1078	0x0E00      	MOVLW       0
0x107A	0x0100      	MOVLB       0
0x107C	0x6F97      	MOVWF       RAMP_UP_BASLAT_hesap_long+2, 1
0x107E	0x6F98      	MOVWF       RAMP_UP_BASLAT_hesap_long+3, 1
;tigkynk_18f.mbas,858 :: 		hesap_long = hesap_long * a
0x1080	0xF000C095  	MOVFF       RAMP_UP_BASLAT_hesap_long, R0
0x1084	0xF001C096  	MOVFF       RAMP_UP_BASLAT_hesap_long+1, R1
0x1088	0xF002C097  	MOVFF       RAMP_UP_BASLAT_hesap_long+2, R2
0x108C	0xF003C098  	MOVFF       RAMP_UP_BASLAT_hesap_long+3, R3
0x1090	0xF004C093  	MOVFF       RAMP_UP_BASLAT_a, R4
0x1094	0xF005C094  	MOVFF       RAMP_UP_BASLAT_a+1, R5
0x1098	0x0E00      	MOVLW       0
0x109A	0x6E06      	MOVWF       R6 
0x109C	0x6E07      	MOVWF       R7 
0x109E	0xF001EC3E  	CALL        _Mul_32x32_U, 0
0x10A2	0xF095C000  	MOVFF       R0, RAMP_UP_BASLAT_hesap_long
0x10A6	0xF096C001  	MOVFF       R1, RAMP_UP_BASLAT_hesap_long+1
0x10AA	0xF097C002  	MOVFF       R2, RAMP_UP_BASLAT_hesap_long+2
0x10AE	0xF098C003  	MOVFF       R3, RAMP_UP_BASLAT_hesap_long+3
;tigkynk_18f.mbas,859 :: 		mevcut = baslangic_duty + (hesap_long / toplam_adim)
0x10B2	0xF004C091  	MOVFF       RAMP_UP_BASLAT_toplam_adim, R4
0x10B6	0xF005C092  	MOVFF       RAMP_UP_BASLAT_toplam_adim+1, R5
0x10BA	0x0E00      	MOVLW       0
0x10BC	0x6E06      	MOVWF       R6 
0x10BE	0x6E07      	MOVWF       R7 
0x10C0	0xF002EC98  	CALL        _Div_32x32_U, 0
0x10C4	0x5000      	MOVF        R0, 0 
0x10C6	0x258F      	ADDWF       RAMP_UP_BASLAT_baslangic_duty, 0, 1
0x10C8	0x6E01      	MOVWF       R1 
0x10CA	0xF090C001  	MOVFF       R1, RAMP_UP_BASLAT_mevcut
;tigkynk_18f.mbas,861 :: 		if mevcut > hedef then
0x10CE	0x5001      	MOVF        R1, 0 
0x10D0	0x5D8C      	SUBWF       RAMP_UP_BASLAT_hedef, 0, 1
0x10D2	0xE202      	BC          L__RAMP_UP_BASLAT333
;tigkynk_18f.mbas,862 :: 		mevcut = hedef
0x10D4	0xF090C08C  	MOVFF       RAMP_UP_BASLAT_hedef, RAMP_UP_BASLAT_mevcut
L__RAMP_UP_BASLAT333:
;tigkynk_18f.mbas,865 :: 		Pwm1_Set_Duty(mevcut)
0x10D8	0xF09BC090  	MOVFF       RAMP_UP_BASLAT_mevcut, FARG_PWM1_Set_Duty_new_duty
0x10DC	0xDDB5      	RCALL       _PWM1_Set_Duty
;tigkynk_18f.mbas,866 :: 		pid_cikis = mevcut
0x10DE	0xF044C090  	MOVFF       RAMP_UP_BASLAT_mevcut, _pid_cikis
0x10E2	0x0E00      	MOVLW       0
0x10E4	0x6E45      	MOVWF       _pid_cikis+1 
;tigkynk_18f.mbas,867 :: 		Delay_ms(10)
0x10E6	0x0E34      	MOVLW       52
0x10E8	0x6E0C      	MOVWF       R12, 0
0x10EA	0x0EF1      	MOVLW       241
0x10EC	0x6E0D      	MOVWF       R13, 0
L__RAMP_UP_BASLAT335:
0x10EE	0x2E0D      	DECFSZ      R13, 1, 0
0x10F0	0xD7FE      	BRA         L__RAMP_UP_BASLAT335
0x10F2	0x2E0C      	DECFSZ      R12, 1, 0
0x10F4	0xD7FC      	BRA         L__RAMP_UP_BASLAT335
0x10F6	0x0000      	NOP
0x10F8	0x0000      	NOP
;tigkynk_18f.mbas,868 :: 		next a
0x10FA	0x0100      	MOVLB       0
0x10FC	0x5194      	MOVF        RAMP_UP_BASLAT_a+1, 0, 1
0x10FE	0x1992      	XORWF       RAMP_UP_BASLAT_toplam_adim+1, 0, 1
0x1100	0xE102      	BNZ         L__RAMP_UP_BASLAT843
0x1102	0x5191      	MOVF        RAMP_UP_BASLAT_toplam_adim, 0, 1
0x1104	0x1993      	XORWF       RAMP_UP_BASLAT_a, 0, 1
L__RAMP_UP_BASLAT843:
0x1106	0xE003      	BZ          L__RAMP_UP_BASLAT328
0x1108	0x4B93      	INFSNZ      RAMP_UP_BASLAT_a, 1, 1
0x110A	0x2B94      	INCF        RAMP_UP_BASLAT_a+1, 1, 1
0x110C	0xD79E      	BRA         L__RAMP_UP_BASLAT324
L__RAMP_UP_BASLAT328:
;tigkynk_18f.mbas,870 :: 		Pwm1_Set_Duty(hedef)
0x110E	0xF09BC08C  	MOVFF       RAMP_UP_BASLAT_hedef, FARG_PWM1_Set_Duty_new_duty
0x1112	0xDD9A      	RCALL       _PWM1_Set_Duty
;tigkynk_18f.mbas,871 :: 		pid_cikis = hedef
0x1114	0xF044C08C  	MOVFF       RAMP_UP_BASLAT_hedef, _pid_cikis
0x1118	0x0E00      	MOVLW       0
0x111A	0x6E45      	MOVWF       _pid_cikis+1 
;tigkynk_18f.mbas,872 :: 		pid_onceki_hata = 0
0x111C	0x6A46      	CLRF        _pid_onceki_hata 
0x111E	0x6A47      	CLRF        _pid_onceki_hata+1 
;tigkynk_18f.mbas,873 :: 		pid_integral = 0
0x1120	0x6A48      	CLRF        _pid_integral 
0x1122	0x6A49      	CLRF        _pid_integral+1 
0x1124	0x6A4A      	CLRF        _pid_integral+2 
0x1126	0x6A4B      	CLRF        _pid_integral+3 
;tigkynk_18f.mbas,874 :: 		end sub
L_end__RAMP_UP_BASLAT:
L_end_RAMP_UP_BASLAT:
0x1128	0x0012      	RETURN      0
; end of _RAMP_UP_BASLAT
_ARK_DETECT_OKU:
;tigkynk_18f.mbas,612 :: 		dim adc_ort as word
;tigkynk_18f.mbas,614 :: 		adc_ort = ADC2_ORT_OKU()
0x1140	0xDCFF      	RCALL       _ADC2_ORT_OKU
;tigkynk_18f.mbas,615 :: 		akim_adc = adc_ort
0x1142	0xF06AC000  	MOVFF       R0, _akim_adc
0x1146	0xF06BC001  	MOVFF       R1, _akim_adc+1
;tigkynk_18f.mbas,617 :: 		if adc_ort > ark_esik then
0x114A	0x5001      	MOVF        R1, 0 
0x114C	0x5D69      	SUBWF       _ark_esik+1, 0, 1
0x114E	0xE102      	BNZ         L__ARK_DETECT_OKU813
0x1150	0x5000      	MOVF        R0, 0 
0x1152	0x5D68      	SUBWF       _ark_esik, 0, 1
L__ARK_DETECT_OKU813:
0x1154	0xE203      	BC          L__ARK_DETECT_OKU249
;tigkynk_18f.mbas,618 :: 		result = 1
0x1156	0x0E01      	MOVLW       1
0x1158	0x6F8A      	MOVWF       ARK_DETECT_OKU_local_result, 1
0x115A	0xD001      	BRA         L__ARK_DETECT_OKU250
;tigkynk_18f.mbas,619 :: 		else
L__ARK_DETECT_OKU249:
;tigkynk_18f.mbas,620 :: 		result = 0
0x115C	0x6B8A      	CLRF        ARK_DETECT_OKU_local_result, 1
;tigkynk_18f.mbas,621 :: 		end if
L__ARK_DETECT_OKU250:
;tigkynk_18f.mbas,622 :: 		end sub
0x115E	0xF000C08A  	MOVFF       ARK_DETECT_OKU_local_result, R0
L_end_ARK_DETECT_OKU:
0x1162	0x0012      	RETURN      0
; end of _ARK_DETECT_OKU
_Div_16x16_U:
;__Lib_Math.mpas,91 :: 		
;__Lib_Math.mpas,98 :: 		
0x1166	0x6A08      	CLRF        R8, 0
;__Lib_Math.mpas,99 :: 		
0x1168	0x6A09      	CLRF        R9, 0
;__Lib_Math.mpas,100 :: 		
0x116A	0x0E10      	MOVLW       16
;__Lib_Math.mpas,101 :: 		
0x116C	0x6E0C      	MOVWF       R12, 0
;__Lib_Math.mpas,102 :: 		
0x116E	0x3401      	RLCF        R1, 0, 0
;__Lib_Math.mpas,103 :: 		
0x1170	0x3608      	RLCF        R8, 1, 0
;__Lib_Math.mpas,104 :: 		
0x1172	0x3609      	RLCF        R9, 1, 0
;__Lib_Math.mpas,105 :: 		
0x1174	0x5004      	MOVF        R4, 0, 0
;__Lib_Math.mpas,106 :: 		
0x1176	0x5E08      	SUBWF       R8, 1, 0
;__Lib_Math.mpas,107 :: 		
0x1178	0x5005      	MOVF        R5, 0, 0
;__Lib_Math.mpas,108 :: 		
0x117A	0xA0D8      	BTFSS       STATUS, 0, 0
;__Lib_Math.mpas,109 :: 		
0x117C	0x3C05      	INCFSZ      R5, 0, 0
;__Lib_Math.mpas,110 :: 		
0x117E	0x5E09      	SUBWF       R9, 1, 0
;__Lib_Math.mpas,111 :: 		
0x1180	0xB0D8      	BTFSC       STATUS, 0, 0
;__Lib_Math.mpas,112 :: 		
0x1182	0xD007      	BRA         $+16
;__Lib_Math.mpas,113 :: 		
0x1184	0x5004      	MOVF        R4, 0, 0
;__Lib_Math.mpas,114 :: 		
0x1186	0x2608      	ADDWF       R8, 1, 0
;__Lib_Math.mpas,115 :: 		
0x1188	0x5005      	MOVF        R5, 0, 0
;__Lib_Math.mpas,116 :: 		
0x118A	0xB0D8      	BTFSC       STATUS, 0, 0
;__Lib_Math.mpas,117 :: 		
0x118C	0x3C05      	INCFSZ      R5, 0, 0
;__Lib_Math.mpas,118 :: 		
0x118E	0x2609      	ADDWF       R9, 1, 0
;__Lib_Math.mpas,119 :: 		
0x1190	0x90D8      	BCF         STATUS, 0, 0
;__Lib_Math.mpas,120 :: 		
0x1192	0x3600      	RLCF        R0, 1, 0
;__Lib_Math.mpas,121 :: 		
0x1194	0x3601      	RLCF        R1, 1, 0
;__Lib_Math.mpas,122 :: 		
0x1196	0x2E0C      	DECFSZ      R12, 1, 0
;__Lib_Math.mpas,123 :: 		
0x1198	0xD7EA      	BRA         $-42
;__Lib_Math.mpas,125 :: 		
L_end_Div_16x16_U:
0x119A	0x0012      	RETURN      0
; end of _Div_16x16_U
_PULSE_AKIM_GET:
;tigkynk_18f.mbas,721 :: 		sub function PULSE_AKIM_GET() as integer
;tigkynk_18f.mbas,723 :: 		if set8_value = 0 then
0x119C	0x0100      	MOVLB       0
0x119E	0x5160      	MOVF        _set8_value, 0, 1
0x11A0	0x0A00      	XORLW       0
0x11A2	0xE105      	BNZ         L__PULSE_AKIM_GET278
;tigkynk_18f.mbas,724 :: 		result = hedef_akim
0x11A4	0xF08AC050  	MOVFF       _hedef_akim, PULSE_AKIM_GET_local_result
0x11A8	0xF08BC051  	MOVFF       _hedef_akim+1, PULSE_AKIM_GET_local_result+1
;tigkynk_18f.mbas,725 :: 		exit
0x11AC	0xD01B      	BRA         L_end__PULSE_AKIM_GET
L__PULSE_AKIM_GET278:
;tigkynk_18f.mbas,728 :: 		if pulse_state = 1 then
0x11AE	0x505F      	MOVF        _pulse_state, 0 
0x11B0	0x0A01      	XORLW       1
0x11B2	0xE105      	BNZ         L__PULSE_AKIM_GET281
;tigkynk_18f.mbas,729 :: 		result = hedef_akim   ' peak
0x11B4	0xF08AC050  	MOVFF       _hedef_akim, PULSE_AKIM_GET_local_result
0x11B8	0xF08BC051  	MOVFF       _hedef_akim+1, PULSE_AKIM_GET_local_result+1
0x11BC	0xD013      	BRA         L__PULSE_AKIM_GET282
;tigkynk_18f.mbas,730 :: 		else
L__PULSE_AKIM_GET281:
;tigkynk_18f.mbas,731 :: 		result = (hedef_akim * set6_value) / 100   ' base
0x11BE	0xF000C050  	MOVFF       _hedef_akim, R0
0x11C2	0xF001C051  	MOVFF       _hedef_akim+1, R1
0x11C6	0xF004C02B  	MOVFF       _set6_value, R4
0x11CA	0x0E00      	MOVLW       0
0x11CC	0x6E05      	MOVWF       R5 
0x11CE	0xF004EC1A  	CALL        _Mul_16x16_U, 0
0x11D2	0x0E64      	MOVLW       100
0x11D4	0x6E04      	MOVWF       R4 
0x11D6	0x0E00      	MOVLW       0
0x11D8	0x6E05      	MOVWF       R5 
0x11DA	0xDD73      	RCALL       _Div_16x16_S
0x11DC	0xF08AC000  	MOVFF       R0, PULSE_AKIM_GET_local_result
0x11E0	0xF08BC001  	MOVFF       R1, PULSE_AKIM_GET_local_result+1
;tigkynk_18f.mbas,732 :: 		end if
L__PULSE_AKIM_GET282:
;tigkynk_18f.mbas,734 :: 		end sub
L_end__PULSE_AKIM_GET:
0x11E4	0xF000C08A  	MOVFF       PULSE_AKIM_GET_local_result, R0
0x11E8	0xF001C08B  	MOVFF       PULSE_AKIM_GET_local_result+1, R1
L_end_PULSE_AKIM_GET:
0x11EC	0x0012      	RETURN      0
; end of _PULSE_AKIM_GET
_AKIM_OKU_FILTRELI:
;tigkynk_18f.mbas,667 :: 		dim yeni_akim as integer
;tigkynk_18f.mbas,669 :: 		yeni_akim = AKIM_OKU()
0x11F0	0xDE6A      	RCALL       _AKIM_OKU
0x11F2	0xF08CC000  	MOVFF       R0, AKIM_OKU_FILTRELI_yeni_akim
0x11F6	0xF08DC001  	MOVFF       R1, AKIM_OKU_FILTRELI_yeni_akim+1
;tigkynk_18f.mbas,671 :: 		if akim_filtreli = 0 then
0x11FA	0x0E00      	MOVLW       0
0x11FC	0x1967      	XORWF       _akim_filtreli+1, 0, 1
0x11FE	0xE102      	BNZ         L__AKIM_OKU_FILTRELI820
0x1200	0x0E00      	MOVLW       0
0x1202	0x1966      	XORWF       _akim_filtreli, 0, 1
L__AKIM_OKU_FILTRELI820:
0x1204	0xE105      	BNZ         L__AKIM_OKU_FILTRELI265
;tigkynk_18f.mbas,672 :: 		akim_filtreli = yeni_akim
0x1206	0xF066C08C  	MOVFF       AKIM_OKU_FILTRELI_yeni_akim, _akim_filtreli
0x120A	0xF067C08D  	MOVFF       AKIM_OKU_FILTRELI_yeni_akim+1, _akim_filtreli+1
0x120E	0xD017      	BRA         L__AKIM_OKU_FILTRELI266
;tigkynk_18f.mbas,673 :: 		else
L__AKIM_OKU_FILTRELI265:
;tigkynk_18f.mbas,674 :: 		akim_filtreli = ((akim_filtreli * 3) + yeni_akim) / 4
0x1210	0xF000C066  	MOVFF       _akim_filtreli, R0
0x1214	0xF001C067  	MOVFF       _akim_filtreli+1, R1
0x1218	0x0E03      	MOVLW       3
0x121A	0x6E04      	MOVWF       R4 
0x121C	0x0E00      	MOVLW       0
0x121E	0x6E05      	MOVWF       R5 
0x1220	0xF004EC1A  	CALL        _Mul_16x16_U, 0
0x1224	0x518C      	MOVF        AKIM_OKU_FILTRELI_yeni_akim, 0, 1
0x1226	0x2600      	ADDWF       R0, 1 
0x1228	0x518D      	MOVF        AKIM_OKU_FILTRELI_yeni_akim+1, 0, 1
0x122A	0x2201      	ADDWFC      R1, 1 
0x122C	0x0E04      	MOVLW       4
0x122E	0x6E04      	MOVWF       R4 
0x1230	0x0E00      	MOVLW       0
0x1232	0x6E05      	MOVWF       R5 
0x1234	0xDD46      	RCALL       _Div_16x16_S
0x1236	0xF066C000  	MOVFF       R0, _akim_filtreli
0x123A	0xF067C001  	MOVFF       R1, _akim_filtreli+1
;tigkynk_18f.mbas,675 :: 		end if
L__AKIM_OKU_FILTRELI266:
;tigkynk_18f.mbas,677 :: 		result = akim_filtreli
0x123E	0xF08AC066  	MOVFF       _akim_filtreli, AKIM_OKU_FILTRELI_local_result
0x1242	0xF08BC067  	MOVFF       _akim_filtreli+1, AKIM_OKU_FILTRELI_local_result+1
;tigkynk_18f.mbas,678 :: 		end sub
0x1246	0xF000C08A  	MOVFF       AKIM_OKU_FILTRELI_local_result, R0
0x124A	0xF001C08B  	MOVFF       AKIM_OKU_FILTRELI_local_result+1, R1
L_end_AKIM_OKU_FILTRELI:
0x124E	0x0012      	RETURN      0
; end of _AKIM_OKU_FILTRELI
_MUTLAK_INT:
;tigkynk_18f.mbas,494 :: 		sub function MUTLAK_INT(dim x as integer) as integer
;tigkynk_18f.mbas,495 :: 		if x < 0 then
0x1254	0x0E80      	MOVLW       128
0x1256	0x0100      	MOVLB       0
0x1258	0x198B      	XORWF       FARG_MUTLAK_INT_x+1, 0, 1
0x125A	0x6E00      	MOVWF       R0 
0x125C	0x0E80      	MOVLW       128
0x125E	0x5C00      	SUBWF       R0, 0 
0x1260	0xE102      	BNZ         L__MUTLAK_INT802
0x1262	0x0E00      	MOVLW       0
0x1264	0x5D8A      	SUBWF       FARG_MUTLAK_INT_x, 0, 1
L__MUTLAK_INT802:
0x1266	0xE208      	BC          L__MUTLAK_INT203
;tigkynk_18f.mbas,496 :: 		result = -x
0x1268	0x518A      	MOVF        FARG_MUTLAK_INT_x, 0, 1
0x126A	0x0800      	SUBLW       0
0x126C	0x6E02      	MOVWF       R2 
0x126E	0xF003C08B  	MOVFF       FARG_MUTLAK_INT_x+1, R3
0x1272	0x0E00      	MOVLW       0
0x1274	0x5603      	SUBFWB      R3, 1 
0x1276	0xD004      	BRA         L__MUTLAK_INT204
;tigkynk_18f.mbas,497 :: 		else
L__MUTLAK_INT203:
;tigkynk_18f.mbas,498 :: 		result = x
0x1278	0xF002C08A  	MOVFF       FARG_MUTLAK_INT_x, R2
0x127C	0xF003C08B  	MOVFF       FARG_MUTLAK_INT_x+1, R3
;tigkynk_18f.mbas,499 :: 		end if
L__MUTLAK_INT204:
;tigkynk_18f.mbas,500 :: 		end sub
0x1280	0xF000C002  	MOVFF       R2, R0
0x1284	0xF001C003  	MOVFF       R3, R1
L_end_MUTLAK_INT:
0x1288	0x0012      	RETURN      0
; end of _MUTLAK_INT
_DUTY_RAMP:
;tigkynk_18f.mbas,1243 :: 		dim mevcut_w as word
;tigkynk_18f.mbas,1245 :: 		if toplam_adim = 0 then
0x128A	0x0E00      	MOVLW       0
0x128C	0x0100      	MOVLB       0
0x128E	0x198D      	XORWF       FARG_DUTY_RAMP_toplam_adim+1, 0, 1
0x1290	0xE102      	BNZ         L__DUTY_RAMP861
0x1292	0x0E00      	MOVLW       0
0x1294	0x198C      	XORWF       FARG_DUTY_RAMP_toplam_adim, 0, 1
L__DUTY_RAMP861:
0x1296	0xE108      	BNZ         L__DUTY_RAMP488
;tigkynk_18f.mbas,1246 :: 		Pwm1_Set_Duty(duty_son)
0x1298	0xF09BC08B  	MOVFF       FARG_DUTY_RAMP_duty_son, FARG_PWM1_Set_Duty_new_duty
0x129C	0xDCD5      	RCALL       _PWM1_Set_Duty
;tigkynk_18f.mbas,1247 :: 		pid_cikis = duty_son
0x129E	0xF044C08B  	MOVFF       FARG_DUTY_RAMP_duty_son, _pid_cikis
0x12A2	0x0E00      	MOVLW       0
0x12A4	0x6E45      	MOVWF       _pid_cikis+1 
;tigkynk_18f.mbas,1248 :: 		exit
0x12A6	0xD0EE      	BRA         L_end__DUTY_RAMP
L__DUTY_RAMP488:
;tigkynk_18f.mbas,1251 :: 		if duty_ilk = duty_son then
0x12A8	0x0100      	MOVLB       0
0x12AA	0x518A      	MOVF        FARG_DUTY_RAMP_duty_ilk, 0, 1
0x12AC	0x198B      	XORWF       FARG_DUTY_RAMP_duty_son, 0, 1
0x12AE	0xE108      	BNZ         L__DUTY_RAMP491
;tigkynk_18f.mbas,1252 :: 		Pwm1_Set_Duty(duty_son)
0x12B0	0xF09BC08B  	MOVFF       FARG_DUTY_RAMP_duty_son, FARG_PWM1_Set_Duty_new_duty
0x12B4	0xDCC9      	RCALL       _PWM1_Set_Duty
;tigkynk_18f.mbas,1253 :: 		pid_cikis = duty_son
0x12B6	0xF044C08B  	MOVFF       FARG_DUTY_RAMP_duty_son, _pid_cikis
0x12BA	0x0E00      	MOVLW       0
0x12BC	0x6E45      	MOVWF       _pid_cikis+1 
;tigkynk_18f.mbas,1254 :: 		exit
0x12BE	0xD0E2      	BRA         L_end__DUTY_RAMP
L__DUTY_RAMP491:
;tigkynk_18f.mbas,1257 :: 		if duty_ilk > duty_son then
0x12C0	0x0100      	MOVLB       0
0x12C2	0x518A      	MOVF        FARG_DUTY_RAMP_duty_ilk, 0, 1
0x12C4	0x5D8B      	SUBWF       FARG_DUTY_RAMP_duty_son, 0, 1
0x12C6	0xE26B      	BC          L__DUTY_RAMP494
;tigkynk_18f.mbas,1258 :: 		fark = duty_ilk - duty_son
0x12C8	0x518B      	MOVF        FARG_DUTY_RAMP_duty_son, 0, 1
0x12CA	0x5D8A      	SUBWF       FARG_DUTY_RAMP_duty_ilk, 0, 1
0x12CC	0x6F90      	MOVWF       DUTY_RAMP_fark, 1
0x12CE	0x0E00      	MOVLW       0
0x12D0	0x6F91      	MOVWF       DUTY_RAMP_fark+1, 1
0x12D2	0x0E00      	MOVLW       0
0x12D4	0x5791      	SUBFWB      DUTY_RAMP_fark+1, 1, 1
;tigkynk_18f.mbas,1260 :: 		for a = 1 to toplam_adim
0x12D6	0x0E01      	MOVLW       1
0x12D8	0x6F8E      	MOVWF       DUTY_RAMP_a, 1
0x12DA	0x0E00      	MOVLW       0
0x12DC	0x6F8F      	MOVWF       DUTY_RAMP_a+1, 1
L__DUTY_RAMP496:
0x12DE	0x518F      	MOVF        DUTY_RAMP_a+1, 0, 1
0x12E0	0x5D8D      	SUBWF       FARG_DUTY_RAMP_toplam_adim+1, 0, 1
0x12E2	0xE102      	BNZ         L__DUTY_RAMP862
0x12E4	0x518E      	MOVF        DUTY_RAMP_a, 0, 1
0x12E6	0x5D8C      	SUBWF       FARG_DUTY_RAMP_toplam_adim, 0, 1
L__DUTY_RAMP862:
0x12E8	0xE359      	BNC         L__DUTY_RAMP500
;tigkynk_18f.mbas,1261 :: 		hesap_long = fark
0x12EA	0xF092C090  	MOVFF       DUTY_RAMP_fark, DUTY_RAMP_hesap_long
0x12EE	0xF093C091  	MOVFF       DUTY_RAMP_fark+1, DUTY_RAMP_hesap_long+1
0x12F2	0x0E00      	MOVLW       0
0x12F4	0x6F94      	MOVWF       DUTY_RAMP_hesap_long+2, 1
0x12F6	0x6F95      	MOVWF       DUTY_RAMP_hesap_long+3, 1
;tigkynk_18f.mbas,1262 :: 		hesap_long = hesap_long * a
0x12F8	0xF000C092  	MOVFF       DUTY_RAMP_hesap_long, R0
0x12FC	0xF001C093  	MOVFF       DUTY_RAMP_hesap_long+1, R1
0x1300	0xF002C094  	MOVFF       DUTY_RAMP_hesap_long+2, R2
0x1304	0xF003C095  	MOVFF       DUTY_RAMP_hesap_long+3, R3
0x1308	0xF004C08E  	MOVFF       DUTY_RAMP_a, R4
0x130C	0xF005C08F  	MOVFF       DUTY_RAMP_a+1, R5
0x1310	0x0E00      	MOVLW       0
0x1312	0x6E06      	MOVWF       R6 
0x1314	0x6E07      	MOVWF       R7 
0x1316	0xF001EC3E  	CALL        _Mul_32x32_U, 0
0x131A	0xF092C000  	MOVFF       R0, DUTY_RAMP_hesap_long
0x131E	0xF093C001  	MOVFF       R1, DUTY_RAMP_hesap_long+1
0x1322	0xF094C002  	MOVFF       R2, DUTY_RAMP_hesap_long+2
0x1326	0xF095C003  	MOVFF       R3, DUTY_RAMP_hesap_long+3
;tigkynk_18f.mbas,1263 :: 		mevcut_w = duty_ilk - (hesap_long / toplam_adim)
0x132A	0xF004C08C  	MOVFF       FARG_DUTY_RAMP_toplam_adim, R4
0x132E	0xF005C08D  	MOVFF       FARG_DUTY_RAMP_toplam_adim+1, R5
0x1332	0x0E00      	MOVLW       0
0x1334	0x6E06      	MOVWF       R6 
0x1336	0x6E07      	MOVWF       R7 
0x1338	0xF002EC98  	CALL        _Div_32x32_U, 0
0x133C	0x5000      	MOVF        R0, 0 
0x133E	0x5D8A      	SUBWF       FARG_DUTY_RAMP_duty_ilk, 0, 1
0x1340	0x6E04      	MOVWF       R4 
0x1342	0xF005C001  	MOVFF       R1, R5
0x1346	0x0E00      	MOVLW       0
0x1348	0x5605      	SUBFWB      R5, 1 
0x134A	0xF096C004  	MOVFF       R4, DUTY_RAMP_mevcut_w
0x134E	0xF097C005  	MOVFF       R5, DUTY_RAMP_mevcut_w+1
;tigkynk_18f.mbas,1265 :: 		if mevcut_w < duty_son then
0x1352	0x0E00      	MOVLW       0
0x1354	0x5C05      	SUBWF       R5, 0 
0x1356	0xE102      	BNZ         L__DUTY_RAMP863
0x1358	0x518B      	MOVF        FARG_DUTY_RAMP_duty_son, 0, 1
0x135A	0x5C04      	SUBWF       R4, 0 
L__DUTY_RAMP863:
0x135C	0xE204      	BC          L__DUTY_RAMP502
;tigkynk_18f.mbas,1266 :: 		mevcut_w = duty_son
0x135E	0xF096C08B  	MOVFF       FARG_DUTY_RAMP_duty_son, DUTY_RAMP_mevcut_w
0x1362	0x0E00      	MOVLW       0
0x1364	0x6F97      	MOVWF       DUTY_RAMP_mevcut_w+1, 1
L__DUTY_RAMP502:
;tigkynk_18f.mbas,1269 :: 		Pwm1_Set_Duty(mevcut_w)
0x1366	0xF09BC096  	MOVFF       DUTY_RAMP_mevcut_w, FARG_PWM1_Set_Duty_new_duty
0x136A	0xDC6E      	RCALL       _PWM1_Set_Duty
;tigkynk_18f.mbas,1270 :: 		pid_cikis = mevcut_w
0x136C	0xF044C096  	MOVFF       DUTY_RAMP_mevcut_w, _pid_cikis
0x1370	0xF045C097  	MOVFF       DUTY_RAMP_mevcut_w+1, _pid_cikis+1
;tigkynk_18f.mbas,1271 :: 		Delay_ms(10)
0x1374	0x0E34      	MOVLW       52
0x1376	0x6E0C      	MOVWF       R12, 0
0x1378	0x0EF1      	MOVLW       241
0x137A	0x6E0D      	MOVWF       R13, 0
L__DUTY_RAMP504:
0x137C	0x2E0D      	DECFSZ      R13, 1, 0
0x137E	0xD7FE      	BRA         L__DUTY_RAMP504
0x1380	0x2E0C      	DECFSZ      R12, 1, 0
0x1382	0xD7FC      	BRA         L__DUTY_RAMP504
0x1384	0x0000      	NOP
0x1386	0x0000      	NOP
;tigkynk_18f.mbas,1272 :: 		next a
0x1388	0x0100      	MOVLB       0
0x138A	0x518F      	MOVF        DUTY_RAMP_a+1, 0, 1
0x138C	0x198D      	XORWF       FARG_DUTY_RAMP_toplam_adim+1, 0, 1
0x138E	0xE102      	BNZ         L__DUTY_RAMP864
0x1390	0x518C      	MOVF        FARG_DUTY_RAMP_toplam_adim, 0, 1
0x1392	0x198E      	XORWF       DUTY_RAMP_a, 0, 1
L__DUTY_RAMP864:
0x1394	0xE003      	BZ          L__DUTY_RAMP500
0x1396	0x4B8E      	INFSNZ      DUTY_RAMP_a, 1, 1
0x1398	0x2B8F      	INCF        DUTY_RAMP_a+1, 1, 1
0x139A	0xD7A1      	BRA         L__DUTY_RAMP496
L__DUTY_RAMP500:
0x139C	0xD06B      	BRA         L__DUTY_RAMP495
;tigkynk_18f.mbas,1273 :: 		else
L__DUTY_RAMP494:
;tigkynk_18f.mbas,1274 :: 		fark = duty_son - duty_ilk
0x139E	0x518A      	MOVF        FARG_DUTY_RAMP_duty_ilk, 0, 1
0x13A0	0x5D8B      	SUBWF       FARG_DUTY_RAMP_duty_son, 0, 1
0x13A2	0x6F90      	MOVWF       DUTY_RAMP_fark, 1
0x13A4	0x0E00      	MOVLW       0
0x13A6	0x6F91      	MOVWF       DUTY_RAMP_fark+1, 1
0x13A8	0x0E00      	MOVLW       0
0x13AA	0x5791      	SUBFWB      DUTY_RAMP_fark+1, 1, 1
;tigkynk_18f.mbas,1276 :: 		for a = 1 to toplam_adim
0x13AC	0x0E01      	MOVLW       1
0x13AE	0x6F8E      	MOVWF       DUTY_RAMP_a, 1
0x13B0	0x0E00      	MOVLW       0
0x13B2	0x6F8F      	MOVWF       DUTY_RAMP_a+1, 1
L__DUTY_RAMP505:
0x13B4	0x518F      	MOVF        DUTY_RAMP_a+1, 0, 1
0x13B6	0x5D8D      	SUBWF       FARG_DUTY_RAMP_toplam_adim+1, 0, 1
0x13B8	0xE102      	BNZ         L__DUTY_RAMP865
0x13BA	0x518E      	MOVF        DUTY_RAMP_a, 0, 1
0x13BC	0x5D8C      	SUBWF       FARG_DUTY_RAMP_toplam_adim, 0, 1
L__DUTY_RAMP865:
0x13BE	0xE35A      	BNC         L__DUTY_RAMP509
;tigkynk_18f.mbas,1277 :: 		hesap_long = fark
0x13C0	0xF092C090  	MOVFF       DUTY_RAMP_fark, DUTY_RAMP_hesap_long
0x13C4	0xF093C091  	MOVFF       DUTY_RAMP_fark+1, DUTY_RAMP_hesap_long+1
0x13C8	0x0E00      	MOVLW       0
0x13CA	0x6F94      	MOVWF       DUTY_RAMP_hesap_long+2, 1
0x13CC	0x6F95      	MOVWF       DUTY_RAMP_hesap_long+3, 1
;tigkynk_18f.mbas,1278 :: 		hesap_long = hesap_long * a
0x13CE	0xF000C092  	MOVFF       DUTY_RAMP_hesap_long, R0
0x13D2	0xF001C093  	MOVFF       DUTY_RAMP_hesap_long+1, R1
0x13D6	0xF002C094  	MOVFF       DUTY_RAMP_hesap_long+2, R2
0x13DA	0xF003C095  	MOVFF       DUTY_RAMP_hesap_long+3, R3
0x13DE	0xF004C08E  	MOVFF       DUTY_RAMP_a, R4
0x13E2	0xF005C08F  	MOVFF       DUTY_RAMP_a+1, R5
0x13E6	0x0E00      	MOVLW       0
0x13E8	0x6E06      	MOVWF       R6 
0x13EA	0x6E07      	MOVWF       R7 
0x13EC	0xF001EC3E  	CALL        _Mul_32x32_U, 0
0x13F0	0xF092C000  	MOVFF       R0, DUTY_RAMP_hesap_long
0x13F4	0xF093C001  	MOVFF       R1, DUTY_RAMP_hesap_long+1
0x13F8	0xF094C002  	MOVFF       R2, DUTY_RAMP_hesap_long+2
0x13FC	0xF095C003  	MOVFF       R3, DUTY_RAMP_hesap_long+3
;tigkynk_18f.mbas,1279 :: 		mevcut_w = duty_ilk + (hesap_long / toplam_adim)
0x1400	0xF004C08C  	MOVFF       FARG_DUTY_RAMP_toplam_adim, R4
0x1404	0xF005C08D  	MOVFF       FARG_DUTY_RAMP_toplam_adim+1, R5
0x1408	0x0E00      	MOVLW       0
0x140A	0x6E06      	MOVWF       R6 
0x140C	0x6E07      	MOVWF       R7 
0x140E	0xF002EC98  	CALL        _Div_32x32_U, 0
0x1412	0x518A      	MOVF        FARG_DUTY_RAMP_duty_ilk, 0, 1
0x1414	0x2400      	ADDWF       R0, 0 
0x1416	0x6E04      	MOVWF       R4 
0x1418	0x0E00      	MOVLW       0
0x141A	0x2001      	ADDWFC      R1, 0 
0x141C	0x6E05      	MOVWF       R5 
0x141E	0xF096C004  	MOVFF       R4, DUTY_RAMP_mevcut_w
0x1422	0xF097C005  	MOVFF       R5, DUTY_RAMP_mevcut_w+1
;tigkynk_18f.mbas,1281 :: 		if mevcut_w > duty_son then
0x1426	0x0E00      	MOVLW       0
0x1428	0x6E00      	MOVWF       R0 
0x142A	0x5005      	MOVF        R5, 0 
0x142C	0x5C00      	SUBWF       R0, 0 
0x142E	0xE102      	BNZ         L__DUTY_RAMP866
0x1430	0x5004      	MOVF        R4, 0 
0x1432	0x5D8B      	SUBWF       FARG_DUTY_RAMP_duty_son, 0, 1
L__DUTY_RAMP866:
0x1434	0xE204      	BC          L__DUTY_RAMP511
;tigkynk_18f.mbas,1282 :: 		mevcut_w = duty_son
0x1436	0xF096C08B  	MOVFF       FARG_DUTY_RAMP_duty_son, DUTY_RAMP_mevcut_w
0x143A	0x0E00      	MOVLW       0
0x143C	0x6F97      	MOVWF       DUTY_RAMP_mevcut_w+1, 1
L__DUTY_RAMP511:
;tigkynk_18f.mbas,1285 :: 		Pwm1_Set_Duty(mevcut_w)
0x143E	0xF09BC096  	MOVFF       DUTY_RAMP_mevcut_w, FARG_PWM1_Set_Duty_new_duty
0x1442	0xDC02      	RCALL       _PWM1_Set_Duty
;tigkynk_18f.mbas,1286 :: 		pid_cikis = mevcut_w
0x1444	0xF044C096  	MOVFF       DUTY_RAMP_mevcut_w, _pid_cikis
0x1448	0xF045C097  	MOVFF       DUTY_RAMP_mevcut_w+1, _pid_cikis+1
;tigkynk_18f.mbas,1287 :: 		Delay_ms(10)
0x144C	0x0E34      	MOVLW       52
0x144E	0x6E0C      	MOVWF       R12, 0
0x1450	0x0EF1      	MOVLW       241
0x1452	0x6E0D      	MOVWF       R13, 0
L__DUTY_RAMP513:
0x1454	0x2E0D      	DECFSZ      R13, 1, 0
0x1456	0xD7FE      	BRA         L__DUTY_RAMP513
0x1458	0x2E0C      	DECFSZ      R12, 1, 0
0x145A	0xD7FC      	BRA         L__DUTY_RAMP513
0x145C	0x0000      	NOP
0x145E	0x0000      	NOP
;tigkynk_18f.mbas,1288 :: 		next a
0x1460	0x0100      	MOVLB       0
0x1462	0x518F      	MOVF        DUTY_RAMP_a+1, 0, 1
0x1464	0x198D      	XORWF       FARG_DUTY_RAMP_toplam_adim+1, 0, 1
0x1466	0xE102      	BNZ         L__DUTY_RAMP867
0x1468	0x518C      	MOVF        FARG_DUTY_RAMP_toplam_adim, 0, 1
0x146A	0x198E      	XORWF       DUTY_RAMP_a, 0, 1
L__DUTY_RAMP867:
0x146C	0xE003      	BZ          L__DUTY_RAMP509
0x146E	0x4B8E      	INFSNZ      DUTY_RAMP_a, 1, 1
0x1470	0x2B8F      	INCF        DUTY_RAMP_a+1, 1, 1
0x1472	0xD7A0      	BRA         L__DUTY_RAMP505
L__DUTY_RAMP509:
;tigkynk_18f.mbas,1289 :: 		end if
L__DUTY_RAMP495:
;tigkynk_18f.mbas,1291 :: 		Pwm1_Set_Duty(duty_son)
0x1474	0xF09BC08B  	MOVFF       FARG_DUTY_RAMP_duty_son, FARG_PWM1_Set_Duty_new_duty
0x1478	0xF006EC24  	CALL        _PWM1_Set_Duty, 0
;tigkynk_18f.mbas,1292 :: 		pid_cikis = duty_son
0x147C	0xF044C08B  	MOVFF       FARG_DUTY_RAMP_duty_son, _pid_cikis
0x1480	0x0E00      	MOVLW       0
0x1482	0x6E45      	MOVWF       _pid_cikis+1 
;tigkynk_18f.mbas,1293 :: 		end sub
L_end__DUTY_RAMP:
L_end_DUTY_RAMP:
0x1484	0x0012      	RETURN      0
; end of _DUTY_RAMP
_CRATER_FILL_BASLAT:
;tigkynk_18f.mbas,1298 :: 		dim crater_duty as byte
;tigkynk_18f.mbas,1300 :: 		crater_duty = AKIM_TO_DUTY(CRATER_AKIM)
0x148E	0x0E0A      	MOVLW       10
0x1490	0x0100      	MOVLB       0
0x1492	0x6F9B      	MOVWF       FARG_AKIM_TO_DUTY_akim, 1
0x1494	0x0E00      	MOVLW       0
0x1496	0x6F9C      	MOVWF       FARG_AKIM_TO_DUTY_akim+1, 1
0x1498	0xDC78      	RCALL       _AKIM_TO_DUTY
0x149A	0xF08BC000  	MOVFF       R0, CRATER_FILL_BASLAT_crater_duty
;tigkynk_18f.mbas,1301 :: 		Pwm1_Set_Duty(crater_duty)
0x149E	0xF09BC000  	MOVFF       R0, FARG_PWM1_Set_Duty_new_duty
0x14A2	0xF006EC24  	CALL        _PWM1_Set_Duty, 0
;tigkynk_18f.mbas,1302 :: 		pid_cikis = crater_duty
0x14A6	0xF044C08B  	MOVFF       CRATER_FILL_BASLAT_crater_duty, _pid_cikis
0x14AA	0x0E00      	MOVLW       0
0x14AC	0x6E45      	MOVWF       _pid_cikis+1 
;tigkynk_18f.mbas,1304 :: 		for c = 1 to CRATER_SURE
0x14AE	0x0E01      	MOVLW       1
0x14B0	0x0100      	MOVLB       0
0x14B2	0x6F8A      	MOVWF       CRATER_FILL_BASLAT_c, 1
L__CRATER_FILL_BASLAT516:
;tigkynk_18f.mbas,1305 :: 		Delay_ms(10)
0x14B4	0x0E34      	MOVLW       52
0x14B6	0x6E0C      	MOVWF       R12, 0
0x14B8	0x0EF1      	MOVLW       241
0x14BA	0x6E0D      	MOVWF       R13, 0
L__CRATER_FILL_BASLAT520:
0x14BC	0x2E0D      	DECFSZ      R13, 1, 0
0x14BE	0xD7FE      	BRA         L__CRATER_FILL_BASLAT520
0x14C0	0x2E0C      	DECFSZ      R12, 1, 0
0x14C2	0xD7FC      	BRA         L__CRATER_FILL_BASLAT520
0x14C4	0x0000      	NOP
0x14C6	0x0000      	NOP
;tigkynk_18f.mbas,1306 :: 		next c
0x14C8	0x518A      	MOVF        CRATER_FILL_BASLAT_c, 0, 1
0x14CA	0x0A32      	XORLW       50
0x14CC	0xE002      	BZ          L__CRATER_FILL_BASLAT519
0x14CE	0x2B8A      	INCF        CRATER_FILL_BASLAT_c, 1, 1
0x14D0	0xD7F1      	BRA         L__CRATER_FILL_BASLAT516
L__CRATER_FILL_BASLAT519:
;tigkynk_18f.mbas,1307 :: 		end sub
L_end_CRATER_FILL_BASLAT:
0x14D2	0x0012      	RETURN      0
; end of _CRATER_FILL_BASLAT
_KISA_DEVRE_KALKTI_MI:
;tigkynk_18f.mbas,695 :: 		dim adc_now as word
;tigkynk_18f.mbas,697 :: 		adc_now = ADC8_ORT_OKU()
0x14D6	0xF005ECE0  	CALL        _ADC8_ORT_OKU, 0
;tigkynk_18f.mbas,699 :: 		if adc_now >= KISA_DEVRE_CIKIS_ESIK then
0x14DA	0x0E00      	MOVLW       0
0x14DC	0x5C01      	SUBWF       R1, 0 
0x14DE	0xE102      	BNZ         L__KISA_DEVRE_KALKTI_MI824
0x14E0	0x0E14      	MOVLW       20
0x14E2	0x5C00      	SUBWF       R0, 0 
L__KISA_DEVRE_KALKTI_MI824:
0x14E4	0xE303      	BNC         L__KISA_DEVRE_KALKTI_MI273
;tigkynk_18f.mbas,700 :: 		result = 1
0x14E6	0x0E01      	MOVLW       1
0x14E8	0x6F8A      	MOVWF       KISA_DEVRE_KALKTI_MI_local_result, 1
0x14EA	0xD001      	BRA         L__KISA_DEVRE_KALKTI_MI274
;tigkynk_18f.mbas,701 :: 		else
L__KISA_DEVRE_KALKTI_MI273:
;tigkynk_18f.mbas,702 :: 		result = 0
0x14EC	0x6B8A      	CLRF        KISA_DEVRE_KALKTI_MI_local_result, 1
;tigkynk_18f.mbas,703 :: 		end if
L__KISA_DEVRE_KALKTI_MI274:
;tigkynk_18f.mbas,704 :: 		end sub
0x14EE	0xF000C08A  	MOVFF       KISA_DEVRE_KALKTI_MI_local_result, R0
L_end_KISA_DEVRE_KALKTI_MI:
0x14F2	0x0012      	RETURN      0
; end of _KISA_DEVRE_KALKTI_MI
_KISA_DEVRE_VAR_MI:
;tigkynk_18f.mbas,682 :: 		dim adc_now as word
;tigkynk_18f.mbas,684 :: 		adc_now = ADC8_ORT_OKU()
0x14F4	0xF005ECE0  	CALL        _ADC8_ORT_OKU, 0
;tigkynk_18f.mbas,686 :: 		if adc_now <= KISA_DEVRE_ADC_ESIK then
0x14F8	0x0E00      	MOVLW       0
0x14FA	0x6E02      	MOVWF       R2 
0x14FC	0x5001      	MOVF        R1, 0 
0x14FE	0x5C02      	SUBWF       R2, 0 
0x1500	0xE102      	BNZ         L__KISA_DEVRE_VAR_MI822
0x1502	0x5000      	MOVF        R0, 0 
0x1504	0x080C      	SUBLW       12
L__KISA_DEVRE_VAR_MI822:
0x1506	0xE303      	BNC         L__KISA_DEVRE_VAR_MI269
;tigkynk_18f.mbas,687 :: 		result = 1
0x1508	0x0E01      	MOVLW       1
0x150A	0x6F8A      	MOVWF       KISA_DEVRE_VAR_MI_local_result, 1
0x150C	0xD001      	BRA         L__KISA_DEVRE_VAR_MI270
;tigkynk_18f.mbas,688 :: 		else
L__KISA_DEVRE_VAR_MI269:
;tigkynk_18f.mbas,689 :: 		result = 0
0x150E	0x6B8A      	CLRF        KISA_DEVRE_VAR_MI_local_result, 1
;tigkynk_18f.mbas,690 :: 		end if
L__KISA_DEVRE_VAR_MI270:
;tigkynk_18f.mbas,691 :: 		end sub
0x1510	0xF000C08A  	MOVFF       KISA_DEVRE_VAR_MI_local_result, R0
L_end_KISA_DEVRE_VAR_MI:
0x1514	0x0012      	RETURN      0
; end of _KISA_DEVRE_VAR_MI
_LIFT_TIG_BEKLE_VE_RAMP_BASLAT:
;tigkynk_18f.mbas,976 :: 		dim adim3_tamam as byte
;tigkynk_18f.mbas,978 :: 		lift_duty = AKIM_TO_DUTY(LIFT_BASLANGIC_AKIM)
0x1516	0x0E08      	MOVLW       8
0x1518	0x0100      	MOVLB       0
0x151A	0x6F9B      	MOVWF       FARG_AKIM_TO_DUTY_akim, 1
0x151C	0x0E00      	MOVLW       0
0x151E	0x6F9C      	MOVWF       FARG_AKIM_TO_DUTY_akim+1, 1
0x1520	0xDC34      	RCALL       _AKIM_TO_DUTY
0x1522	0xF07AC000  	MOVFF       R0, LIFT_TIG_BEKLE_VE_RAMP_BASLAT_lift_duty
;tigkynk_18f.mbas,980 :: 		Pwm1_Set_Duty(lift_duty)
0x1526	0xF09BC000  	MOVFF       R0, FARG_PWM1_Set_Duty_new_duty
0x152A	0xF006EC24  	CALL        _PWM1_Set_Duty, 0
;tigkynk_18f.mbas,981 :: 		pid_cikis = lift_duty
0x152E	0xF044C07A  	MOVFF       LIFT_TIG_BEKLE_VE_RAMP_BASLAT_lift_duty, _pid_cikis
0x1532	0x0E00      	MOVLW       0
0x1534	0x6E45      	MOVWF       _pid_cikis+1 
;tigkynk_18f.mbas,983 :: 		lift_temas_var = 0
0x1536	0x6A52      	CLRF        _lift_temas_var 
;tigkynk_18f.mbas,984 :: 		temas_say = 0
0x1538	0x0100      	MOVLB       0
0x153A	0x6B7B      	CLRF        LIFT_TIG_BEKLE_VE_RAMP_BASLAT_temas_say, 1
;tigkynk_18f.mbas,985 :: 		birak_say = 0
0x153C	0x6B7C      	CLRF        LIFT_TIG_BEKLE_VE_RAMP_BASLAT_birak_say, 1
;tigkynk_18f.mbas,986 :: 		ark_say_local = 0
0x153E	0x6B7D      	CLRF        LIFT_TIG_BEKLE_VE_RAMP_BASLAT_ark_say_local, 1
;tigkynk_18f.mbas,987 :: 		timeout_say = 0
0x1540	0x6B7E      	CLRF        LIFT_TIG_BEKLE_VE_RAMP_BASLAT_timeout_say, 1
0x1542	0x6B7F      	CLRF        LIFT_TIG_BEKLE_VE_RAMP_BASLAT_timeout_say+1, 1
;tigkynk_18f.mbas,988 :: 		ark_var = 0
0x1544	0x6A53      	CLRF        _ark_var 
;tigkynk_18f.mbas,990 :: 		adim1_tamam = 0
0x1546	0x6B80      	CLRF        LIFT_TIG_BEKLE_VE_RAMP_BASLAT_adim1_tamam, 1
;tigkynk_18f.mbas,991 :: 		adim2_tamam = 0
0x1548	0x6B81      	CLRF        LIFT_TIG_BEKLE_VE_RAMP_BASLAT_adim2_tamam, 1
;tigkynk_18f.mbas,992 :: 		adim3_tamam = 0
0x154A	0x6B82      	CLRF        LIFT_TIG_BEKLE_VE_RAMP_BASLAT_adim3_tamam, 1
;tigkynk_18f.mbas,995 :: 		while kaynak_izin = 1
L__LIFT_TIG_BEKLE_VE_RAMP_BASLAT372:
0x154C	0x504E      	MOVF        _kaynak_izin, 0 
0x154E	0x0A01      	XORLW       1
0x1550	0xE147      	BNZ         L__LIFT_TIG_BEKLE_VE_RAMP_BASLAT373
;tigkynk_18f.mbas,997 :: 		if BASLATMA_VEYA_BLOK_IPTAL_VAR_MI() = 1 then
0x1552	0xF005EC8A  	CALL        _BASLATMA_VEYA_BLOK_IPTAL_VAR_MI, 0
0x1556	0x5000      	MOVF        R0, 0 
0x1558	0x0A01      	XORLW       1
0x155A	0xE10B      	BNZ         L__LIFT_TIG_BEKLE_VE_RAMP_BASLAT377
;tigkynk_18f.mbas,998 :: 		Pwm1_Set_Duty(0)
0x155C	0x6B9B      	CLRF        FARG_PWM1_Set_Duty_new_duty, 1
0x155E	0xF006EC24  	CALL        _PWM1_Set_Duty, 0
;tigkynk_18f.mbas,999 :: 		pid_cikis = 0
0x1562	0x6A44      	CLRF        _pid_cikis 
0x1564	0x6A45      	CLRF        _pid_cikis+1 
;tigkynk_18f.mbas,1000 :: 		Pwm1_Stop()
0x1566	0xF006EC5D  	CALL        _PWM1_Stop, 0
;tigkynk_18f.mbas,1001 :: 		GAS = 0
0x156A	0x9284      	BCF         PORTE, 1 
;tigkynk_18f.mbas,1002 :: 		HF = 0
0x156C	0x9484      	BCF         PORTE, 2 
;tigkynk_18f.mbas,1003 :: 		kaynak_basladi = 0
0x156E	0x6A4D      	CLRF        _kaynak_basladi 
;tigkynk_18f.mbas,1004 :: 		exit
0x1570	0xD0EE      	BRA         L_end__LIFT_TIG_BEKLE_VE_RAMP_BASLAT
L__LIFT_TIG_BEKLE_VE_RAMP_BASLAT377:
;tigkynk_18f.mbas,1007 :: 		adc_now = ADC2_ORT_OKU()
0x1572	0xF005ECA0  	CALL        _ADC2_ORT_OKU, 0
;tigkynk_18f.mbas,1009 :: 		if adc_now > LIFT_TEMAS_ESIK then
0x1576	0x0E00      	MOVLW       0
0x1578	0x6E02      	MOVWF       R2 
0x157A	0x5001      	MOVF        R1, 0 
0x157C	0x5C02      	SUBWF       R2, 0 
0x157E	0xE102      	BNZ         L__LIFT_TIG_BEKLE_VE_RAMP_BASLAT849
0x1580	0x5000      	MOVF        R0, 0 
0x1582	0x0819      	SUBLW       25
L__LIFT_TIG_BEKLE_VE_RAMP_BASLAT849:
0x1584	0xE205      	BC          L__LIFT_TIG_BEKLE_VE_RAMP_BASLAT380
;tigkynk_18f.mbas,1010 :: 		if temas_say < 10 then
0x1586	0x0E0A      	MOVLW       10
0x1588	0x5D7B      	SUBWF       LIFT_TIG_BEKLE_VE_RAMP_BASLAT_temas_say, 0, 1
0x158A	0xA0D8      	BTFSS       STATUS, 0 
;tigkynk_18f.mbas,1011 :: 		Inc(temas_say)
0x158C	0x2B7B      	INCF        LIFT_TIG_BEKLE_VE_RAMP_BASLAT_temas_say, 1, 1
L__LIFT_TIG_BEKLE_VE_RAMP_BASLAT383:
;tigkynk_18f.mbas,1012 :: 		end if
0x158E	0xD001      	BRA         L__LIFT_TIG_BEKLE_VE_RAMP_BASLAT381
;tigkynk_18f.mbas,1013 :: 		else
L__LIFT_TIG_BEKLE_VE_RAMP_BASLAT380:
;tigkynk_18f.mbas,1014 :: 		temas_say = 0
0x1590	0x6B7B      	CLRF        LIFT_TIG_BEKLE_VE_RAMP_BASLAT_temas_say, 1
;tigkynk_18f.mbas,1015 :: 		end if
L__LIFT_TIG_BEKLE_VE_RAMP_BASLAT381:
;tigkynk_18f.mbas,1017 :: 		if temas_say >= 3 then
0x1592	0x0E03      	MOVLW       3
0x1594	0x5D7B      	SUBWF       LIFT_TIG_BEKLE_VE_RAMP_BASLAT_temas_say, 0, 1
0x1596	0xE305      	BNC         L__LIFT_TIG_BEKLE_VE_RAMP_BASLAT386
;tigkynk_18f.mbas,1018 :: 		lift_temas_var = 1
0x1598	0x0E01      	MOVLW       1
0x159A	0x6E52      	MOVWF       _lift_temas_var 
;tigkynk_18f.mbas,1019 :: 		adim1_tamam = 1
0x159C	0x0E01      	MOVLW       1
0x159E	0x6F80      	MOVWF       LIFT_TIG_BEKLE_VE_RAMP_BASLAT_adim1_tamam, 1
;tigkynk_18f.mbas,1020 :: 		break
0x15A0	0xD01F      	BRA         L__LIFT_TIG_BEKLE_VE_RAMP_BASLAT373
L__LIFT_TIG_BEKLE_VE_RAMP_BASLAT386:
;tigkynk_18f.mbas,1023 :: 		Inc(timeout_say)
0x15A2	0x4B7E      	INFSNZ      LIFT_TIG_BEKLE_VE_RAMP_BASLAT_timeout_say, 1, 1
0x15A4	0x2B7F      	INCF        LIFT_TIG_BEKLE_VE_RAMP_BASLAT_timeout_say+1, 1, 1
;tigkynk_18f.mbas,1024 :: 		if timeout_say >= LIFT_TIMEOUT then
0x15A6	0x0E01      	MOVLW       1
0x15A8	0x5D7F      	SUBWF       LIFT_TIG_BEKLE_VE_RAMP_BASLAT_timeout_say+1, 0, 1
0x15AA	0xE102      	BNZ         L__LIFT_TIG_BEKLE_VE_RAMP_BASLAT850
0x15AC	0x0E2C      	MOVLW       44
0x15AE	0x5D7E      	SUBWF       LIFT_TIG_BEKLE_VE_RAMP_BASLAT_timeout_say, 0, 1
L__LIFT_TIG_BEKLE_VE_RAMP_BASLAT850:
0x15B0	0xE30C      	BNC         L__LIFT_TIG_BEKLE_VE_RAMP_BASLAT389
;tigkynk_18f.mbas,1025 :: 		Pwm1_Set_Duty(0)
0x15B2	0x6B9B      	CLRF        FARG_PWM1_Set_Duty_new_duty, 1
0x15B4	0xF006EC24  	CALL        _PWM1_Set_Duty, 0
;tigkynk_18f.mbas,1026 :: 		pid_cikis = 0
0x15B8	0x6A44      	CLRF        _pid_cikis 
0x15BA	0x6A45      	CLRF        _pid_cikis+1 
;tigkynk_18f.mbas,1027 :: 		Pwm1_Stop()
0x15BC	0xF006EC5D  	CALL        _PWM1_Stop, 0
;tigkynk_18f.mbas,1028 :: 		GAS = 0
0x15C0	0x9284      	BCF         PORTE, 1 
;tigkynk_18f.mbas,1029 :: 		HF = 0
0x15C2	0x9484      	BCF         PORTE, 2 
;tigkynk_18f.mbas,1030 :: 		kaynak_basladi = 0
0x15C4	0x6A4D      	CLRF        _kaynak_basladi 
;tigkynk_18f.mbas,1031 :: 		kaynak_izin = 0
0x15C6	0x6A4E      	CLRF        _kaynak_izin 
;tigkynk_18f.mbas,1032 :: 		exit
0x15C8	0xD0C2      	BRA         L_end__LIFT_TIG_BEKLE_VE_RAMP_BASLAT
L__LIFT_TIG_BEKLE_VE_RAMP_BASLAT389:
;tigkynk_18f.mbas,1035 :: 		Delay_ms(10)
0x15CA	0x0E34      	MOVLW       52
0x15CC	0x6E0C      	MOVWF       R12, 0
0x15CE	0x0EF1      	MOVLW       241
0x15D0	0x6E0D      	MOVWF       R13, 0
L__LIFT_TIG_BEKLE_VE_RAMP_BASLAT391:
0x15D2	0x2E0D      	DECFSZ      R13, 1, 0
0x15D4	0xD7FE      	BRA         L__LIFT_TIG_BEKLE_VE_RAMP_BASLAT391
0x15D6	0x2E0C      	DECFSZ      R12, 1, 0
0x15D8	0xD7FC      	BRA         L__LIFT_TIG_BEKLE_VE_RAMP_BASLAT391
0x15DA	0x0000      	NOP
0x15DC	0x0000      	NOP
;tigkynk_18f.mbas,1036 :: 		wend
0x15DE	0xD7B6      	BRA         L__LIFT_TIG_BEKLE_VE_RAMP_BASLAT372
L__LIFT_TIG_BEKLE_VE_RAMP_BASLAT373:
;tigkynk_18f.mbas,1038 :: 		if adim1_tamam = 0 then
0x15E0	0x0100      	MOVLB       0
0x15E2	0x5180      	MOVF        LIFT_TIG_BEKLE_VE_RAMP_BASLAT_adim1_tamam, 0, 1
0x15E4	0x0A00      	XORLW       0
0x15E6	0xE101      	BNZ         L__LIFT_TIG_BEKLE_VE_RAMP_BASLAT393
;tigkynk_18f.mbas,1039 :: 		exit
0x15E8	0xD0B2      	BRA         L_end__LIFT_TIG_BEKLE_VE_RAMP_BASLAT
L__LIFT_TIG_BEKLE_VE_RAMP_BASLAT393:
;tigkynk_18f.mbas,1042 :: 		if kaynak_izin = 0 then
0x15EA	0x504E      	MOVF        _kaynak_izin, 0 
0x15EC	0x0A00      	XORLW       0
0x15EE	0xE101      	BNZ         L__LIFT_TIG_BEKLE_VE_RAMP_BASLAT396
;tigkynk_18f.mbas,1043 :: 		exit
0x15F0	0xD0AE      	BRA         L_end__LIFT_TIG_BEKLE_VE_RAMP_BASLAT
L__LIFT_TIG_BEKLE_VE_RAMP_BASLAT396:
;tigkynk_18f.mbas,1047 :: 		timeout_say = 0
0x15F2	0x6B7E      	CLRF        LIFT_TIG_BEKLE_VE_RAMP_BASLAT_timeout_say, 1
0x15F4	0x6B7F      	CLRF        LIFT_TIG_BEKLE_VE_RAMP_BASLAT_timeout_say+1, 1
;tigkynk_18f.mbas,1049 :: 		while kaynak_izin = 1
L__LIFT_TIG_BEKLE_VE_RAMP_BASLAT399:
0x15F6	0x504E      	MOVF        _kaynak_izin, 0 
0x15F8	0x0A01      	XORLW       1
0x15FA	0xE143      	BNZ         L__LIFT_TIG_BEKLE_VE_RAMP_BASLAT400
;tigkynk_18f.mbas,1051 :: 		if BASLATMA_VEYA_BLOK_IPTAL_VAR_MI() = 1 then
0x15FC	0xF005EC8A  	CALL        _BASLATMA_VEYA_BLOK_IPTAL_VAR_MI, 0
0x1600	0x5000      	MOVF        R0, 0 
0x1602	0x0A01      	XORLW       1
0x1604	0xE10B      	BNZ         L__LIFT_TIG_BEKLE_VE_RAMP_BASLAT404
;tigkynk_18f.mbas,1052 :: 		Pwm1_Set_Duty(0)
0x1606	0x6B9B      	CLRF        FARG_PWM1_Set_Duty_new_duty, 1
0x1608	0xF006EC24  	CALL        _PWM1_Set_Duty, 0
;tigkynk_18f.mbas,1053 :: 		pid_cikis = 0
0x160C	0x6A44      	CLRF        _pid_cikis 
0x160E	0x6A45      	CLRF        _pid_cikis+1 
;tigkynk_18f.mbas,1054 :: 		Pwm1_Stop()
0x1610	0xF006EC5D  	CALL        _PWM1_Stop, 0
;tigkynk_18f.mbas,1055 :: 		GAS = 0
0x1614	0x9284      	BCF         PORTE, 1 
;tigkynk_18f.mbas,1056 :: 		HF = 0
0x1616	0x9484      	BCF         PORTE, 2 
;tigkynk_18f.mbas,1057 :: 		kaynak_basladi = 0
0x1618	0x6A4D      	CLRF        _kaynak_basladi 
;tigkynk_18f.mbas,1058 :: 		exit
0x161A	0xD099      	BRA         L_end__LIFT_TIG_BEKLE_VE_RAMP_BASLAT
L__LIFT_TIG_BEKLE_VE_RAMP_BASLAT404:
;tigkynk_18f.mbas,1061 :: 		adc_now = ADC2_ORT_OKU()
0x161C	0xF005ECA0  	CALL        _ADC2_ORT_OKU, 0
;tigkynk_18f.mbas,1063 :: 		if adc_now < LIFT_BIRAK_ESIK then
0x1620	0x0E00      	MOVLW       0
0x1622	0x5C01      	SUBWF       R1, 0 
0x1624	0xE102      	BNZ         L__LIFT_TIG_BEKLE_VE_RAMP_BASLAT851
0x1626	0x0E08      	MOVLW       8
0x1628	0x5C00      	SUBWF       R0, 0 
L__LIFT_TIG_BEKLE_VE_RAMP_BASLAT851:
0x162A	0xE205      	BC          L__LIFT_TIG_BEKLE_VE_RAMP_BASLAT407
;tigkynk_18f.mbas,1064 :: 		if birak_say < 10 then
0x162C	0x0E0A      	MOVLW       10
0x162E	0x5D7C      	SUBWF       LIFT_TIG_BEKLE_VE_RAMP_BASLAT_birak_say, 0, 1
0x1630	0xA0D8      	BTFSS       STATUS, 0 
;tigkynk_18f.mbas,1065 :: 		Inc(birak_say)
0x1632	0x2B7C      	INCF        LIFT_TIG_BEKLE_VE_RAMP_BASLAT_birak_say, 1, 1
L__LIFT_TIG_BEKLE_VE_RAMP_BASLAT410:
;tigkynk_18f.mbas,1066 :: 		end if
0x1634	0xD001      	BRA         L__LIFT_TIG_BEKLE_VE_RAMP_BASLAT408
;tigkynk_18f.mbas,1067 :: 		else
L__LIFT_TIG_BEKLE_VE_RAMP_BASLAT407:
;tigkynk_18f.mbas,1068 :: 		birak_say = 0
0x1636	0x6B7C      	CLRF        LIFT_TIG_BEKLE_VE_RAMP_BASLAT_birak_say, 1
;tigkynk_18f.mbas,1069 :: 		end if
L__LIFT_TIG_BEKLE_VE_RAMP_BASLAT408:
;tigkynk_18f.mbas,1071 :: 		if birak_say >= 3 then
0x1638	0x0E03      	MOVLW       3
0x163A	0x5D7C      	SUBWF       LIFT_TIG_BEKLE_VE_RAMP_BASLAT_birak_say, 0, 1
0x163C	0xE303      	BNC         L__LIFT_TIG_BEKLE_VE_RAMP_BASLAT413
;tigkynk_18f.mbas,1072 :: 		adim2_tamam = 1
0x163E	0x0E01      	MOVLW       1
0x1640	0x6F81      	MOVWF       LIFT_TIG_BEKLE_VE_RAMP_BASLAT_adim2_tamam, 1
;tigkynk_18f.mbas,1073 :: 		break
0x1642	0xD01F      	BRA         L__LIFT_TIG_BEKLE_VE_RAMP_BASLAT400
L__LIFT_TIG_BEKLE_VE_RAMP_BASLAT413:
;tigkynk_18f.mbas,1076 :: 		Inc(timeout_say)
0x1644	0x4B7E      	INFSNZ      LIFT_TIG_BEKLE_VE_RAMP_BASLAT_timeout_say, 1, 1
0x1646	0x2B7F      	INCF        LIFT_TIG_BEKLE_VE_RAMP_BASLAT_timeout_say+1, 1, 1
;tigkynk_18f.mbas,1077 :: 		if timeout_say >= LIFT_TIMEOUT then
0x1648	0x0E01      	MOVLW       1
0x164A	0x5D7F      	SUBWF       LIFT_TIG_BEKLE_VE_RAMP_BASLAT_timeout_say+1, 0, 1
0x164C	0xE102      	BNZ         L__LIFT_TIG_BEKLE_VE_RAMP_BASLAT852
0x164E	0x0E2C      	MOVLW       44
0x1650	0x5D7E      	SUBWF       LIFT_TIG_BEKLE_VE_RAMP_BASLAT_timeout_say, 0, 1
L__LIFT_TIG_BEKLE_VE_RAMP_BASLAT852:
0x1652	0xE30C      	BNC         L__LIFT_TIG_BEKLE_VE_RAMP_BASLAT416
;tigkynk_18f.mbas,1078 :: 		Pwm1_Set_Duty(0)
0x1654	0x6B9B      	CLRF        FARG_PWM1_Set_Duty_new_duty, 1
0x1656	0xF006EC24  	CALL        _PWM1_Set_Duty, 0
;tigkynk_18f.mbas,1079 :: 		pid_cikis = 0
0x165A	0x6A44      	CLRF        _pid_cikis 
0x165C	0x6A45      	CLRF        _pid_cikis+1 
;tigkynk_18f.mbas,1080 :: 		Pwm1_Stop()
0x165E	0xF006EC5D  	CALL        _PWM1_Stop, 0
;tigkynk_18f.mbas,1081 :: 		GAS = 0
0x1662	0x9284      	BCF         PORTE, 1 
;tigkynk_18f.mbas,1082 :: 		HF = 0
0x1664	0x9484      	BCF         PORTE, 2 
;tigkynk_18f.mbas,1083 :: 		kaynak_basladi = 0
0x1666	0x6A4D      	CLRF        _kaynak_basladi 
;tigkynk_18f.mbas,1084 :: 		kaynak_izin = 0
0x1668	0x6A4E      	CLRF        _kaynak_izin 
;tigkynk_18f.mbas,1085 :: 		exit
0x166A	0xD071      	BRA         L_end__LIFT_TIG_BEKLE_VE_RAMP_BASLAT
L__LIFT_TIG_BEKLE_VE_RAMP_BASLAT416:
;tigkynk_18f.mbas,1088 :: 		Delay_ms(10)
0x166C	0x0E34      	MOVLW       52
0x166E	0x6E0C      	MOVWF       R12, 0
0x1670	0x0EF1      	MOVLW       241
0x1672	0x6E0D      	MOVWF       R13, 0
L__LIFT_TIG_BEKLE_VE_RAMP_BASLAT418:
0x1674	0x2E0D      	DECFSZ      R13, 1, 0
0x1676	0xD7FE      	BRA         L__LIFT_TIG_BEKLE_VE_RAMP_BASLAT418
0x1678	0x2E0C      	DECFSZ      R12, 1, 0
0x167A	0xD7FC      	BRA         L__LIFT_TIG_BEKLE_VE_RAMP_BASLAT418
0x167C	0x0000      	NOP
0x167E	0x0000      	NOP
;tigkynk_18f.mbas,1089 :: 		wend
0x1680	0xD7BA      	BRA         L__LIFT_TIG_BEKLE_VE_RAMP_BASLAT399
L__LIFT_TIG_BEKLE_VE_RAMP_BASLAT400:
;tigkynk_18f.mbas,1091 :: 		if adim2_tamam = 0 then
0x1682	0x0100      	MOVLB       0
0x1684	0x5181      	MOVF        LIFT_TIG_BEKLE_VE_RAMP_BASLAT_adim2_tamam, 0, 1
0x1686	0x0A00      	XORLW       0
0x1688	0xE101      	BNZ         L__LIFT_TIG_BEKLE_VE_RAMP_BASLAT420
;tigkynk_18f.mbas,1092 :: 		exit
0x168A	0xD061      	BRA         L_end__LIFT_TIG_BEKLE_VE_RAMP_BASLAT
L__LIFT_TIG_BEKLE_VE_RAMP_BASLAT420:
;tigkynk_18f.mbas,1095 :: 		if kaynak_izin = 0 then
0x168C	0x504E      	MOVF        _kaynak_izin, 0 
0x168E	0x0A00      	XORLW       0
0x1690	0xE101      	BNZ         L__LIFT_TIG_BEKLE_VE_RAMP_BASLAT423
;tigkynk_18f.mbas,1096 :: 		exit
0x1692	0xD05D      	BRA         L_end__LIFT_TIG_BEKLE_VE_RAMP_BASLAT
L__LIFT_TIG_BEKLE_VE_RAMP_BASLAT423:
;tigkynk_18f.mbas,1100 :: 		timeout_say = 0
0x1694	0x6B7E      	CLRF        LIFT_TIG_BEKLE_VE_RAMP_BASLAT_timeout_say, 1
0x1696	0x6B7F      	CLRF        LIFT_TIG_BEKLE_VE_RAMP_BASLAT_timeout_say+1, 1
;tigkynk_18f.mbas,1102 :: 		while kaynak_izin = 1
L__LIFT_TIG_BEKLE_VE_RAMP_BASLAT426:
0x1698	0x504E      	MOVF        _kaynak_izin, 0 
0x169A	0x0A01      	XORLW       1
0x169C	0xE147      	BNZ         L__LIFT_TIG_BEKLE_VE_RAMP_BASLAT427
;tigkynk_18f.mbas,1104 :: 		if BASLATMA_VEYA_BLOK_IPTAL_VAR_MI() = 1 then
0x169E	0xF005EC8A  	CALL        _BASLATMA_VEYA_BLOK_IPTAL_VAR_MI, 0
0x16A2	0x5000      	MOVF        R0, 0 
0x16A4	0x0A01      	XORLW       1
0x16A6	0xE10B      	BNZ         L__LIFT_TIG_BEKLE_VE_RAMP_BASLAT431
;tigkynk_18f.mbas,1105 :: 		Pwm1_Set_Duty(0)
0x16A8	0x6B9B      	CLRF        FARG_PWM1_Set_Duty_new_duty, 1
0x16AA	0xF006EC24  	CALL        _PWM1_Set_Duty, 0
;tigkynk_18f.mbas,1106 :: 		pid_cikis = 0
0x16AE	0x6A44      	CLRF        _pid_cikis 
0x16B0	0x6A45      	CLRF        _pid_cikis+1 
;tigkynk_18f.mbas,1107 :: 		Pwm1_Stop()
0x16B2	0xF006EC5D  	CALL        _PWM1_Stop, 0
;tigkynk_18f.mbas,1108 :: 		GAS = 0
0x16B6	0x9284      	BCF         PORTE, 1 
;tigkynk_18f.mbas,1109 :: 		HF = 0
0x16B8	0x9484      	BCF         PORTE, 2 
;tigkynk_18f.mbas,1110 :: 		kaynak_basladi = 0
0x16BA	0x6A4D      	CLRF        _kaynak_basladi 
;tigkynk_18f.mbas,1111 :: 		exit
0x16BC	0xD048      	BRA         L_end__LIFT_TIG_BEKLE_VE_RAMP_BASLAT
L__LIFT_TIG_BEKLE_VE_RAMP_BASLAT431:
;tigkynk_18f.mbas,1114 :: 		adc_now = ADC2_ORT_OKU()
0x16BE	0xF005ECA0  	CALL        _ADC2_ORT_OKU, 0
;tigkynk_18f.mbas,1116 :: 		if adc_now > LIFT_ARK_ONAY_ESIK then
0x16C2	0x0E00      	MOVLW       0
0x16C4	0x6E02      	MOVWF       R2 
0x16C6	0x5001      	MOVF        R1, 0 
0x16C8	0x5C02      	SUBWF       R2, 0 
0x16CA	0xE102      	BNZ         L__LIFT_TIG_BEKLE_VE_RAMP_BASLAT853
0x16CC	0x5000      	MOVF        R0, 0 
0x16CE	0x0814      	SUBLW       20
L__LIFT_TIG_BEKLE_VE_RAMP_BASLAT853:
0x16D0	0xE205      	BC          L__LIFT_TIG_BEKLE_VE_RAMP_BASLAT434
;tigkynk_18f.mbas,1117 :: 		if ark_say_local < 20 then
0x16D2	0x0E14      	MOVLW       20
0x16D4	0x5D7D      	SUBWF       LIFT_TIG_BEKLE_VE_RAMP_BASLAT_ark_say_local, 0, 1
0x16D6	0xA0D8      	BTFSS       STATUS, 0 
;tigkynk_18f.mbas,1118 :: 		Inc(ark_say_local)
0x16D8	0x2B7D      	INCF        LIFT_TIG_BEKLE_VE_RAMP_BASLAT_ark_say_local, 1, 1
L__LIFT_TIG_BEKLE_VE_RAMP_BASLAT437:
;tigkynk_18f.mbas,1119 :: 		end if
0x16DA	0xD001      	BRA         L__LIFT_TIG_BEKLE_VE_RAMP_BASLAT435
;tigkynk_18f.mbas,1120 :: 		else
L__LIFT_TIG_BEKLE_VE_RAMP_BASLAT434:
;tigkynk_18f.mbas,1121 :: 		ark_say_local = 0
0x16DC	0x6B7D      	CLRF        LIFT_TIG_BEKLE_VE_RAMP_BASLAT_ark_say_local, 1
;tigkynk_18f.mbas,1122 :: 		end if
L__LIFT_TIG_BEKLE_VE_RAMP_BASLAT435:
;tigkynk_18f.mbas,1124 :: 		if ark_say_local >= 5 then
0x16DE	0x0E05      	MOVLW       5
0x16E0	0x5D7D      	SUBWF       LIFT_TIG_BEKLE_VE_RAMP_BASLAT_ark_say_local, 0, 1
0x16E2	0xE305      	BNC         L__LIFT_TIG_BEKLE_VE_RAMP_BASLAT440
;tigkynk_18f.mbas,1125 :: 		ark_var = 1
0x16E4	0x0E01      	MOVLW       1
0x16E6	0x6E53      	MOVWF       _ark_var 
;tigkynk_18f.mbas,1126 :: 		adim3_tamam = 1
0x16E8	0x0E01      	MOVLW       1
0x16EA	0x6F82      	MOVWF       LIFT_TIG_BEKLE_VE_RAMP_BASLAT_adim3_tamam, 1
;tigkynk_18f.mbas,1127 :: 		break
0x16EC	0xD01F      	BRA         L__LIFT_TIG_BEKLE_VE_RAMP_BASLAT427
L__LIFT_TIG_BEKLE_VE_RAMP_BASLAT440:
;tigkynk_18f.mbas,1130 :: 		Inc(timeout_say)
0x16EE	0x4B7E      	INFSNZ      LIFT_TIG_BEKLE_VE_RAMP_BASLAT_timeout_say, 1, 1
0x16F0	0x2B7F      	INCF        LIFT_TIG_BEKLE_VE_RAMP_BASLAT_timeout_say+1, 1, 1
;tigkynk_18f.mbas,1131 :: 		if timeout_say >= LIFT_TIMEOUT then
0x16F2	0x0E01      	MOVLW       1
0x16F4	0x5D7F      	SUBWF       LIFT_TIG_BEKLE_VE_RAMP_BASLAT_timeout_say+1, 0, 1
0x16F6	0xE102      	BNZ         L__LIFT_TIG_BEKLE_VE_RAMP_BASLAT854
0x16F8	0x0E2C      	MOVLW       44
0x16FA	0x5D7E      	SUBWF       LIFT_TIG_BEKLE_VE_RAMP_BASLAT_timeout_say, 0, 1
L__LIFT_TIG_BEKLE_VE_RAMP_BASLAT854:
0x16FC	0xE30C      	BNC         L__LIFT_TIG_BEKLE_VE_RAMP_BASLAT443
;tigkynk_18f.mbas,1132 :: 		Pwm1_Set_Duty(0)
0x16FE	0x6B9B      	CLRF        FARG_PWM1_Set_Duty_new_duty, 1
0x1700	0xF006EC24  	CALL        _PWM1_Set_Duty, 0
;tigkynk_18f.mbas,1133 :: 		pid_cikis = 0
0x1704	0x6A44      	CLRF        _pid_cikis 
0x1706	0x6A45      	CLRF        _pid_cikis+1 
;tigkynk_18f.mbas,1134 :: 		Pwm1_Stop()
0x1708	0xF006EC5D  	CALL        _PWM1_Stop, 0
;tigkynk_18f.mbas,1135 :: 		GAS = 0
0x170C	0x9284      	BCF         PORTE, 1 
;tigkynk_18f.mbas,1136 :: 		HF = 0
0x170E	0x9484      	BCF         PORTE, 2 
;tigkynk_18f.mbas,1137 :: 		kaynak_basladi = 0
0x1710	0x6A4D      	CLRF        _kaynak_basladi 
;tigkynk_18f.mbas,1138 :: 		kaynak_izin = 0
0x1712	0x6A4E      	CLRF        _kaynak_izin 
;tigkynk_18f.mbas,1139 :: 		exit
0x1714	0xD01C      	BRA         L_end__LIFT_TIG_BEKLE_VE_RAMP_BASLAT
L__LIFT_TIG_BEKLE_VE_RAMP_BASLAT443:
;tigkynk_18f.mbas,1142 :: 		Delay_ms(10)
0x1716	0x0E34      	MOVLW       52
0x1718	0x6E0C      	MOVWF       R12, 0
0x171A	0x0EF1      	MOVLW       241
0x171C	0x6E0D      	MOVWF       R13, 0
L__LIFT_TIG_BEKLE_VE_RAMP_BASLAT445:
0x171E	0x2E0D      	DECFSZ      R13, 1, 0
0x1720	0xD7FE      	BRA         L__LIFT_TIG_BEKLE_VE_RAMP_BASLAT445
0x1722	0x2E0C      	DECFSZ      R12, 1, 0
0x1724	0xD7FC      	BRA         L__LIFT_TIG_BEKLE_VE_RAMP_BASLAT445
0x1726	0x0000      	NOP
0x1728	0x0000      	NOP
;tigkynk_18f.mbas,1143 :: 		wend
0x172A	0xD7B6      	BRA         L__LIFT_TIG_BEKLE_VE_RAMP_BASLAT426
L__LIFT_TIG_BEKLE_VE_RAMP_BASLAT427:
;tigkynk_18f.mbas,1145 :: 		if adim3_tamam = 0 then
0x172C	0x0100      	MOVLB       0
0x172E	0x5182      	MOVF        LIFT_TIG_BEKLE_VE_RAMP_BASLAT_adim3_tamam, 0, 1
0x1730	0x0A00      	XORLW       0
0x1732	0xE101      	BNZ         L__LIFT_TIG_BEKLE_VE_RAMP_BASLAT447
;tigkynk_18f.mbas,1146 :: 		exit
0x1734	0xD00C      	BRA         L_end__LIFT_TIG_BEKLE_VE_RAMP_BASLAT
L__LIFT_TIG_BEKLE_VE_RAMP_BASLAT447:
;tigkynk_18f.mbas,1149 :: 		if kaynak_izin = 0 then
0x1736	0x504E      	MOVF        _kaynak_izin, 0 
0x1738	0x0A00      	XORLW       0
0x173A	0xE101      	BNZ         L__LIFT_TIG_BEKLE_VE_RAMP_BASLAT450
;tigkynk_18f.mbas,1150 :: 		exit
0x173C	0xD008      	BRA         L_end__LIFT_TIG_BEKLE_VE_RAMP_BASLAT
L__LIFT_TIG_BEKLE_VE_RAMP_BASLAT450:
;tigkynk_18f.mbas,1153 :: 		if ark_var = 1 then
0x173E	0x5053      	MOVF        _ark_var, 0 
0x1740	0x0A01      	XORLW       1
0x1742	0xE105      	BNZ         L__LIFT_TIG_BEKLE_VE_RAMP_BASLAT453
;tigkynk_18f.mbas,1154 :: 		RAMP_UP_BASLAT(hedef_akim)
0x1744	0xF08AC050  	MOVFF       _hedef_akim, FARG_RAMP_UP_BASLAT_hedef_akim_local
0x1748	0xF08BC051  	MOVFF       _hedef_akim+1, FARG_RAMP_UP_BASLAT_hedef_akim_local+1
0x174C	0xDC10      	RCALL       _RAMP_UP_BASLAT
L__LIFT_TIG_BEKLE_VE_RAMP_BASLAT453:
;tigkynk_18f.mbas,1156 :: 		end sub
L_end__LIFT_TIG_BEKLE_VE_RAMP_BASLAT:
L_end_LIFT_TIG_BEKLE_VE_RAMP_BASLAT:
0x174E	0x0012      	RETURN      0
; end of _LIFT_TIG_BEKLE_VE_RAMP_BASLAT
_PID_SIFIRLA:
;tigkynk_18f.mbas,707 :: 		sub procedure PID_SIFIRLA()
;tigkynk_18f.mbas,708 :: 		pid_hata = 0
0x1754	0x0100      	MOVLB       0
0x1756	0x6B63      	CLRF        _pid_hata, 1
0x1758	0x6B64      	CLRF        _pid_hata+1, 1
;tigkynk_18f.mbas,709 :: 		pid_onceki_hata = 0
0x175A	0x6A46      	CLRF        _pid_onceki_hata 
0x175C	0x6A47      	CLRF        _pid_onceki_hata+1 
;tigkynk_18f.mbas,710 :: 		pid_turev = 0
0x175E	0x6A37      	CLRF        _pid_turev 
0x1760	0x6A38      	CLRF        _pid_turev+1 
;tigkynk_18f.mbas,711 :: 		pid_cikis = 0
0x1762	0x6A44      	CLRF        _pid_cikis 
0x1764	0x6A45      	CLRF        _pid_cikis+1 
;tigkynk_18f.mbas,712 :: 		pid_integral = 0
0x1766	0x6A48      	CLRF        _pid_integral 
0x1768	0x6A49      	CLRF        _pid_integral+1 
0x176A	0x6A4A      	CLRF        _pid_integral+2 
0x176C	0x6A4B      	CLRF        _pid_integral+3 
;tigkynk_18f.mbas,713 :: 		akim_filtreli = 0
0x176E	0x6B66      	CLRF        _akim_filtreli, 1
0x1770	0x6B67      	CLRF        _akim_filtreli+1, 1
;tigkynk_18f.mbas,714 :: 		pid_timer = 0
0x1772	0x6A4C      	CLRF        _pid_timer 
;tigkynk_18f.mbas,715 :: 		kisa_devre_say = 0
0x1774	0x6A59      	CLRF        _kisa_devre_say 
0x1776	0x6A5A      	CLRF        _kisa_devre_say+1 
;tigkynk_18f.mbas,716 :: 		anti_stick_aktif = 0
0x1778	0x6A4F      	CLRF        _anti_stick_aktif 
;tigkynk_18f.mbas,717 :: 		anti_stick_durum = 0
0x177A	0x6A58      	CLRF        _anti_stick_durum 
;tigkynk_18f.mbas,718 :: 		anti_stick_timer = 0
0x177C	0x6A56      	CLRF        _anti_stick_timer 
0x177E	0x6A57      	CLRF        _anti_stick_timer+1 
;tigkynk_18f.mbas,719 :: 		end sub
L_end_PID_SIFIRLA:
0x1780	0x0012      	RETURN      0
; end of _PID_SIFIRLA
_PULSE_HESAPLA:
;tigkynk_18f.mbas,1480 :: 		sub procedure PULSE_HESAPLA()
;tigkynk_18f.mbas,1482 :: 		if set5_value = 0 then
0x1782	0x501E      	MOVF        _set5_value, 0 
0x1784	0x0A00      	XORLW       0
0x1786	0xE105      	BNZ         L__PULSE_HESAPLA646
;tigkynk_18f.mbas,1483 :: 		pulse_period = 100
0x1788	0x0E64      	MOVLW       100
0x178A	0x6E24      	MOVWF       _pulse_period 
0x178C	0x0E00      	MOVLW       0
0x178E	0x6E25      	MOVWF       _pulse_period+1 
0x1790	0xD00D      	BRA         L__PULSE_HESAPLA647
;tigkynk_18f.mbas,1484 :: 		else
L__PULSE_HESAPLA646:
;tigkynk_18f.mbas,1485 :: 		pulse_period = 1000 / set5_value
0x1792	0xF004C01E  	MOVFF       _set5_value, R4
0x1796	0x0E00      	MOVLW       0
0x1798	0x6E05      	MOVWF       R5 
0x179A	0x0EE8      	MOVLW       232
0x179C	0x6E00      	MOVWF       R0 
0x179E	0x0E03      	MOVLW       3
0x17A0	0x6E01      	MOVWF       R1 
0x17A2	0xDCE1      	RCALL       _Div_16x16_U
0x17A4	0xF024C000  	MOVFF       R0, _pulse_period
0x17A8	0xF025C001  	MOVFF       R1, _pulse_period+1
;tigkynk_18f.mbas,1486 :: 		end if
L__PULSE_HESAPLA647:
;tigkynk_18f.mbas,1488 :: 		if pulse_period = 0 then
0x17AC	0x0E00      	MOVLW       0
0x17AE	0x1825      	XORWF       _pulse_period+1, 0 
0x17B0	0xE102      	BNZ         L__PULSE_HESAPLA885
0x17B2	0x0E00      	MOVLW       0
0x17B4	0x1824      	XORWF       _pulse_period, 0 
L__PULSE_HESAPLA885:
0x17B6	0xE104      	BNZ         L__PULSE_HESAPLA649
;tigkynk_18f.mbas,1489 :: 		pulse_period = 1
0x17B8	0x0E01      	MOVLW       1
0x17BA	0x6E24      	MOVWF       _pulse_period 
0x17BC	0x0E00      	MOVLW       0
0x17BE	0x6E25      	MOVWF       _pulse_period+1 
L__PULSE_HESAPLA649:
;tigkynk_18f.mbas,1492 :: 		pulse_on_time  = (pulse_period * set7_value) / 100
0x17C0	0xF000C024  	MOVFF       _pulse_period, R0
0x17C4	0xF001C025  	MOVFF       _pulse_period+1, R1
0x17C8	0xF004C018  	MOVFF       _set7_value, R4
0x17CC	0x0E00      	MOVLW       0
0x17CE	0x6E05      	MOVWF       R5 
0x17D0	0xF004EC1A  	CALL        _Mul_16x16_U, 0
0x17D4	0x0E64      	MOVLW       100
0x17D6	0x6E04      	MOVWF       R4 
0x17D8	0x0E00      	MOVLW       0
0x17DA	0x6E05      	MOVWF       R5 
0x17DC	0xDCC4      	RCALL       _Div_16x16_U
0x17DE	0xF06CC000  	MOVFF       R0, _pulse_on_time
0x17E2	0xF06DC001  	MOVFF       R1, _pulse_on_time+1
;tigkynk_18f.mbas,1493 :: 		pulse_off_time = pulse_period - pulse_on_time
0x17E6	0x5000      	MOVF        R0, 0 
0x17E8	0x5C24      	SUBWF       _pulse_period, 0 
0x17EA	0x6E5B      	MOVWF       _pulse_off_time 
0x17EC	0x5001      	MOVF        R1, 0 
0x17EE	0x5825      	SUBWFB      _pulse_period+1, 0 
0x17F0	0x6E5C      	MOVWF       _pulse_off_time+1 
;tigkynk_18f.mbas,1495 :: 		if pulse_on_time = 0 then
0x17F2	0x0E00      	MOVLW       0
0x17F4	0x1801      	XORWF       R1, 0 
0x17F6	0xE102      	BNZ         L__PULSE_HESAPLA886
0x17F8	0x0E00      	MOVLW       0
0x17FA	0x1800      	XORWF       R0, 0 
L__PULSE_HESAPLA886:
0x17FC	0xE105      	BNZ         L__PULSE_HESAPLA652
;tigkynk_18f.mbas,1496 :: 		pulse_on_time = 1
0x17FE	0x0E01      	MOVLW       1
0x1800	0x0100      	MOVLB       0
0x1802	0x6F6C      	MOVWF       _pulse_on_time, 1
0x1804	0x0E00      	MOVLW       0
0x1806	0x6F6D      	MOVWF       _pulse_on_time+1, 1
L__PULSE_HESAPLA652:
;tigkynk_18f.mbas,1499 :: 		if pulse_off_time = 0 then
0x1808	0x0E00      	MOVLW       0
0x180A	0x185C      	XORWF       _pulse_off_time+1, 0 
0x180C	0xE102      	BNZ         L__PULSE_HESAPLA887
0x180E	0x0E00      	MOVLW       0
0x1810	0x185B      	XORWF       _pulse_off_time, 0 
L__PULSE_HESAPLA887:
0x1812	0xE104      	BNZ         L__PULSE_HESAPLA655
;tigkynk_18f.mbas,1500 :: 		pulse_off_time = 1
0x1814	0x0E01      	MOVLW       1
0x1816	0x6E5B      	MOVWF       _pulse_off_time 
0x1818	0x0E00      	MOVLW       0
0x181A	0x6E5C      	MOVWF       _pulse_off_time+1 
L__PULSE_HESAPLA655:
;tigkynk_18f.mbas,1503 :: 		end sub
L_end_PULSE_HESAPLA:
0x181C	0x0012      	RETURN      0
; end of _PULSE_HESAPLA
_mask:
;tigkynk_18f.mbas,159 :: 		sub function mask(dim num as byte) as byte
;tigkynk_18f.mbas,161 :: 		case 0
0x1822	0x0100      	MOVLB       0
0x1824	0x517A      	MOVF        FARG_mask_num, 0, 1
0x1826	0x0A00      	XORLW       0
0x1828	0xE103      	BNZ         L__mask4
;tigkynk_18f.mbas,162 :: 		result = $7E
0x182A	0x0E7E      	MOVLW       126
0x182C	0x6E01      	MOVWF       R1 
0x182E	0xD037      	BRA         L__mask1
L__mask4:
;tigkynk_18f.mbas,163 :: 		case 1
0x1830	0x517A      	MOVF        FARG_mask_num, 0, 1
0x1832	0x0A01      	XORLW       1
0x1834	0xE103      	BNZ         L__mask7
;tigkynk_18f.mbas,164 :: 		result = $30
0x1836	0x0E30      	MOVLW       48
0x1838	0x6E01      	MOVWF       R1 
0x183A	0xD031      	BRA         L__mask1
L__mask7:
;tigkynk_18f.mbas,165 :: 		case 2
0x183C	0x517A      	MOVF        FARG_mask_num, 0, 1
0x183E	0x0A02      	XORLW       2
0x1840	0xE103      	BNZ         L__mask10
;tigkynk_18f.mbas,166 :: 		result = $6D
0x1842	0x0E6D      	MOVLW       109
0x1844	0x6E01      	MOVWF       R1 
0x1846	0xD02B      	BRA         L__mask1
L__mask10:
;tigkynk_18f.mbas,167 :: 		case 3
0x1848	0x517A      	MOVF        FARG_mask_num, 0, 1
0x184A	0x0A03      	XORLW       3
0x184C	0xE103      	BNZ         L__mask13
;tigkynk_18f.mbas,168 :: 		result = $79
0x184E	0x0E79      	MOVLW       121
0x1850	0x6E01      	MOVWF       R1 
0x1852	0xD025      	BRA         L__mask1
L__mask13:
;tigkynk_18f.mbas,169 :: 		case 4
0x1854	0x517A      	MOVF        FARG_mask_num, 0, 1
0x1856	0x0A04      	XORLW       4
0x1858	0xE103      	BNZ         L__mask16
;tigkynk_18f.mbas,170 :: 		result = $33
0x185A	0x0E33      	MOVLW       51
0x185C	0x6E01      	MOVWF       R1 
0x185E	0xD01F      	BRA         L__mask1
L__mask16:
;tigkynk_18f.mbas,171 :: 		case 5
0x1860	0x517A      	MOVF        FARG_mask_num, 0, 1
0x1862	0x0A05      	XORLW       5
0x1864	0xE103      	BNZ         L__mask19
;tigkynk_18f.mbas,172 :: 		result = $5B
0x1866	0x0E5B      	MOVLW       91
0x1868	0x6E01      	MOVWF       R1 
0x186A	0xD019      	BRA         L__mask1
L__mask19:
;tigkynk_18f.mbas,173 :: 		case 6
0x186C	0x517A      	MOVF        FARG_mask_num, 0, 1
0x186E	0x0A06      	XORLW       6
0x1870	0xE103      	BNZ         L__mask22
;tigkynk_18f.mbas,174 :: 		result = $5F
0x1872	0x0E5F      	MOVLW       95
0x1874	0x6E01      	MOVWF       R1 
0x1876	0xD013      	BRA         L__mask1
L__mask22:
;tigkynk_18f.mbas,175 :: 		case 7
0x1878	0x517A      	MOVF        FARG_mask_num, 0, 1
0x187A	0x0A07      	XORLW       7
0x187C	0xE103      	BNZ         L__mask25
;tigkynk_18f.mbas,176 :: 		result = $70
0x187E	0x0E70      	MOVLW       112
0x1880	0x6E01      	MOVWF       R1 
0x1882	0xD00D      	BRA         L__mask1
L__mask25:
;tigkynk_18f.mbas,177 :: 		case 8
0x1884	0x517A      	MOVF        FARG_mask_num, 0, 1
0x1886	0x0A08      	XORLW       8
0x1888	0xE103      	BNZ         L__mask28
;tigkynk_18f.mbas,178 :: 		result = $7F
0x188A	0x0E7F      	MOVLW       127
0x188C	0x6E01      	MOVWF       R1 
0x188E	0xD007      	BRA         L__mask1
L__mask28:
;tigkynk_18f.mbas,179 :: 		case 9
0x1890	0x517A      	MOVF        FARG_mask_num, 0, 1
0x1892	0x0A09      	XORLW       9
0x1894	0xE103      	BNZ         L__mask31
;tigkynk_18f.mbas,180 :: 		result = $7B
0x1896	0x0E7B      	MOVLW       123
0x1898	0x6E01      	MOVWF       R1 
0x189A	0xD001      	BRA         L__mask1
L__mask31:
;tigkynk_18f.mbas,182 :: 		result = $00
0x189C	0x6A01      	CLRF        R1 
L__mask1:
;tigkynk_18f.mbas,184 :: 		end sub
0x189E	0xF000C001  	MOVFF       R1, R0
L_end_mask:
0x18A2	0x0012      	RETURN      0
; end of _mask
_Eeprom_Write:
;__Lib_EEPROM_1024.mpas,30 :: 		
;__Lib_EEPROM_1024.mpas,31 :: 		
L__Eeprom_Write3:
0x18A4	0xA2A6      	BTFSS       EECON1, 1 
0x18A6	0xD002      	BRA         L__Eeprom_Write4
0x18A8	0x0000      	NOP
0x18AA	0xD7FC      	BRA         L__Eeprom_Write3
L__Eeprom_Write4:
;__Lib_EEPROM_1024.mpas,32 :: 		
0x18AC	0x9CA6      	BCF         EECON1, 6 
;__Lib_EEPROM_1024.mpas,33 :: 		
0x18AE	0xFFAAC07B  	MOVFF       FARG_Eeprom_Write_address+1, EEADRH
;__Lib_EEPROM_1024.mpas,34 :: 		
0x18B2	0xFFA9C07A  	MOVFF       FARG_Eeprom_Write_address, EEADR
;__Lib_EEPROM_1024.mpas,35 :: 		
0x18B6	0xFFA8C07C  	MOVFF       FARG_Eeprom_Write_data_, EEDATA
;__Lib_EEPROM_1024.mpas,36 :: 		
0x18BA	0x9EA6      	BCF         EECON1, 7 
;__Lib_EEPROM_1024.mpas,37 :: 		
0x18BC	0x84A6      	BSF         EECON1, 2 
;__Lib_EEPROM_1024.mpas,39 :: 		
0x18BE	0xF000CFF2  	MOVFF       INTCON, R0
;__Lib_EEPROM_1024.mpas,42 :: 		
0x18C2	0x9EF2      	BCF         INTCON, 7 
;__Lib_EEPROM_1024.mpas,43 :: 		
0x18C4	0x0E55      	MOVLW       85
0x18C6	0x6EA7      	MOVWF       EECON2 
;__Lib_EEPROM_1024.mpas,44 :: 		
0x18C8	0x0EAA      	MOVLW       170
0x18CA	0x6EA7      	MOVWF       EECON2 
;__Lib_EEPROM_1024.mpas,45 :: 		
0x18CC	0x82A6      	BSF         EECON1, 1 
;__Lib_EEPROM_1024.mpas,49 :: 		
0x18CE	0xBE00      	BTFSC       R0, 7 
0x18D0	0xD002      	BRA         L__Eeprom_Write14
0x18D2	0x9EF2      	BCF         INTCON, 7 
0x18D4	0xD001      	BRA         L__Eeprom_Write15
L__Eeprom_Write14:
0x18D6	0x8EF2      	BSF         INTCON, 7 
L__Eeprom_Write15:
;__Lib_EEPROM_1024.mpas,51 :: 		
0x18D8	0x94A6      	BCF         EECON1, 2 
;__Lib_EEPROM_1024.mpas,53 :: 		
L__Eeprom_Write8:
0x18DA	0xA8A1      	BTFSS       PIR2, 4 
0x18DC	0xD7FE      	BRA         L__Eeprom_Write8
;__Lib_EEPROM_1024.mpas,55 :: 		
0x18DE	0x98A1      	BCF         PIR2, 4 
;__Lib_EEPROM_1024.mpas,56 :: 		
L_end_Eeprom_Write:
0x18E0	0x0012      	RETURN      0
; end of _Eeprom_Write
_SON_GAZ_BASLAT:
;tigkynk_18f.mbas,1345 :: 		dim t as byte
;tigkynk_18f.mbas,1347 :: 		GAS = 1
0x18E2	0x8284      	BSF         PORTE, 1 
;tigkynk_18f.mbas,1349 :: 		if set4_value = 0 then
0x18E4	0x0100      	MOVLB       0
0x18E6	0x5165      	MOVF        _set4_value, 0, 1
0x18E8	0x0A00      	XORLW       0
0x18EA	0xE102      	BNZ         L__SON_GAZ_BASLAT533
;tigkynk_18f.mbas,1350 :: 		GAS = 0
0x18EC	0x9284      	BCF         PORTE, 1 
;tigkynk_18f.mbas,1351 :: 		exit
0x18EE	0xD01C      	BRA         L_end__SON_GAZ_BASLAT
L__SON_GAZ_BASLAT533:
;tigkynk_18f.mbas,1354 :: 		for sg_say = 1 to set4_value
0x18F0	0x0E01      	MOVLW       1
0x18F2	0x6E01      	MOVWF       R1 
L__SON_GAZ_BASLAT535:
0x18F4	0x5001      	MOVF        R1, 0 
0x18F6	0x5D65      	SUBWF       _set4_value, 0, 1
0x18F8	0xE316      	BNC         L__SON_GAZ_BASLAT539
;tigkynk_18f.mbas,1355 :: 		for t = 1 to 100
0x18FA	0x0E01      	MOVLW       1
0x18FC	0x6E02      	MOVWF       R2 
L__SON_GAZ_BASLAT541:
;tigkynk_18f.mbas,1356 :: 		Delay_ms(10)
0x18FE	0x0E34      	MOVLW       52
0x1900	0x6E0C      	MOVWF       R12, 0
0x1902	0x0EF1      	MOVLW       241
0x1904	0x6E0D      	MOVWF       R13, 0
L__SON_GAZ_BASLAT545:
0x1906	0x2E0D      	DECFSZ      R13, 1, 0
0x1908	0xD7FE      	BRA         L__SON_GAZ_BASLAT545
0x190A	0x2E0C      	DECFSZ      R12, 1, 0
0x190C	0xD7FC      	BRA         L__SON_GAZ_BASLAT545
0x190E	0x0000      	NOP
0x1910	0x0000      	NOP
;tigkynk_18f.mbas,1357 :: 		next t
0x1912	0x5002      	MOVF        R2, 0 
0x1914	0x0A64      	XORLW       100
0x1916	0xE002      	BZ          L__SON_GAZ_BASLAT544
0x1918	0x2A02      	INCF        R2, 1 
0x191A	0xD7F1      	BRA         L__SON_GAZ_BASLAT541
L__SON_GAZ_BASLAT544:
;tigkynk_18f.mbas,1358 :: 		next sg_say
0x191C	0x5001      	MOVF        R1, 0 
0x191E	0x1965      	XORWF       _set4_value, 0, 1
0x1920	0xE002      	BZ          L__SON_GAZ_BASLAT539
0x1922	0x2A01      	INCF        R1, 1 
0x1924	0xD7E7      	BRA         L__SON_GAZ_BASLAT535
L__SON_GAZ_BASLAT539:
;tigkynk_18f.mbas,1360 :: 		GAS = 0
0x1926	0x9284      	BCF         PORTE, 1 
;tigkynk_18f.mbas,1361 :: 		end sub
L_end__SON_GAZ_BASLAT:
L_end_SON_GAZ_BASLAT:
0x1928	0x0012      	RETURN      0
; end of _SON_GAZ_BASLAT
_MAX7219_Send:
;tigkynk_18f.mbas,300 :: 		sub procedure MAX7219_Send(dim address as byte, dim value as byte)
;tigkynk_18f.mbas,301 :: 		LOAD = 0
0x192A	0x9082      	BCF         PORTC, 0 
;tigkynk_18f.mbas,302 :: 		SPI1_Write(address)
0x192C	0xF08AC07A  	MOVFF       FARG_MAX7219_Send_address, FARG_SPI1_Write_data_
0x1930	0xF007ECAE  	CALL        _SPI1_Write, 0
;tigkynk_18f.mbas,303 :: 		Delay_us(100)
0x1934	0x0E85      	MOVLW       133
0x1936	0x6E0D      	MOVWF       R13, 0
L__MAX7219_Send107:
0x1938	0x2E0D      	DECFSZ      R13, 1, 0
0x193A	0xD7FE      	BRA         L__MAX7219_Send107
;tigkynk_18f.mbas,304 :: 		SPI1_Write(value)
0x193C	0xF08AC07B  	MOVFF       FARG_MAX7219_Send_value, FARG_SPI1_Write_data_
0x1940	0xF007ECAE  	CALL        _SPI1_Write, 0
;tigkynk_18f.mbas,305 :: 		Delay_us(100)
0x1944	0x0E85      	MOVLW       133
0x1946	0x6E0D      	MOVWF       R13, 0
L__MAX7219_Send108:
0x1948	0x2E0D      	DECFSZ      R13, 1, 0
0x194A	0xD7FE      	BRA         L__MAX7219_Send108
;tigkynk_18f.mbas,306 :: 		LOAD = 1
0x194C	0x8082      	BSF         PORTC, 0 
;tigkynk_18f.mbas,307 :: 		end sub
L_end_MAX7219_Send:
0x194E	0x0012      	RETURN      0
; end of _MAX7219_Send
_Tum_Set_Flaglarini_Sifirla:
;tigkynk_18f.mbas,337 :: 		sub procedure Tum_Set_Flaglarini_Sifirla()
;tigkynk_18f.mbas,338 :: 		set1 = 0
0x1950	0x6A2C      	CLRF        _set1 
;tigkynk_18f.mbas,339 :: 		set2 = 0
0x1952	0x6A29      	CLRF        _set2 
;tigkynk_18f.mbas,340 :: 		set3 = 0
0x1954	0x6A2A      	CLRF        _set3 
;tigkynk_18f.mbas,341 :: 		set4 = 0
0x1956	0x6A2F      	CLRF        _set4 
;tigkynk_18f.mbas,342 :: 		set5 = 0
0x1958	0x6A30      	CLRF        _set5 
;tigkynk_18f.mbas,343 :: 		set6 = 0
0x195A	0x6A2D      	CLRF        _set6 
;tigkynk_18f.mbas,344 :: 		set7 = 0
0x195C	0x6A2E      	CLRF        _set7 
;tigkynk_18f.mbas,345 :: 		set8 = 0
0x195E	0x6A28      	CLRF        _set8 
;tigkynk_18f.mbas,346 :: 		end sub
L_end_Tum_Set_Flaglarini_Sifirla:
0x1960	0x0012      	RETURN      0
; end of _Tum_Set_Flaglarini_Sifirla
_ANTI_STICK_DURUM_MAKINESI:
;tigkynk_18f.mbas,1159 :: 		dim anti_duty as byte
;tigkynk_18f.mbas,1161 :: 		anti_duty = AKIM_TO_DUTY(ANTI_STICK_AKIM)
0x1962	0x0E0A      	MOVLW       10
0x1964	0x0100      	MOVLB       0
0x1966	0x6F9B      	MOVWF       FARG_AKIM_TO_DUTY_akim, 1
0x1968	0x0E00      	MOVLW       0
0x196A	0x6F9C      	MOVWF       FARG_AKIM_TO_DUTY_akim+1, 1
0x196C	0xF006ECC5  	CALL        _AKIM_TO_DUTY, 0
0x1970	0xF07AC000  	MOVFF       R0, ANTI_STICK_DURUM_MAKINESI_anti_duty
;tigkynk_18f.mbas,1164 :: 		if anti_stick_aktif = 0 then
0x1974	0x504F      	MOVF        _anti_stick_aktif, 0 
0x1976	0x0A00      	XORLW       0
0x1978	0xE12A      	BNZ         L__ANTI_STICK_DURUM_MAKINESI457
;tigkynk_18f.mbas,1166 :: 		if KISA_DEVRE_VAR_MI() = 1 then
0x197A	0xDDBC      	RCALL       _KISA_DEVRE_VAR_MI
0x197C	0x5000      	MOVF        R0, 0 
0x197E	0x0A01      	XORLW       1
0x1980	0xE109      	BNZ         L__ANTI_STICK_DURUM_MAKINESI460
;tigkynk_18f.mbas,1167 :: 		if kisa_devre_say < KISA_DEVRE_KAPAT_SURE then
0x1982	0x0E00      	MOVLW       0
0x1984	0x5C5A      	SUBWF       _kisa_devre_say+1, 0 
0x1986	0xE102      	BNZ         L__ANTI_STICK_DURUM_MAKINESI856
0x1988	0x0EC8      	MOVLW       200
0x198A	0x5C59      	SUBWF       _kisa_devre_say, 0 
L__ANTI_STICK_DURUM_MAKINESI856:
0x198C	0xE202      	BC          L__ANTI_STICK_DURUM_MAKINESI463
;tigkynk_18f.mbas,1168 :: 		Inc(kisa_devre_say)
0x198E	0x4A59      	INFSNZ      _kisa_devre_say, 1 
0x1990	0x2A5A      	INCF        _kisa_devre_say+1, 1 
L__ANTI_STICK_DURUM_MAKINESI463:
;tigkynk_18f.mbas,1169 :: 		end if
0x1992	0xD002      	BRA         L__ANTI_STICK_DURUM_MAKINESI461
;tigkynk_18f.mbas,1170 :: 		else
L__ANTI_STICK_DURUM_MAKINESI460:
;tigkynk_18f.mbas,1171 :: 		kisa_devre_say = 0
0x1994	0x6A59      	CLRF        _kisa_devre_say 
0x1996	0x6A5A      	CLRF        _kisa_devre_say+1 
;tigkynk_18f.mbas,1172 :: 		end if
L__ANTI_STICK_DURUM_MAKINESI461:
;tigkynk_18f.mbas,1175 :: 		if kisa_devre_say >= KISA_DEVRE_KAPAT_SURE then
0x1998	0x0E00      	MOVLW       0
0x199A	0x5C5A      	SUBWF       _kisa_devre_say+1, 0 
0x199C	0xE102      	BNZ         L__ANTI_STICK_DURUM_MAKINESI857
0x199E	0x0EC8      	MOVLW       200
0x19A0	0x5C59      	SUBWF       _kisa_devre_say, 0 
L__ANTI_STICK_DURUM_MAKINESI857:
0x19A2	0xE314      	BNC         L__ANTI_STICK_DURUM_MAKINESI466
;tigkynk_18f.mbas,1176 :: 		anti_stick_aktif = 1
0x19A4	0x0E01      	MOVLW       1
0x19A6	0x6E4F      	MOVWF       _anti_stick_aktif 
;tigkynk_18f.mbas,1177 :: 		anti_stick_durum = 1
0x19A8	0x0E01      	MOVLW       1
0x19AA	0x6E58      	MOVWF       _anti_stick_durum 
;tigkynk_18f.mbas,1178 :: 		anti_stick_timer = 0
0x19AC	0x6A56      	CLRF        _anti_stick_timer 
0x19AE	0x6A57      	CLRF        _anti_stick_timer+1 
;tigkynk_18f.mbas,1179 :: 		kisa_devre_say = 0
0x19B0	0x6A59      	CLRF        _kisa_devre_say 
0x19B2	0x6A5A      	CLRF        _kisa_devre_say+1 
;tigkynk_18f.mbas,1181 :: 		HF = 0
0x19B4	0x9484      	BCF         PORTE, 2 
;tigkynk_18f.mbas,1182 :: 		Pwm1_Set_Duty(0)
0x19B6	0x6B9B      	CLRF        FARG_PWM1_Set_Duty_new_duty, 1
0x19B8	0xF006EC24  	CALL        _PWM1_Set_Duty, 0
;tigkynk_18f.mbas,1183 :: 		pid_cikis = 0
0x19BC	0x6A44      	CLRF        _pid_cikis 
0x19BE	0x6A45      	CLRF        _pid_cikis+1 
;tigkynk_18f.mbas,1184 :: 		pid_integral = 0
0x19C0	0x6A48      	CLRF        _pid_integral 
0x19C2	0x6A49      	CLRF        _pid_integral+1 
0x19C4	0x6A4A      	CLRF        _pid_integral+2 
0x19C6	0x6A4B      	CLRF        _pid_integral+3 
;tigkynk_18f.mbas,1185 :: 		pid_onceki_hata = 0
0x19C8	0x6A46      	CLRF        _pid_onceki_hata 
0x19CA	0x6A47      	CLRF        _pid_onceki_hata+1 
L__ANTI_STICK_DURUM_MAKINESI466:
;tigkynk_18f.mbas,1188 :: 		exit
0x19CC	0xD04F      	BRA         L_end__ANTI_STICK_DURUM_MAKINESI
L__ANTI_STICK_DURUM_MAKINESI457:
;tigkynk_18f.mbas,1192 :: 		if KISA_DEVRE_KALKTI_MI() = 1 then
0x19CE	0xDD83      	RCALL       _KISA_DEVRE_KALKTI_MI
0x19D0	0x5000      	MOVF        R0, 0 
0x19D2	0x0A01      	XORLW       1
0x19D4	0xE10D      	BNZ         L__ANTI_STICK_DURUM_MAKINESI469
;tigkynk_18f.mbas,1193 :: 		anti_stick_aktif = 0
0x19D6	0x6A4F      	CLRF        _anti_stick_aktif 
;tigkynk_18f.mbas,1194 :: 		anti_stick_durum = 0
0x19D8	0x6A58      	CLRF        _anti_stick_durum 
;tigkynk_18f.mbas,1195 :: 		anti_stick_timer = 0
0x19DA	0x6A56      	CLRF        _anti_stick_timer 
0x19DC	0x6A57      	CLRF        _anti_stick_timer+1 
;tigkynk_18f.mbas,1196 :: 		kisa_devre_say = 0
0x19DE	0x6A59      	CLRF        _kisa_devre_say 
0x19E0	0x6A5A      	CLRF        _kisa_devre_say+1 
;tigkynk_18f.mbas,1197 :: 		pid_integral = 0
0x19E2	0x6A48      	CLRF        _pid_integral 
0x19E4	0x6A49      	CLRF        _pid_integral+1 
0x19E6	0x6A4A      	CLRF        _pid_integral+2 
0x19E8	0x6A4B      	CLRF        _pid_integral+3 
;tigkynk_18f.mbas,1198 :: 		pid_onceki_hata = 0
0x19EA	0x6A46      	CLRF        _pid_onceki_hata 
0x19EC	0x6A47      	CLRF        _pid_onceki_hata+1 
;tigkynk_18f.mbas,1199 :: 		exit
0x19EE	0xD03E      	BRA         L_end__ANTI_STICK_DURUM_MAKINESI
L__ANTI_STICK_DURUM_MAKINESI469:
;tigkynk_18f.mbas,1203 :: 		if anti_stick_durum = 1 then
0x19F0	0x5058      	MOVF        _anti_stick_durum, 0 
0x19F2	0x0A01      	XORLW       1
0x19F4	0xE116      	BNZ         L__ANTI_STICK_DURUM_MAKINESI472
;tigkynk_18f.mbas,1204 :: 		if anti_stick_timer < ANTI_STICK_BEKLE_SURE then
0x19F6	0x0E01      	MOVLW       1
0x19F8	0x5C57      	SUBWF       _anti_stick_timer+1, 0 
0x19FA	0xE102      	BNZ         L__ANTI_STICK_DURUM_MAKINESI858
0x19FC	0x0E90      	MOVLW       144
0x19FE	0x5C56      	SUBWF       _anti_stick_timer, 0 
L__ANTI_STICK_DURUM_MAKINESI858:
0x1A00	0xE203      	BC          L__ANTI_STICK_DURUM_MAKINESI475
;tigkynk_18f.mbas,1205 :: 		Inc(anti_stick_timer)
0x1A02	0x4A56      	INFSNZ      _anti_stick_timer, 1 
0x1A04	0x2A57      	INCF        _anti_stick_timer+1, 1 
0x1A06	0xD00C      	BRA         L__ANTI_STICK_DURUM_MAKINESI476
;tigkynk_18f.mbas,1206 :: 		else
L__ANTI_STICK_DURUM_MAKINESI475:
;tigkynk_18f.mbas,1207 :: 		anti_stick_timer = 0
0x1A08	0x6A56      	CLRF        _anti_stick_timer 
0x1A0A	0x6A57      	CLRF        _anti_stick_timer+1 
;tigkynk_18f.mbas,1208 :: 		anti_stick_durum = 2
0x1A0C	0x0E02      	MOVLW       2
0x1A0E	0x6E58      	MOVWF       _anti_stick_durum 
;tigkynk_18f.mbas,1209 :: 		Pwm1_Set_Duty(anti_duty)
0x1A10	0xF09BC07A  	MOVFF       ANTI_STICK_DURUM_MAKINESI_anti_duty, FARG_PWM1_Set_Duty_new_duty
0x1A14	0xF006EC24  	CALL        _PWM1_Set_Duty, 0
;tigkynk_18f.mbas,1210 :: 		pid_cikis = anti_duty
0x1A18	0xF044C07A  	MOVFF       ANTI_STICK_DURUM_MAKINESI_anti_duty, _pid_cikis
0x1A1C	0x0E00      	MOVLW       0
0x1A1E	0x6E45      	MOVWF       _pid_cikis+1 
;tigkynk_18f.mbas,1211 :: 		end if
L__ANTI_STICK_DURUM_MAKINESI476:
;tigkynk_18f.mbas,1212 :: 		exit
0x1A20	0xD025      	BRA         L_end__ANTI_STICK_DURUM_MAKINESI
L__ANTI_STICK_DURUM_MAKINESI472:
;tigkynk_18f.mbas,1216 :: 		if anti_stick_durum = 2 then
0x1A22	0x5058      	MOVF        _anti_stick_durum, 0 
0x1A24	0x0A02      	XORLW       2
0x1A26	0xE122      	BNZ         L__ANTI_STICK_DURUM_MAKINESI478
;tigkynk_18f.mbas,1217 :: 		if anti_stick_timer < ANTI_STICK_DENE_SURE then
0x1A28	0x0E00      	MOVLW       0
0x1A2A	0x5C57      	SUBWF       _anti_stick_timer+1, 0 
0x1A2C	0xE102      	BNZ         L__ANTI_STICK_DURUM_MAKINESI859
0x1A2E	0x0E64      	MOVLW       100
0x1A30	0x5C56      	SUBWF       _anti_stick_timer, 0 
L__ANTI_STICK_DURUM_MAKINESI859:
0x1A32	0xE203      	BC          L__ANTI_STICK_DURUM_MAKINESI481
;tigkynk_18f.mbas,1218 :: 		Inc(anti_stick_timer)
0x1A34	0x4A56      	INFSNZ      _anti_stick_timer, 1 
0x1A36	0x2A57      	INCF        _anti_stick_timer+1, 1 
0x1A38	0xD018      	BRA         L__ANTI_STICK_DURUM_MAKINESI482
;tigkynk_18f.mbas,1219 :: 		else
L__ANTI_STICK_DURUM_MAKINESI481:
;tigkynk_18f.mbas,1220 :: 		anti_stick_timer = 0
0x1A3A	0x6A56      	CLRF        _anti_stick_timer 
0x1A3C	0x6A57      	CLRF        _anti_stick_timer+1 
;tigkynk_18f.mbas,1222 :: 		if KISA_DEVRE_VAR_MI() = 1 then
0x1A3E	0xDD5A      	RCALL       _KISA_DEVRE_VAR_MI
0x1A40	0x5000      	MOVF        R0, 0 
0x1A42	0x0A01      	XORLW       1
0x1A44	0xE108      	BNZ         L__ANTI_STICK_DURUM_MAKINESI484
;tigkynk_18f.mbas,1223 :: 		Pwm1_Set_Duty(0)
0x1A46	0x6B9B      	CLRF        FARG_PWM1_Set_Duty_new_duty, 1
0x1A48	0xF006EC24  	CALL        _PWM1_Set_Duty, 0
;tigkynk_18f.mbas,1224 :: 		pid_cikis = 0
0x1A4C	0x6A44      	CLRF        _pid_cikis 
0x1A4E	0x6A45      	CLRF        _pid_cikis+1 
;tigkynk_18f.mbas,1225 :: 		anti_stick_durum = 1
0x1A50	0x0E01      	MOVLW       1
0x1A52	0x6E58      	MOVWF       _anti_stick_durum 
0x1A54	0xD00A      	BRA         L__ANTI_STICK_DURUM_MAKINESI485
;tigkynk_18f.mbas,1226 :: 		else
L__ANTI_STICK_DURUM_MAKINESI484:
;tigkynk_18f.mbas,1227 :: 		anti_stick_aktif = 0
0x1A56	0x6A4F      	CLRF        _anti_stick_aktif 
;tigkynk_18f.mbas,1228 :: 		anti_stick_durum = 0
0x1A58	0x6A58      	CLRF        _anti_stick_durum 
;tigkynk_18f.mbas,1229 :: 		kisa_devre_say = 0
0x1A5A	0x6A59      	CLRF        _kisa_devre_say 
0x1A5C	0x6A5A      	CLRF        _kisa_devre_say+1 
;tigkynk_18f.mbas,1230 :: 		pid_integral = 0
0x1A5E	0x6A48      	CLRF        _pid_integral 
0x1A60	0x6A49      	CLRF        _pid_integral+1 
0x1A62	0x6A4A      	CLRF        _pid_integral+2 
0x1A64	0x6A4B      	CLRF        _pid_integral+3 
;tigkynk_18f.mbas,1231 :: 		pid_onceki_hata = 0
0x1A66	0x6A46      	CLRF        _pid_onceki_hata 
0x1A68	0x6A47      	CLRF        _pid_onceki_hata+1 
;tigkynk_18f.mbas,1232 :: 		end if
L__ANTI_STICK_DURUM_MAKINESI485:
;tigkynk_18f.mbas,1233 :: 		end if
L__ANTI_STICK_DURUM_MAKINESI482:
;tigkynk_18f.mbas,1234 :: 		exit
0x1A6A	0xD000      	BRA         L_end__ANTI_STICK_DURUM_MAKINESI
L__ANTI_STICK_DURUM_MAKINESI478:
;tigkynk_18f.mbas,1236 :: 		end sub
L_end__ANTI_STICK_DURUM_MAKINESI:
L_end_ANTI_STICK_DURUM_MAKINESI:
0x1A6C	0x0012      	RETURN      0
; end of _ANTI_STICK_DURUM_MAKINESI
_PWM1_Start:
;__Lib_PWM_c21.mpas,34 :: 		
;__Lib_PWM_c21.mpas,35 :: 		
0x1A74	0x9494      	BCF         TRISC2_bit, BitPos(TRISC2_bit+0) 
;__Lib_PWM_c21.mpas,36 :: 		
0x1A76	0x84CA      	BSF         T2CON, 2 
;__Lib_PWM_c21.mpas,37 :: 		
0x1A78	0x0E0C      	MOVLW       12
0x1A7A	0x12BD      	IORWF       CCP1CON, 1 
;__Lib_PWM_c21.mpas,38 :: 		
L_end_PWM1_Start:
0x1A7C	0x0012      	RETURN      0
; end of _PWM1_Start
_PID_HESAPLA:
;tigkynk_18f.mbas,742 :: 		dim pulse_hedef_akim as integer
;tigkynk_18f.mbas,744 :: 		olculen_akim = AKIM_OKU_FILTRELI()
0x1A7E	0xF008ECF8  	CALL        _AKIM_OKU_FILTRELI, 0
0x1A82	0xF061C000  	MOVFF       R0, _olculen_akim
0x1A86	0xF062C001  	MOVFF       R1, _olculen_akim+1
;tigkynk_18f.mbas,746 :: 		pulse_hedef_akim = PULSE_AKIM_GET()
0x1A8A	0xF008ECCE  	CALL        _PULSE_AKIM_GET, 0
0x1A8E	0xF084C000  	MOVFF       R0, PID_HESAPLA_pulse_hedef_akim
0x1A92	0xF085C001  	MOVFF       R1, PID_HESAPLA_pulse_hedef_akim+1
;tigkynk_18f.mbas,747 :: 		pid_hata = pulse_hedef_akim - olculen_akim
0x1A96	0x0100      	MOVLB       0
0x1A98	0x5161      	MOVF        _olculen_akim, 0, 1
0x1A9A	0x5E00      	SUBWF       R0, 1 
0x1A9C	0x5162      	MOVF        _olculen_akim+1, 0, 1
0x1A9E	0x5A01      	SUBWFB      R1, 1 
0x1AA0	0xF063C000  	MOVFF       R0, _pid_hata
0x1AA4	0xF064C001  	MOVFF       R1, _pid_hata+1
;tigkynk_18f.mbas,749 :: 		if MUTLAK_INT(pid_hata) < PID_HATA_BANT then
0x1AA8	0xF08AC000  	MOVFF       R0, FARG_MUTLAK_INT_x
0x1AAC	0xF08BC001  	MOVFF       R1, FARG_MUTLAK_INT_x+1
0x1AB0	0xF009EC2A  	CALL        _MUTLAK_INT, 0
0x1AB4	0x0E80      	MOVLW       128
0x1AB6	0x1801      	XORWF       R1, 0 
0x1AB8	0x6E02      	MOVWF       R2 
0x1ABA	0x0E80      	MOVLW       128
0x1ABC	0x5C02      	SUBWF       R2, 0 
0x1ABE	0xE102      	BNZ         L__PID_HESAPLA828
0x1AC0	0x0E28      	MOVLW       40
0x1AC2	0x5C00      	SUBWF       R0, 0 
L__PID_HESAPLA828:
0x1AC4	0xE209      	BC          L__PID_HESAPLA285
;tigkynk_18f.mbas,750 :: 		pid_integral = pid_integral + pid_hata
0x1AC6	0x5163      	MOVF        _pid_hata, 0, 1
0x1AC8	0x2648      	ADDWF       _pid_integral, 1 
0x1ACA	0x5164      	MOVF        _pid_hata+1, 0, 1
0x1ACC	0x2249      	ADDWFC      _pid_integral+1, 1 
0x1ACE	0x0E00      	MOVLW       0
0x1AD0	0xBF64      	BTFSC       _pid_hata+1, 7, 1
0x1AD2	0x0EFF      	MOVLW       255
0x1AD4	0x224A      	ADDWFC      _pid_integral+2, 1 
0x1AD6	0x224B      	ADDWFC      _pid_integral+3, 1 
L__PID_HESAPLA285:
;tigkynk_18f.mbas,753 :: 		if pid_integral > PID_INTEGRAL_MAX then
0x1AD8	0x0E80      	MOVLW       128
0x1ADA	0x6E00      	MOVWF       R0 
0x1ADC	0x0E80      	MOVLW       128
0x1ADE	0x184B      	XORWF       _pid_integral+3, 0 
0x1AE0	0x5C00      	SUBWF       R0, 0 
0x1AE2	0xE108      	BNZ         L__PID_HESAPLA829
0x1AE4	0x504A      	MOVF        _pid_integral+2, 0 
0x1AE6	0x0800      	SUBLW       0
0x1AE8	0xE105      	BNZ         L__PID_HESAPLA829
0x1AEA	0x5049      	MOVF        _pid_integral+1, 0 
0x1AEC	0x080B      	SUBLW       11
0x1AEE	0xE102      	BNZ         L__PID_HESAPLA829
0x1AF0	0x5048      	MOVF        _pid_integral, 0 
0x1AF2	0x08B8      	SUBLW       184
L__PID_HESAPLA829:
0x1AF4	0xE207      	BC          L__PID_HESAPLA288
;tigkynk_18f.mbas,754 :: 		pid_integral = PID_INTEGRAL_MAX
0x1AF6	0x0EB8      	MOVLW       184
0x1AF8	0x6E48      	MOVWF       _pid_integral 
0x1AFA	0x0E0B      	MOVLW       11
0x1AFC	0x6E49      	MOVWF       _pid_integral+1 
0x1AFE	0x0E00      	MOVLW       0
0x1B00	0x6E4A      	MOVWF       _pid_integral+2 
0x1B02	0x6E4B      	MOVWF       _pid_integral+3 
L__PID_HESAPLA288:
;tigkynk_18f.mbas,757 :: 		if pid_integral < -PID_INTEGRAL_MAX then
0x1B04	0x0E80      	MOVLW       128
0x1B06	0x184B      	XORWF       _pid_integral+3, 0 
0x1B08	0x6E00      	MOVWF       R0 
0x1B0A	0x0E7F      	MOVLW       127
0x1B0C	0x5C00      	SUBWF       R0, 0 
0x1B0E	0xE108      	BNZ         L__PID_HESAPLA830
0x1B10	0x0EFF      	MOVLW       255
0x1B12	0x5C4A      	SUBWF       _pid_integral+2, 0 
0x1B14	0xE105      	BNZ         L__PID_HESAPLA830
0x1B16	0x0EF4      	MOVLW       244
0x1B18	0x5C49      	SUBWF       _pid_integral+1, 0 
0x1B1A	0xE102      	BNZ         L__PID_HESAPLA830
0x1B1C	0x0E48      	MOVLW       72
0x1B1E	0x5C48      	SUBWF       _pid_integral, 0 
L__PID_HESAPLA830:
0x1B20	0xE207      	BC          L__PID_HESAPLA291
;tigkynk_18f.mbas,758 :: 		pid_integral = -PID_INTEGRAL_MAX
0x1B22	0x0E48      	MOVLW       72
0x1B24	0x6E48      	MOVWF       _pid_integral 
0x1B26	0x0EF4      	MOVLW       244
0x1B28	0x6E49      	MOVWF       _pid_integral+1 
0x1B2A	0x0EFF      	MOVLW       255
0x1B2C	0x6E4A      	MOVWF       _pid_integral+2 
0x1B2E	0x6E4B      	MOVWF       _pid_integral+3 
L__PID_HESAPLA291:
;tigkynk_18f.mbas,761 :: 		hedef_duty_local = AKIM_TO_DUTY(pulse_hedef_akim)
0x1B30	0xF09BC084  	MOVFF       PID_HESAPLA_pulse_hedef_akim, FARG_AKIM_TO_DUTY_akim
0x1B34	0xF09CC085  	MOVFF       PID_HESAPLA_pulse_hedef_akim+1, FARG_AKIM_TO_DUTY_akim+1
0x1B38	0xF006ECC5  	CALL        _AKIM_TO_DUTY, 0
0x1B3C	0xF07EC000  	MOVFF       R0, PID_HESAPLA_hedef_duty_local
0x1B40	0x0E00      	MOVLW       0
0x1B42	0x6F7F      	MOVWF       PID_HESAPLA_hedef_duty_local+1, 1
;tigkynk_18f.mbas,763 :: 		duty_tmp = hedef_duty_local
0x1B44	0xF07AC07E  	MOVFF       PID_HESAPLA_hedef_duty_local, PID_HESAPLA_duty_tmp
0x1B48	0xF07BC07F  	MOVFF       PID_HESAPLA_hedef_duty_local+1, PID_HESAPLA_duty_tmp+1
0x1B4C	0x0E00      	MOVLW       0
0x1B4E	0xBF7F      	BTFSC       PID_HESAPLA_hedef_duty_local+1, 7, 1
0x1B50	0x0EFF      	MOVLW       255
0x1B52	0x6F7C      	MOVWF       PID_HESAPLA_duty_tmp+2, 1
0x1B54	0x6F7D      	MOVWF       PID_HESAPLA_duty_tmp+3, 1
;tigkynk_18f.mbas,764 :: 		duty_tmp = duty_tmp + ((pid_hata * PID_KP_NUM) / PID_DIV)
0x1B56	0x0E03      	MOVLW       3
0x1B58	0x6E04      	MOVWF       R4 
0x1B5A	0xF000C063  	MOVFF       _pid_hata, R0
0x1B5E	0xF001C064  	MOVFF       _pid_hata+1, R1
0x1B62	0x0E00      	MOVLW       0
0x1B64	0xBF64      	BTFSC       _pid_hata+1, 7, 1
0x1B66	0x0EFF      	MOVLW       255
0x1B68	0x6E02      	MOVWF       R2 
0x1B6A	0x6E03      	MOVWF       R3 
0x1B6C	0x5004      	MOVF        R4, 0 
L__PID_HESAPLA831:
0x1B6E	0xE007      	BZ          L__PID_HESAPLA832
0x1B70	0x3600      	RLCF        R0, 1 
0x1B72	0x9000      	BCF         R0, 0 
0x1B74	0x3601      	RLCF        R1, 1 
0x1B76	0x3602      	RLCF        R2, 1 
0x1B78	0x3603      	RLCF        R3, 1 
0x1B7A	0x0FFF      	ADDLW       255
0x1B7C	0xD7F8      	BRA         L__PID_HESAPLA831
L__PID_HESAPLA832:
0x1B7E	0x0E08      	MOVLW       8
0x1B80	0x6E04      	MOVWF       R4 
0x1B82	0x0E00      	MOVLW       0
0x1B84	0x6E05      	MOVWF       R5 
0x1B86	0x6E06      	MOVWF       R6 
0x1B88	0x6E07      	MOVWF       R7 
0x1B8A	0xF004EC42  	CALL        _Div_32x32_S, 0
0x1B8E	0x5000      	MOVF        R0, 0 
0x1B90	0x0100      	MOVLB       0
0x1B92	0x257A      	ADDWF       PID_HESAPLA_duty_tmp, 0, 1
0x1B94	0x6F86      	MOVWF       FLOC__PID_HESAPLA, 1
0x1B96	0x5001      	MOVF        R1, 0 
0x1B98	0x217B      	ADDWFC      PID_HESAPLA_duty_tmp+1, 0, 1
0x1B9A	0x6F87      	MOVWF       FLOC__PID_HESAPLA+1, 1
0x1B9C	0x5002      	MOVF        R2, 0 
0x1B9E	0x217C      	ADDWFC      PID_HESAPLA_duty_tmp+2, 0, 1
0x1BA0	0x6F88      	MOVWF       FLOC__PID_HESAPLA+2, 1
0x1BA2	0x5003      	MOVF        R3, 0 
0x1BA4	0x217D      	ADDWFC      PID_HESAPLA_duty_tmp+3, 0, 1
0x1BA6	0x6F89      	MOVWF       FLOC__PID_HESAPLA+3, 1
0x1BA8	0xF07AC086  	MOVFF       FLOC__PID_HESAPLA, PID_HESAPLA_duty_tmp
0x1BAC	0xF07BC087  	MOVFF       FLOC__PID_HESAPLA+1, PID_HESAPLA_duty_tmp+1
0x1BB0	0xF07CC088  	MOVFF       FLOC__PID_HESAPLA+2, PID_HESAPLA_duty_tmp+2
0x1BB4	0xF07DC089  	MOVFF       FLOC__PID_HESAPLA+3, PID_HESAPLA_duty_tmp+3
;tigkynk_18f.mbas,765 :: 		duty_tmp = duty_tmp + ((pid_integral * PID_KI_NUM) / PID_I_DIV)
0x1BB8	0x0E40      	MOVLW       64
0x1BBA	0x6E04      	MOVWF       R4 
0x1BBC	0x0E00      	MOVLW       0
0x1BBE	0x6E05      	MOVWF       R5 
0x1BC0	0x6E06      	MOVWF       R6 
0x1BC2	0x6E07      	MOVWF       R7 
0x1BC4	0xF000C048  	MOVFF       _pid_integral, R0
0x1BC8	0xF001C049  	MOVFF       _pid_integral+1, R1
0x1BCC	0xF002C04A  	MOVFF       _pid_integral+2, R2
0x1BD0	0xF003C04B  	MOVFF       _pid_integral+3, R3
0x1BD4	0xF004EC42  	CALL        _Div_32x32_S, 0
0x1BD8	0x5000      	MOVF        R0, 0 
0x1BDA	0x0100      	MOVLB       0
0x1BDC	0x2586      	ADDWF       FLOC__PID_HESAPLA, 0, 1
0x1BDE	0x6E04      	MOVWF       R4 
0x1BE0	0x5001      	MOVF        R1, 0 
0x1BE2	0x2187      	ADDWFC      FLOC__PID_HESAPLA+1, 0, 1
0x1BE4	0x6E05      	MOVWF       R5 
0x1BE6	0x5002      	MOVF        R2, 0 
0x1BE8	0x2188      	ADDWFC      FLOC__PID_HESAPLA+2, 0, 1
0x1BEA	0x6E06      	MOVWF       R6 
0x1BEC	0x5003      	MOVF        R3, 0 
0x1BEE	0x2189      	ADDWFC      FLOC__PID_HESAPLA+3, 0, 1
0x1BF0	0x6E07      	MOVWF       R7 
0x1BF2	0xF07AC004  	MOVFF       R4, PID_HESAPLA_duty_tmp
0x1BF6	0xF07BC005  	MOVFF       R5, PID_HESAPLA_duty_tmp+1
0x1BFA	0xF07CC006  	MOVFF       R6, PID_HESAPLA_duty_tmp+2
0x1BFE	0xF07DC007  	MOVFF       R7, PID_HESAPLA_duty_tmp+3
;tigkynk_18f.mbas,767 :: 		if duty_tmp < 0 then
0x1C02	0x0E80      	MOVLW       128
0x1C04	0x1807      	XORWF       R7, 0 
0x1C06	0x6E00      	MOVWF       R0 
0x1C08	0x0E80      	MOVLW       128
0x1C0A	0x5C00      	SUBWF       R0, 0 
0x1C0C	0xE108      	BNZ         L__PID_HESAPLA833
0x1C0E	0x0E00      	MOVLW       0
0x1C10	0x5C06      	SUBWF       R6, 0 
0x1C12	0xE105      	BNZ         L__PID_HESAPLA833
0x1C14	0x0E00      	MOVLW       0
0x1C16	0x5C05      	SUBWF       R5, 0 
0x1C18	0xE102      	BNZ         L__PID_HESAPLA833
0x1C1A	0x0E00      	MOVLW       0
0x1C1C	0x5C04      	SUBWF       R4, 0 
L__PID_HESAPLA833:
0x1C1E	0xE204      	BC          L__PID_HESAPLA294
;tigkynk_18f.mbas,768 :: 		duty_tmp = 0
0x1C20	0x6B7A      	CLRF        PID_HESAPLA_duty_tmp, 1
0x1C22	0x6B7B      	CLRF        PID_HESAPLA_duty_tmp+1, 1
0x1C24	0x6B7C      	CLRF        PID_HESAPLA_duty_tmp+2, 1
0x1C26	0x6B7D      	CLRF        PID_HESAPLA_duty_tmp+3, 1
L__PID_HESAPLA294:
;tigkynk_18f.mbas,771 :: 		if duty_tmp > 255 then
0x1C28	0x0E80      	MOVLW       128
0x1C2A	0x6E00      	MOVWF       R0 
0x1C2C	0x0E80      	MOVLW       128
0x1C2E	0x197D      	XORWF       PID_HESAPLA_duty_tmp+3, 0, 1
0x1C30	0x5C00      	SUBWF       R0, 0 
0x1C32	0xE108      	BNZ         L__PID_HESAPLA834
0x1C34	0x517C      	MOVF        PID_HESAPLA_duty_tmp+2, 0, 1
0x1C36	0x0800      	SUBLW       0
0x1C38	0xE105      	BNZ         L__PID_HESAPLA834
0x1C3A	0x517B      	MOVF        PID_HESAPLA_duty_tmp+1, 0, 1
0x1C3C	0x0800      	SUBLW       0
0x1C3E	0xE102      	BNZ         L__PID_HESAPLA834
0x1C40	0x517A      	MOVF        PID_HESAPLA_duty_tmp, 0, 1
0x1C42	0x08FF      	SUBLW       255
L__PID_HESAPLA834:
0x1C44	0xE206      	BC          L__PID_HESAPLA297
;tigkynk_18f.mbas,772 :: 		duty_tmp = 255
0x1C46	0x0EFF      	MOVLW       255
0x1C48	0x6F7A      	MOVWF       PID_HESAPLA_duty_tmp, 1
0x1C4A	0x0E00      	MOVLW       0
0x1C4C	0x6F7B      	MOVWF       PID_HESAPLA_duty_tmp+1, 1
0x1C4E	0x6F7C      	MOVWF       PID_HESAPLA_duty_tmp+2, 1
0x1C50	0x6F7D      	MOVWF       PID_HESAPLA_duty_tmp+3, 1
L__PID_HESAPLA297:
;tigkynk_18f.mbas,775 :: 		fark = duty_tmp - pid_cikis
0x1C52	0x5044      	MOVF        _pid_cikis, 0 
0x1C54	0x5D7A      	SUBWF       PID_HESAPLA_duty_tmp, 0, 1
0x1C56	0x6E01      	MOVWF       R1 
0x1C58	0x5045      	MOVF        _pid_cikis+1, 0 
0x1C5A	0x597B      	SUBWFB      PID_HESAPLA_duty_tmp+1, 0, 1
0x1C5C	0x6E02      	MOVWF       R2 
0x1C5E	0xF080C001  	MOVFF       R1, PID_HESAPLA_fark
0x1C62	0xF081C002  	MOVFF       R2, PID_HESAPLA_fark+1
;tigkynk_18f.mbas,776 :: 		limitli_cikis = duty_tmp
0x1C66	0xF082C07A  	MOVFF       PID_HESAPLA_duty_tmp, PID_HESAPLA_limitli_cikis
0x1C6A	0xF083C07B  	MOVFF       PID_HESAPLA_duty_tmp+1, PID_HESAPLA_limitli_cikis+1
;tigkynk_18f.mbas,778 :: 		if fark > PID_MAX_STEP then
0x1C6E	0x0E80      	MOVLW       128
0x1C70	0x6E00      	MOVWF       R0 
0x1C72	0x0E80      	MOVLW       128
0x1C74	0x1802      	XORWF       R2, 0 
0x1C76	0x5C00      	SUBWF       R0, 0 
0x1C78	0xE102      	BNZ         L__PID_HESAPLA835
0x1C7A	0x5001      	MOVF        R1, 0 
0x1C7C	0x0803      	SUBLW       3
L__PID_HESAPLA835:
0x1C7E	0xE206      	BC          L__PID_HESAPLA300
;tigkynk_18f.mbas,779 :: 		limitli_cikis = pid_cikis + PID_MAX_STEP
0x1C80	0x0E03      	MOVLW       3
0x1C82	0x2444      	ADDWF       _pid_cikis, 0 
0x1C84	0x6F82      	MOVWF       PID_HESAPLA_limitli_cikis, 1
0x1C86	0x0E00      	MOVLW       0
0x1C88	0x2045      	ADDWFC      _pid_cikis+1, 0 
0x1C8A	0x6F83      	MOVWF       PID_HESAPLA_limitli_cikis+1, 1
L__PID_HESAPLA300:
;tigkynk_18f.mbas,782 :: 		if fark < -PID_MAX_STEP then
0x1C8C	0x0E80      	MOVLW       128
0x1C8E	0x1981      	XORWF       PID_HESAPLA_fark+1, 0, 1
0x1C90	0x6E00      	MOVWF       R0 
0x1C92	0x0E7F      	MOVLW       127
0x1C94	0x5C00      	SUBWF       R0, 0 
0x1C96	0xE102      	BNZ         L__PID_HESAPLA836
0x1C98	0x0EFD      	MOVLW       253
0x1C9A	0x5D80      	SUBWF       PID_HESAPLA_fark, 0, 1
L__PID_HESAPLA836:
0x1C9C	0xE206      	BC          L__PID_HESAPLA303
;tigkynk_18f.mbas,783 :: 		limitli_cikis = pid_cikis - PID_MAX_STEP
0x1C9E	0x0E03      	MOVLW       3
0x1CA0	0x5C44      	SUBWF       _pid_cikis, 0 
0x1CA2	0x6F82      	MOVWF       PID_HESAPLA_limitli_cikis, 1
0x1CA4	0x0E00      	MOVLW       0
0x1CA6	0x5845      	SUBWFB      _pid_cikis+1, 0 
0x1CA8	0x6F83      	MOVWF       PID_HESAPLA_limitli_cikis+1, 1
L__PID_HESAPLA303:
;tigkynk_18f.mbas,786 :: 		if limitli_cikis < 0 then
0x1CAA	0x0E80      	MOVLW       128
0x1CAC	0x1983      	XORWF       PID_HESAPLA_limitli_cikis+1, 0, 1
0x1CAE	0x6E00      	MOVWF       R0 
0x1CB0	0x0E80      	MOVLW       128
0x1CB2	0x5C00      	SUBWF       R0, 0 
0x1CB4	0xE102      	BNZ         L__PID_HESAPLA837
0x1CB6	0x0E00      	MOVLW       0
0x1CB8	0x5D82      	SUBWF       PID_HESAPLA_limitli_cikis, 0, 1
L__PID_HESAPLA837:
0x1CBA	0xE202      	BC          L__PID_HESAPLA306
;tigkynk_18f.mbas,787 :: 		limitli_cikis = 0
0x1CBC	0x6B82      	CLRF        PID_HESAPLA_limitli_cikis, 1
0x1CBE	0x6B83      	CLRF        PID_HESAPLA_limitli_cikis+1, 1
L__PID_HESAPLA306:
;tigkynk_18f.mbas,790 :: 		if limitli_cikis > 255 then
0x1CC0	0x0E80      	MOVLW       128
0x1CC2	0x6E00      	MOVWF       R0 
0x1CC4	0x0E80      	MOVLW       128
0x1CC6	0x1983      	XORWF       PID_HESAPLA_limitli_cikis+1, 0, 1
0x1CC8	0x5C00      	SUBWF       R0, 0 
0x1CCA	0xE102      	BNZ         L__PID_HESAPLA838
0x1CCC	0x5182      	MOVF        PID_HESAPLA_limitli_cikis, 0, 1
0x1CCE	0x08FF      	SUBLW       255
L__PID_HESAPLA838:
0x1CD0	0xE204      	BC          L__PID_HESAPLA309
;tigkynk_18f.mbas,791 :: 		limitli_cikis = 255
0x1CD2	0x0EFF      	MOVLW       255
0x1CD4	0x6F82      	MOVWF       PID_HESAPLA_limitli_cikis, 1
0x1CD6	0x0E00      	MOVLW       0
0x1CD8	0x6F83      	MOVWF       PID_HESAPLA_limitli_cikis+1, 1
L__PID_HESAPLA309:
;tigkynk_18f.mbas,794 :: 		pid_cikis = limitli_cikis
0x1CDA	0xF044C082  	MOVFF       PID_HESAPLA_limitli_cikis, _pid_cikis
0x1CDE	0xF045C083  	MOVFF       PID_HESAPLA_limitli_cikis+1, _pid_cikis+1
;tigkynk_18f.mbas,795 :: 		PWM1_Set_Duty(pid_cikis)
0x1CE2	0xF09BC082  	MOVFF       PID_HESAPLA_limitli_cikis, FARG_PWM1_Set_Duty_new_duty
0x1CE6	0xF006EC24  	CALL        _PWM1_Set_Duty, 0
;tigkynk_18f.mbas,797 :: 		pid_onceki_hata = pid_hata
0x1CEA	0xF046C063  	MOVFF       _pid_hata, _pid_onceki_hata
0x1CEE	0xF047C064  	MOVFF       _pid_hata+1, _pid_onceki_hata+1
;tigkynk_18f.mbas,798 :: 		end sub
L_end_PID_HESAPLA:
0x1CF2	0x0012      	RETURN      0
; end of _PID_HESAPLA
_PULSE_ISLET:
;tigkynk_18f.mbas,1506 :: 		sub procedure PULSE_ISLET()
;tigkynk_18f.mbas,1508 :: 		if set8_value = 0 then
0x1CF4	0x0100      	MOVLB       0
0x1CF6	0x5160      	MOVF        _set8_value, 0, 1
0x1CF8	0x0A00      	XORLW       0
0x1CFA	0xE105      	BNZ         L__PULSE_ISLET659
;tigkynk_18f.mbas,1509 :: 		pulse_state = 1
0x1CFC	0x0E01      	MOVLW       1
0x1CFE	0x6E5F      	MOVWF       _pulse_state 
;tigkynk_18f.mbas,1510 :: 		pulse_timer = 0
0x1D00	0x6B6F      	CLRF        _pulse_timer, 1
0x1D02	0x6B70      	CLRF        _pulse_timer+1, 1
;tigkynk_18f.mbas,1511 :: 		exit
0x1D04	0xD019      	BRA         L_end__PULSE_ISLET
L__PULSE_ISLET659:
;tigkynk_18f.mbas,1514 :: 		Inc(pulse_timer)
0x1D06	0x4B6F      	INFSNZ      _pulse_timer, 1, 1
0x1D08	0x2B70      	INCF        _pulse_timer+1, 1, 1
;tigkynk_18f.mbas,1516 :: 		if pulse_state = 1 then
0x1D0A	0x505F      	MOVF        _pulse_state, 0 
0x1D0C	0x0A01      	XORLW       1
0x1D0E	0xE10A      	BNZ         L__PULSE_ISLET662
;tigkynk_18f.mbas,1517 :: 		if pulse_timer >= pulse_on_time then
0x1D10	0x516D      	MOVF        _pulse_on_time+1, 0, 1
0x1D12	0x5D70      	SUBWF       _pulse_timer+1, 0, 1
0x1D14	0xE102      	BNZ         L__PULSE_ISLET889
0x1D16	0x516C      	MOVF        _pulse_on_time, 0, 1
0x1D18	0x5D6F      	SUBWF       _pulse_timer, 0, 1
L__PULSE_ISLET889:
0x1D1A	0xE303      	BNC         L__PULSE_ISLET665
;tigkynk_18f.mbas,1518 :: 		pulse_timer = 0
0x1D1C	0x6B6F      	CLRF        _pulse_timer, 1
0x1D1E	0x6B70      	CLRF        _pulse_timer+1, 1
;tigkynk_18f.mbas,1519 :: 		pulse_state = 0
0x1D20	0x6A5F      	CLRF        _pulse_state 
L__PULSE_ISLET665:
;tigkynk_18f.mbas,1520 :: 		end if
0x1D22	0xD00A      	BRA         L__PULSE_ISLET663
;tigkynk_18f.mbas,1521 :: 		else
L__PULSE_ISLET662:
;tigkynk_18f.mbas,1522 :: 		if pulse_timer >= pulse_off_time then
0x1D24	0x505C      	MOVF        _pulse_off_time+1, 0 
0x1D26	0x5D70      	SUBWF       _pulse_timer+1, 0, 1
0x1D28	0xE102      	BNZ         L__PULSE_ISLET890
0x1D2A	0x505B      	MOVF        _pulse_off_time, 0 
0x1D2C	0x5D6F      	SUBWF       _pulse_timer, 0, 1
L__PULSE_ISLET890:
0x1D2E	0xE304      	BNC         L__PULSE_ISLET668
;tigkynk_18f.mbas,1523 :: 		pulse_timer = 0
0x1D30	0x6B6F      	CLRF        _pulse_timer, 1
0x1D32	0x6B70      	CLRF        _pulse_timer+1, 1
;tigkynk_18f.mbas,1524 :: 		pulse_state = 1
0x1D34	0x0E01      	MOVLW       1
0x1D36	0x6E5F      	MOVWF       _pulse_state 
L__PULSE_ISLET668:
;tigkynk_18f.mbas,1526 :: 		end if
L__PULSE_ISLET663:
;tigkynk_18f.mbas,1528 :: 		end sub
L_end__PULSE_ISLET:
L_end_PULSE_ISLET:
0x1D38	0x0012      	RETURN      0
; end of _PULSE_ISLET
_BITIRME_RAMP_VE_CRATER:
;tigkynk_18f.mbas,1313 :: 		dim yarim_adim as word
;tigkynk_18f.mbas,1315 :: 		mevcut_duty = pid_cikis
0x1D3A	0xF07AC044  	MOVFF       _pid_cikis, BITIRME_RAMP_VE_CRATER_mevcut_duty
;tigkynk_18f.mbas,1316 :: 		crater_duty = AKIM_TO_DUTY(CRATER_AKIM)
0x1D3E	0x0E0A      	MOVLW       10
0x1D40	0x0100      	MOVLB       0
0x1D42	0x6F9B      	MOVWF       FARG_AKIM_TO_DUTY_akim, 1
0x1D44	0x0E00      	MOVLW       0
0x1D46	0x6F9C      	MOVWF       FARG_AKIM_TO_DUTY_akim+1, 1
0x1D48	0xF006ECC5  	CALL        _AKIM_TO_DUTY, 0
0x1D4C	0xF07BC000  	MOVFF       R0, BITIRME_RAMP_VE_CRATER_crater_duty
;tigkynk_18f.mbas,1318 :: 		yarim_adim = set3_value * 50
0x1D50	0xF000C05E  	MOVFF       _set3_value, R0
0x1D54	0x0E00      	MOVLW       0
0x1D56	0x6E01      	MOVWF       R1 
0x1D58	0x0E32      	MOVLW       50
0x1D5A	0x6E04      	MOVWF       R4 
0x1D5C	0x0E00      	MOVLW       0
0x1D5E	0x6E05      	MOVWF       R5 
0x1D60	0xF004EC1A  	CALL        _Mul_16x16_U, 0
0x1D64	0xF07CC000  	MOVFF       R0, BITIRME_RAMP_VE_CRATER_yarim_adim
0x1D68	0xF07DC001  	MOVFF       R1, BITIRME_RAMP_VE_CRATER_yarim_adim+1
;tigkynk_18f.mbas,1320 :: 		if set3_value = 0 then
0x1D6C	0x505E      	MOVF        _set3_value, 0 
0x1D6E	0x0A00      	XORLW       0
0x1D70	0xE113      	BNZ         L__BITIRME_RAMP_VE_CRATER523
;tigkynk_18f.mbas,1321 :: 		if mevcut_duty > crater_duty then
0x1D72	0x517A      	MOVF        BITIRME_RAMP_VE_CRATER_mevcut_duty, 0, 1
0x1D74	0x5D7B      	SUBWF       BITIRME_RAMP_VE_CRATER_crater_duty, 0, 1
0x1D76	0xE208      	BC          L__BITIRME_RAMP_VE_CRATER526
;tigkynk_18f.mbas,1322 :: 		Pwm1_Set_Duty(crater_duty)
0x1D78	0xF09BC07B  	MOVFF       BITIRME_RAMP_VE_CRATER_crater_duty, FARG_PWM1_Set_Duty_new_duty
0x1D7C	0xF006EC24  	CALL        _PWM1_Set_Duty, 0
;tigkynk_18f.mbas,1323 :: 		pid_cikis = crater_duty
0x1D80	0xF044C07B  	MOVFF       BITIRME_RAMP_VE_CRATER_crater_duty, _pid_cikis
0x1D84	0x0E00      	MOVLW       0
0x1D86	0x6E45      	MOVWF       _pid_cikis+1 
L__BITIRME_RAMP_VE_CRATER526:
;tigkynk_18f.mbas,1325 :: 		CRATER_FILL_BASLAT()
0x1D88	0xF00AEC47  	CALL        _CRATER_FILL_BASLAT, 0
;tigkynk_18f.mbas,1326 :: 		Pwm1_Set_Duty(0)
0x1D8C	0x6B9B      	CLRF        FARG_PWM1_Set_Duty_new_duty, 1
0x1D8E	0xF006EC24  	CALL        _PWM1_Set_Duty, 0
;tigkynk_18f.mbas,1327 :: 		pid_cikis = 0
0x1D92	0x6A44      	CLRF        _pid_cikis 
0x1D94	0x6A45      	CLRF        _pid_cikis+1 
;tigkynk_18f.mbas,1328 :: 		exit
0x1D96	0xD022      	BRA         L_end__BITIRME_RAMP_VE_CRATER
L__BITIRME_RAMP_VE_CRATER523:
;tigkynk_18f.mbas,1331 :: 		if mevcut_duty > crater_duty then
0x1D98	0x0100      	MOVLB       0
0x1D9A	0x517A      	MOVF        BITIRME_RAMP_VE_CRATER_mevcut_duty, 0, 1
0x1D9C	0x5D7B      	SUBWF       BITIRME_RAMP_VE_CRATER_crater_duty, 0, 1
0x1D9E	0xE20B      	BC          L__BITIRME_RAMP_VE_CRATER529
;tigkynk_18f.mbas,1332 :: 		DUTY_RAMP(mevcut_duty, crater_duty, yarim_adim)
0x1DA0	0xF08AC07A  	MOVFF       BITIRME_RAMP_VE_CRATER_mevcut_duty, FARG_DUTY_RAMP_duty_ilk
0x1DA4	0xF08BC07B  	MOVFF       BITIRME_RAMP_VE_CRATER_crater_duty, FARG_DUTY_RAMP_duty_son
0x1DA8	0xF08CC07C  	MOVFF       BITIRME_RAMP_VE_CRATER_yarim_adim, FARG_DUTY_RAMP_toplam_adim
0x1DAC	0xF08DC07D  	MOVFF       BITIRME_RAMP_VE_CRATER_yarim_adim+1, FARG_DUTY_RAMP_toplam_adim+1
0x1DB0	0xF009EC45  	CALL        _DUTY_RAMP, 0
0x1DB4	0xD008      	BRA         L__BITIRME_RAMP_VE_CRATER530
;tigkynk_18f.mbas,1333 :: 		else
L__BITIRME_RAMP_VE_CRATER529:
;tigkynk_18f.mbas,1334 :: 		Pwm1_Set_Duty(mevcut_duty)
0x1DB6	0xF09BC07A  	MOVFF       BITIRME_RAMP_VE_CRATER_mevcut_duty, FARG_PWM1_Set_Duty_new_duty
0x1DBA	0xF006EC24  	CALL        _PWM1_Set_Duty, 0
;tigkynk_18f.mbas,1335 :: 		pid_cikis = mevcut_duty
0x1DBE	0xF044C07A  	MOVFF       BITIRME_RAMP_VE_CRATER_mevcut_duty, _pid_cikis
0x1DC2	0x0E00      	MOVLW       0
0x1DC4	0x6E45      	MOVWF       _pid_cikis+1 
;tigkynk_18f.mbas,1336 :: 		end if
L__BITIRME_RAMP_VE_CRATER530:
;tigkynk_18f.mbas,1338 :: 		CRATER_FILL_BASLAT()
0x1DC6	0xF00AEC47  	CALL        _CRATER_FILL_BASLAT, 0
;tigkynk_18f.mbas,1339 :: 		DUTY_RAMP(pid_cikis, 0, yarim_adim)
0x1DCA	0xF08AC044  	MOVFF       _pid_cikis, FARG_DUTY_RAMP_duty_ilk
0x1DCE	0x6B8B      	CLRF        FARG_DUTY_RAMP_duty_son, 1
0x1DD0	0xF08CC07C  	MOVFF       BITIRME_RAMP_VE_CRATER_yarim_adim, FARG_DUTY_RAMP_toplam_adim
0x1DD4	0xF08DC07D  	MOVFF       BITIRME_RAMP_VE_CRATER_yarim_adim+1, FARG_DUTY_RAMP_toplam_adim+1
0x1DD8	0xF009EC45  	CALL        _DUTY_RAMP, 0
;tigkynk_18f.mbas,1340 :: 		end sub
L_end__BITIRME_RAMP_VE_CRATER:
L_end_BITIRME_RAMP_VE_CRATER:
0x1DDC	0x0012      	RETURN      0
; end of _BITIRME_RAMP_VE_CRATER
_ARK_BEKLE_VE_RAMP_BASLAT:
;tigkynk_18f.mbas,882 :: 		dim hf_timeout as word
;tigkynk_18f.mbas,884 :: 		if hedef_akim <= START_AKIM then
0x1DDE	0x0E80      	MOVLW       128
0x1DE0	0x6E00      	MOVWF       R0 
0x1DE2	0x0E80      	MOVLW       128
0x1DE4	0x1851      	XORWF       _hedef_akim+1, 0 
0x1DE6	0x5C00      	SUBWF       R0, 0 
0x1DE8	0xE102      	BNZ         L__ARK_BEKLE_VE_RAMP_BASLAT845
0x1DEA	0x5050      	MOVF        _hedef_akim, 0 
0x1DEC	0x080F      	SUBLW       15
L__ARK_BEKLE_VE_RAMP_BASLAT845:
0x1DEE	0xE305      	BNC         L__ARK_BEKLE_VE_RAMP_BASLAT338
;tigkynk_18f.mbas,885 :: 		baslangic_akim = hedef_akim
0x1DF0	0xF07AC050  	MOVFF       _hedef_akim, ARK_BEKLE_VE_RAMP_BASLAT_baslangic_akim
0x1DF4	0xF07BC051  	MOVFF       _hedef_akim+1, ARK_BEKLE_VE_RAMP_BASLAT_baslangic_akim+1
0x1DF8	0xD005      	BRA         L__ARK_BEKLE_VE_RAMP_BASLAT339
;tigkynk_18f.mbas,886 :: 		else
L__ARK_BEKLE_VE_RAMP_BASLAT338:
;tigkynk_18f.mbas,887 :: 		baslangic_akim = START_AKIM
0x1DFA	0x0E0F      	MOVLW       15
0x1DFC	0x0100      	MOVLB       0
0x1DFE	0x6F7A      	MOVWF       ARK_BEKLE_VE_RAMP_BASLAT_baslangic_akim, 1
0x1E00	0x0E00      	MOVLW       0
0x1E02	0x6F7B      	MOVWF       ARK_BEKLE_VE_RAMP_BASLAT_baslangic_akim+1, 1
;tigkynk_18f.mbas,888 :: 		end if
L__ARK_BEKLE_VE_RAMP_BASLAT339:
;tigkynk_18f.mbas,890 :: 		baslangic_duty = AKIM_TO_DUTY(baslangic_akim)
0x1E04	0xF09BC07A  	MOVFF       ARK_BEKLE_VE_RAMP_BASLAT_baslangic_akim, FARG_AKIM_TO_DUTY_akim
0x1E08	0xF09CC07B  	MOVFF       ARK_BEKLE_VE_RAMP_BASLAT_baslangic_akim+1, FARG_AKIM_TO_DUTY_akim+1
0x1E0C	0xF006ECC5  	CALL        _AKIM_TO_DUTY, 0
0x1E10	0xF07CC000  	MOVFF       R0, ARK_BEKLE_VE_RAMP_BASLAT_baslangic_duty
;tigkynk_18f.mbas,892 :: 		Pwm1_Set_Duty(baslangic_duty)
0x1E14	0xF09BC000  	MOVFF       R0, FARG_PWM1_Set_Duty_new_duty
0x1E18	0xF006EC24  	CALL        _PWM1_Set_Duty, 0
;tigkynk_18f.mbas,893 :: 		pid_cikis = baslangic_duty
0x1E1C	0xF044C07C  	MOVFF       ARK_BEKLE_VE_RAMP_BASLAT_baslangic_duty, _pid_cikis
0x1E20	0x0E00      	MOVLW       0
0x1E22	0x6E45      	MOVWF       _pid_cikis+1 
;tigkynk_18f.mbas,895 :: 		ark_var = 0
0x1E24	0x6A53      	CLRF        _ark_var 
;tigkynk_18f.mbas,896 :: 		ark_say = 0
0x1E26	0x0100      	MOVLB       0
0x1E28	0x6B71      	CLRF        _ark_say, 1
;tigkynk_18f.mbas,897 :: 		ark_dogrulama = 0
0x1E2A	0x6B7D      	CLRF        ARK_BEKLE_VE_RAMP_BASLAT_ark_dogrulama, 1
;tigkynk_18f.mbas,898 :: 		ark_bekle = 1
0x1E2C	0x0E01      	MOVLW       1
0x1E2E	0x6F7E      	MOVWF       ARK_BEKLE_VE_RAMP_BASLAT_ark_bekle, 1
;tigkynk_18f.mbas,899 :: 		hf_timeout = 0
0x1E30	0x6B7F      	CLRF        ARK_BEKLE_VE_RAMP_BASLAT_hf_timeout, 1
0x1E32	0x6B80      	CLRF        ARK_BEKLE_VE_RAMP_BASLAT_hf_timeout+1, 1
;tigkynk_18f.mbas,901 :: 		while (kaynak_izin = 1) and (ark_bekle = 1)
L__ARK_BEKLE_VE_RAMP_BASLAT341:
0x1E34	0x504E      	MOVF        _kaynak_izin, 0 
0x1E36	0x0A01      	XORLW       1
0x1E38	0x0EFF      	MOVLW       255
0x1E3A	0xA4D8      	BTFSS       STATUS, 2 
0x1E3C	0x0E00      	MOVLW       0
0x1E3E	0x6E01      	MOVWF       R1 
0x1E40	0x517E      	MOVF        ARK_BEKLE_VE_RAMP_BASLAT_ark_bekle, 0, 1
0x1E42	0x0A01      	XORLW       1
0x1E44	0x0EFF      	MOVLW       255
0x1E46	0xA4D8      	BTFSS       STATUS, 2 
0x1E48	0x0E00      	MOVLW       0
0x1E4A	0x6E00      	MOVWF       R0 
0x1E4C	0x5001      	MOVF        R1, 0 
0x1E4E	0x1600      	ANDWF       R0, 1 
0x1E50	0xE04D      	BZ          L__ARK_BEKLE_VE_RAMP_BASLAT342
;tigkynk_18f.mbas,903 :: 		if BASLATMA_VEYA_BLOK_IPTAL_VAR_MI() = 1 then
0x1E52	0xF005EC8A  	CALL        _BASLATMA_VEYA_BLOK_IPTAL_VAR_MI, 0
0x1E56	0x5000      	MOVF        R0, 0 
0x1E58	0x0A01      	XORLW       1
0x1E5A	0xE10E      	BNZ         L__ARK_BEKLE_VE_RAMP_BASLAT346
;tigkynk_18f.mbas,904 :: 		Pwm1_Set_Duty(0)
0x1E5C	0x6B9B      	CLRF        FARG_PWM1_Set_Duty_new_duty, 1
0x1E5E	0xF006EC24  	CALL        _PWM1_Set_Duty, 0
;tigkynk_18f.mbas,905 :: 		pid_cikis = 0
0x1E62	0x6A44      	CLRF        _pid_cikis 
0x1E64	0x6A45      	CLRF        _pid_cikis+1 
;tigkynk_18f.mbas,906 :: 		Pwm1_Stop()
0x1E66	0xF006EC5D  	CALL        _PWM1_Stop, 0
;tigkynk_18f.mbas,907 :: 		HF = 0
0x1E6A	0x9484      	BCF         PORTE, 2 
;tigkynk_18f.mbas,908 :: 		GAS = 0
0x1E6C	0x9284      	BCF         PORTE, 1 
;tigkynk_18f.mbas,909 :: 		ark_var = 0
0x1E6E	0x6A53      	CLRF        _ark_var 
;tigkynk_18f.mbas,910 :: 		ark_say = 0
0x1E70	0x0100      	MOVLB       0
0x1E72	0x6B71      	CLRF        _ark_say, 1
;tigkynk_18f.mbas,911 :: 		kaynak_basladi = 0
0x1E74	0x6A4D      	CLRF        _kaynak_basladi 
;tigkynk_18f.mbas,912 :: 		exit
0x1E76	0xD054      	BRA         L_end__ARK_BEKLE_VE_RAMP_BASLAT
L__ARK_BEKLE_VE_RAMP_BASLAT346:
;tigkynk_18f.mbas,915 :: 		if hf_timeout < 300 then
0x1E78	0x0E01      	MOVLW       1
0x1E7A	0x5D80      	SUBWF       ARK_BEKLE_VE_RAMP_BASLAT_hf_timeout+1, 0, 1
0x1E7C	0xE102      	BNZ         L__ARK_BEKLE_VE_RAMP_BASLAT846
0x1E7E	0x0E2C      	MOVLW       44
0x1E80	0x5D7F      	SUBWF       ARK_BEKLE_VE_RAMP_BASLAT_hf_timeout, 0, 1
L__ARK_BEKLE_VE_RAMP_BASLAT846:
0x1E82	0xE202      	BC          L__ARK_BEKLE_VE_RAMP_BASLAT349
;tigkynk_18f.mbas,916 :: 		Inc(hf_timeout)
0x1E84	0x4B7F      	INFSNZ      ARK_BEKLE_VE_RAMP_BASLAT_hf_timeout, 1, 1
0x1E86	0x2B80      	INCF        ARK_BEKLE_VE_RAMP_BASLAT_hf_timeout+1, 1, 1
L__ARK_BEKLE_VE_RAMP_BASLAT349:
;tigkynk_18f.mbas,919 :: 		if ARK_DETECT_OKU() = 1 then
0x1E88	0xF008ECA0  	CALL        _ARK_DETECT_OKU, 0
0x1E8C	0x5000      	MOVF        R0, 0 
0x1E8E	0x0A01      	XORLW       1
0x1E90	0xE105      	BNZ         L__ARK_BEKLE_VE_RAMP_BASLAT352
;tigkynk_18f.mbas,920 :: 		if ark_dogrulama < 20 then
0x1E92	0x0E14      	MOVLW       20
0x1E94	0x5D7D      	SUBWF       ARK_BEKLE_VE_RAMP_BASLAT_ark_dogrulama, 0, 1
0x1E96	0xA0D8      	BTFSS       STATUS, 0 
;tigkynk_18f.mbas,921 :: 		Inc(ark_dogrulama)
0x1E98	0x2B7D      	INCF        ARK_BEKLE_VE_RAMP_BASLAT_ark_dogrulama, 1, 1
L__ARK_BEKLE_VE_RAMP_BASLAT355:
;tigkynk_18f.mbas,922 :: 		end if
0x1E9A	0xD001      	BRA         L__ARK_BEKLE_VE_RAMP_BASLAT353
;tigkynk_18f.mbas,923 :: 		else
L__ARK_BEKLE_VE_RAMP_BASLAT352:
;tigkynk_18f.mbas,924 :: 		ark_dogrulama = 0
0x1E9C	0x6B7D      	CLRF        ARK_BEKLE_VE_RAMP_BASLAT_ark_dogrulama, 1
;tigkynk_18f.mbas,925 :: 		end if
L__ARK_BEKLE_VE_RAMP_BASLAT353:
;tigkynk_18f.mbas,927 :: 		if ark_dogrulama >= 20 then
0x1E9E	0x0E14      	MOVLW       20
0x1EA0	0x5D7D      	SUBWF       ARK_BEKLE_VE_RAMP_BASLAT_ark_dogrulama, 0, 1
0x1EA2	0xE304      	BNC         L__ARK_BEKLE_VE_RAMP_BASLAT358
;tigkynk_18f.mbas,928 :: 		ark_var = 1
0x1EA4	0x0E01      	MOVLW       1
0x1EA6	0x6E53      	MOVWF       _ark_var 
;tigkynk_18f.mbas,929 :: 		HF = 0
0x1EA8	0x9484      	BCF         PORTE, 2 
;tigkynk_18f.mbas,930 :: 		ark_bekle = 0
0x1EAA	0x6B7E      	CLRF        ARK_BEKLE_VE_RAMP_BASLAT_ark_bekle, 1
L__ARK_BEKLE_VE_RAMP_BASLAT358:
;tigkynk_18f.mbas,933 :: 		if hf_timeout >= 300 then
0x1EAC	0x0E01      	MOVLW       1
0x1EAE	0x5D80      	SUBWF       ARK_BEKLE_VE_RAMP_BASLAT_hf_timeout+1, 0, 1
0x1EB0	0xE102      	BNZ         L__ARK_BEKLE_VE_RAMP_BASLAT847
0x1EB2	0x0E2C      	MOVLW       44
0x1EB4	0x5D7F      	SUBWF       ARK_BEKLE_VE_RAMP_BASLAT_hf_timeout, 0, 1
L__ARK_BEKLE_VE_RAMP_BASLAT847:
0x1EB6	0xE30F      	BNC         L__ARK_BEKLE_VE_RAMP_BASLAT361
;tigkynk_18f.mbas,934 :: 		HF = 0
0x1EB8	0x9484      	BCF         PORTE, 2 
;tigkynk_18f.mbas,935 :: 		Pwm1_Set_Duty(0)
0x1EBA	0x6B9B      	CLRF        FARG_PWM1_Set_Duty_new_duty, 1
0x1EBC	0xF006EC24  	CALL        _PWM1_Set_Duty, 0
;tigkynk_18f.mbas,936 :: 		pid_cikis = 0
0x1EC0	0x6A44      	CLRF        _pid_cikis 
0x1EC2	0x6A45      	CLRF        _pid_cikis+1 
;tigkynk_18f.mbas,937 :: 		Pwm1_Stop()
0x1EC4	0xF006EC5D  	CALL        _PWM1_Stop, 0
;tigkynk_18f.mbas,938 :: 		GAS = 0
0x1EC8	0x9284      	BCF         PORTE, 1 
;tigkynk_18f.mbas,939 :: 		ark_var = 0
0x1ECA	0x6A53      	CLRF        _ark_var 
;tigkynk_18f.mbas,940 :: 		ark_say = 0
0x1ECC	0x0100      	MOVLB       0
0x1ECE	0x6B71      	CLRF        _ark_say, 1
;tigkynk_18f.mbas,941 :: 		kaynak_basladi = 0
0x1ED0	0x6A4D      	CLRF        _kaynak_basladi 
;tigkynk_18f.mbas,942 :: 		kaynak_izin = 0
0x1ED2	0x6A4E      	CLRF        _kaynak_izin 
;tigkynk_18f.mbas,943 :: 		exit
0x1ED4	0xD025      	BRA         L_end__ARK_BEKLE_VE_RAMP_BASLAT
L__ARK_BEKLE_VE_RAMP_BASLAT361:
;tigkynk_18f.mbas,946 :: 		Delay_ms(10)
0x1ED6	0x0E34      	MOVLW       52
0x1ED8	0x6E0C      	MOVWF       R12, 0
0x1EDA	0x0EF1      	MOVLW       241
0x1EDC	0x6E0D      	MOVWF       R13, 0
L__ARK_BEKLE_VE_RAMP_BASLAT363:
0x1EDE	0x2E0D      	DECFSZ      R13, 1, 0
0x1EE0	0xD7FE      	BRA         L__ARK_BEKLE_VE_RAMP_BASLAT363
0x1EE2	0x2E0C      	DECFSZ      R12, 1, 0
0x1EE4	0xD7FC      	BRA         L__ARK_BEKLE_VE_RAMP_BASLAT363
0x1EE6	0x0000      	NOP
0x1EE8	0x0000      	NOP
;tigkynk_18f.mbas,947 :: 		wend
0x1EEA	0xD7A4      	BRA         L__ARK_BEKLE_VE_RAMP_BASLAT341
L__ARK_BEKLE_VE_RAMP_BASLAT342:
;tigkynk_18f.mbas,949 :: 		if kaynak_izin = 0 then
0x1EEC	0x504E      	MOVF        _kaynak_izin, 0 
0x1EEE	0x0A00      	XORLW       0
0x1EF0	0xE10E      	BNZ         L__ARK_BEKLE_VE_RAMP_BASLAT365
;tigkynk_18f.mbas,950 :: 		Pwm1_Set_Duty(0)
0x1EF2	0x6B9B      	CLRF        FARG_PWM1_Set_Duty_new_duty, 1
0x1EF4	0xF006EC24  	CALL        _PWM1_Set_Duty, 0
;tigkynk_18f.mbas,951 :: 		pid_cikis = 0
0x1EF8	0x6A44      	CLRF        _pid_cikis 
0x1EFA	0x6A45      	CLRF        _pid_cikis+1 
;tigkynk_18f.mbas,952 :: 		Pwm1_Stop()
0x1EFC	0xF006EC5D  	CALL        _PWM1_Stop, 0
;tigkynk_18f.mbas,953 :: 		HF = 0
0x1F00	0x9484      	BCF         PORTE, 2 
;tigkynk_18f.mbas,954 :: 		GAS = 0
0x1F02	0x9284      	BCF         PORTE, 1 
;tigkynk_18f.mbas,955 :: 		ark_var = 0
0x1F04	0x6A53      	CLRF        _ark_var 
;tigkynk_18f.mbas,956 :: 		ark_say = 0
0x1F06	0x0100      	MOVLB       0
0x1F08	0x6B71      	CLRF        _ark_say, 1
;tigkynk_18f.mbas,957 :: 		kaynak_basladi = 0
0x1F0A	0x6A4D      	CLRF        _kaynak_basladi 
;tigkynk_18f.mbas,958 :: 		exit
0x1F0C	0xD009      	BRA         L_end__ARK_BEKLE_VE_RAMP_BASLAT
L__ARK_BEKLE_VE_RAMP_BASLAT365:
;tigkynk_18f.mbas,961 :: 		if ark_var = 1 then
0x1F0E	0x5053      	MOVF        _ark_var, 0 
0x1F10	0x0A01      	XORLW       1
0x1F12	0xE106      	BNZ         L__ARK_BEKLE_VE_RAMP_BASLAT368
;tigkynk_18f.mbas,962 :: 		RAMP_UP_BASLAT(hedef_akim)
0x1F14	0xF08AC050  	MOVFF       _hedef_akim, FARG_RAMP_UP_BASLAT_hedef_akim_local
0x1F18	0xF08BC051  	MOVFF       _hedef_akim+1, FARG_RAMP_UP_BASLAT_hedef_akim_local+1
0x1F1C	0xF007ECB7  	CALL        _RAMP_UP_BASLAT, 0
L__ARK_BEKLE_VE_RAMP_BASLAT368:
;tigkynk_18f.mbas,964 :: 		end sub
L_end__ARK_BEKLE_VE_RAMP_BASLAT:
L_end_ARK_BEKLE_VE_RAMP_BASLAT:
0x1F20	0x0012      	RETURN      0
; end of _ARK_BEKLE_VE_RAMP_BASLAT
_KAYNAK_SURDUR:
;tigkynk_18f.mbas,1551 :: 		sub procedure KAYNAK_SURDUR()
;tigkynk_18f.mbas,1554 :: 		if kaynak_basladi = 1 then
0x1F22	0x504D      	MOVF        _kaynak_basladi, 0 
0x1F24	0x0A01      	XORLW       1
0x1F26	0xE10F      	BNZ         L__KAYNAK_SURDUR676
;tigkynk_18f.mbas,1555 :: 		HF = 0
0x1F28	0x9484      	BCF         PORTE, 2 
;tigkynk_18f.mbas,1556 :: 		PULSE_ISLET()
0x1F2A	0xDEE4      	RCALL       _PULSE_ISLET
;tigkynk_18f.mbas,1558 :: 		ANTI_STICK_DURUM_MAKINESI()
0x1F2C	0xDD1A      	RCALL       _ANTI_STICK_DURUM_MAKINESI
;tigkynk_18f.mbas,1560 :: 		if kaynak_izin = 1 then
0x1F2E	0x504E      	MOVF        _kaynak_izin, 0 
0x1F30	0x0A01      	XORLW       1
0x1F32	0xE109      	BNZ         L__KAYNAK_SURDUR679
;tigkynk_18f.mbas,1561 :: 		if anti_stick_aktif = 0 then
0x1F34	0x504F      	MOVF        _anti_stick_aktif, 0 
0x1F36	0x0A00      	XORLW       0
0x1F38	0xE106      	BNZ         L__KAYNAK_SURDUR682
;tigkynk_18f.mbas,1562 :: 		Inc(pid_timer)
0x1F3A	0x2A4C      	INCF        _pid_timer, 1 
;tigkynk_18f.mbas,1563 :: 		if pid_timer >= 4 then
0x1F3C	0x0E04      	MOVLW       4
0x1F3E	0x5C4C      	SUBWF       _pid_timer, 0 
0x1F40	0xE302      	BNC         L__KAYNAK_SURDUR685
;tigkynk_18f.mbas,1564 :: 		pid_timer = 0
0x1F42	0x6A4C      	CLRF        _pid_timer 
;tigkynk_18f.mbas,1565 :: 		PID_HESAPLA()
0x1F44	0xDD9C      	RCALL       _PID_HESAPLA
L__KAYNAK_SURDUR685:
;tigkynk_18f.mbas,1566 :: 		end if
L__KAYNAK_SURDUR682:
;tigkynk_18f.mbas,1567 :: 		end if
L__KAYNAK_SURDUR679:
;tigkynk_18f.mbas,1568 :: 		end if
L__KAYNAK_SURDUR676:
;tigkynk_18f.mbas,1571 :: 		end sub
L_end_KAYNAK_SURDUR:
0x1F46	0x0012      	RETURN      0
; end of _KAYNAK_SURDUR
_Parametre_No_Goster:
;tigkynk_18f.mbas,372 :: 		sub procedure Parametre_No_Goster(dim p as byte)
;tigkynk_18f.mbas,373 :: 		Tum_Set_Flaglarini_Sifirla()
0x1F4E	0xDD00      	RCALL       _Tum_Set_Flaglarini_Sifirla
;tigkynk_18f.mbas,374 :: 		MAX7219_Send($03, mask(p))
0x1F50	0xF07AC076  	MOVFF       FARG_Parametre_No_Goster_p, FARG_mask_num
0x1F54	0xDC66      	RCALL       _mask
0x1F56	0xF07BC000  	MOVFF       R0, FARG_MAX7219_Send_value
0x1F5A	0x0E03      	MOVLW       3
0x1F5C	0x6F7A      	MOVWF       FARG_MAX7219_Send_address, 1
0x1F5E	0xDCE5      	RCALL       _MAX7219_Send
;tigkynk_18f.mbas,375 :: 		MAX7219_Send($02, $00)
0x1F60	0x0E02      	MOVLW       2
0x1F62	0x0100      	MOVLB       0
0x1F64	0x6F7A      	MOVWF       FARG_MAX7219_Send_address, 1
0x1F66	0x6B7B      	CLRF        FARG_MAX7219_Send_value, 1
0x1F68	0xDCE0      	RCALL       _MAX7219_Send
;tigkynk_18f.mbas,376 :: 		MAX7219_Send($01, $00)
0x1F6A	0x0E01      	MOVLW       1
0x1F6C	0x0100      	MOVLB       0
0x1F6E	0x6F7A      	MOVWF       FARG_MAX7219_Send_address, 1
0x1F70	0x6B7B      	CLRF        FARG_MAX7219_Send_value, 1
0x1F72	0xDCDB      	RCALL       _MAX7219_Send
;tigkynk_18f.mbas,377 :: 		end sub
L_end_Parametre_No_Goster:
0x1F74	0x0012      	RETURN      0
; end of _Parametre_No_Goster
_Eeprom_Read:
;__Lib_EEPROM_1024.mpas,14 :: 		
;__Lib_EEPROM_1024.mpas,15 :: 		
0x1F80	0x9CA6      	BCF         EECON1, 6 
;__Lib_EEPROM_1024.mpas,16 :: 		
0x1F82	0xFFAAC077  	MOVFF       FARG_Eeprom_Read_address+1, EEADRH
;__Lib_EEPROM_1024.mpas,17 :: 		
0x1F86	0xFFA9C076  	MOVFF       FARG_Eeprom_Read_address, EEADR
;__Lib_EEPROM_1024.mpas,18 :: 		
0x1F8A	0x9EA6      	BCF         EECON1, 7 
;__Lib_EEPROM_1024.mpas,19 :: 		
0x1F8C	0x80A6      	BSF         EECON1, 0 
;__Lib_EEPROM_1024.mpas,22 :: 		
0x1F8E	0xF001CFA8  	MOVFF       EEDATA, R1
;__Lib_EEPROM_1024.mpas,23 :: 		
0x1F92	0xF000C001  	MOVFF       R1, R0
L_end_Eeprom_Read:
0x1F96	0x0012      	RETURN      0
; end of _Eeprom_Read
_SPI1_Init:
;__Lib_SPI_c345.mpas,34 :: 		
;__Lib_SPI_c345.mpas,35 :: 		
0x1F98	0x9AC6      	BCF         SSPCON1, 5 
;__Lib_SPI_c345.mpas,36 :: 		
0x1F9A	0x0EFF      	MOVLW       _SPI1_Read
0x1F9C	0x6E19      	MOVWF       _SPI_Rd_Ptr 
0x1F9E	0x0EFF      	MOVLW       hi_addr(_SPI1_Read)
0x1FA0	0x6E1A      	MOVWF       _SPI_Rd_Ptr+1 
0x1FA2	0x0EFF      	MOVLW       FARG_SPI1_Read_buffer
0x1FA4	0x6E1B      	MOVWF       _SPI_Rd_Ptr+2 
0x1FA6	0x0EFF      	MOVLW       hi_addr(FARG_SPI1_Read_buffer)
0x1FA8	0x6E1C      	MOVWF       _SPI_Rd_Ptr+3 
;__Lib_SPI_c345.mpas,37 :: 		
0x1FAA	0x0E5C      	MOVLW       _SPI1_Write
0x1FAC	0x6E1F      	MOVWF       _SPI_Wr_Ptr 
0x1FAE	0x0E0F      	MOVLW       hi_addr(_SPI1_Write)
0x1FB0	0x6E20      	MOVWF       _SPI_Wr_Ptr+1 
0x1FB2	0x0E8A      	MOVLW       FARG_SPI1_Write_data_
0x1FB4	0x6E21      	MOVWF       _SPI_Wr_Ptr+2 
0x1FB6	0x0E00      	MOVLW       hi_addr(FARG_SPI1_Write_data_)
0x1FB8	0x6E22      	MOVWF       _SPI_Wr_Ptr+3 
;__Lib_SPI_c345.mpas,39 :: 		
0x1FBA	0x9A94      	BCF         TRISC5_bit, BitPos(TRISC5_bit+0) 
;__Lib_SPI_c345.mpas,40 :: 		
0x1FBC	0x9694      	BCF         TRISC3_bit, BitPos(TRISC3_bit+0) 
;__Lib_SPI_c345.mpas,41 :: 		
0x1FBE	0x8894      	BSF         TRISC4_bit, BitPos(TRISC4_bit+0) 
;__Lib_SPI_c345.mpas,43 :: 		
0x1FC0	0x6AC6      	CLRF        SSPCON1 
;__Lib_SPI_c345.mpas,44 :: 		
0x1FC2	0x0E40      	MOVLW       64
0x1FC4	0x6EC7      	MOVWF       SSPSTAT 
;__Lib_SPI_c345.mpas,45 :: 		
0x1FC6	0x8AC6      	BSF         SSPCON1, 5 
;__Lib_SPI_c345.mpas,47 :: 		
L_end_SPI1_Init:
0x1FC8	0x0012      	RETURN      0
; end of _SPI1_Init
_G_Segment_Animasyon:
;tigkynk_18f.mbas,472 :: 		sub procedure G_Segment_Animasyon()
;tigkynk_18f.mbas,473 :: 		MAX7219_Send($03, $01)
0x1FCA	0x0E03      	MOVLW       3
0x1FCC	0x0100      	MOVLB       0
0x1FCE	0x6F7A      	MOVWF       FARG_MAX7219_Send_address, 1
0x1FD0	0x0E01      	MOVLW       1
0x1FD2	0x6F7B      	MOVWF       FARG_MAX7219_Send_value, 1
0x1FD4	0xDCAA      	RCALL       _MAX7219_Send
;tigkynk_18f.mbas,474 :: 		MAX7219_Send($02, $00)
0x1FD6	0x0E02      	MOVLW       2
0x1FD8	0x0100      	MOVLB       0
0x1FDA	0x6F7A      	MOVWF       FARG_MAX7219_Send_address, 1
0x1FDC	0x6B7B      	CLRF        FARG_MAX7219_Send_value, 1
0x1FDE	0xDCA5      	RCALL       _MAX7219_Send
;tigkynk_18f.mbas,475 :: 		MAX7219_Send($01, $00)
0x1FE0	0x0E01      	MOVLW       1
0x1FE2	0x0100      	MOVLB       0
0x1FE4	0x6F7A      	MOVWF       FARG_MAX7219_Send_address, 1
0x1FE6	0x6B7B      	CLRF        FARG_MAX7219_Send_value, 1
0x1FE8	0xDCA0      	RCALL       _MAX7219_Send
;tigkynk_18f.mbas,476 :: 		Delay_ms(500)
0x1FEA	0x0E0B      	MOVLW       11
0x1FEC	0x6E0B      	MOVWF       R11, 0
0x1FEE	0x0E26      	MOVLW       38
0x1FF0	0x6E0C      	MOVWF       R12, 0
0x1FF2	0x0E5D      	MOVLW       93
0x1FF4	0x6E0D      	MOVWF       R13, 0
L__G_Segment_Animasyon198:
0x1FF6	0x2E0D      	DECFSZ      R13, 1, 0
0x1FF8	0xD7FE      	BRA         L__G_Segment_Animasyon198
0x1FFA	0x2E0C      	DECFSZ      R12, 1, 0
0x1FFC	0xD7FC      	BRA         L__G_Segment_Animasyon198
0x1FFE	0x2E0B      	DECFSZ      R11, 1, 0
0x2000	0xD7FA      	BRA         L__G_Segment_Animasyon198
0x2002	0x0000      	NOP
0x2004	0x0000      	NOP
;tigkynk_18f.mbas,478 :: 		MAX7219_Send($03, $00)
0x2006	0x0E03      	MOVLW       3
0x2008	0x0100      	MOVLB       0
0x200A	0x6F7A      	MOVWF       FARG_MAX7219_Send_address, 1
0x200C	0x6B7B      	CLRF        FARG_MAX7219_Send_value, 1
0x200E	0xDC8D      	RCALL       _MAX7219_Send
;tigkynk_18f.mbas,479 :: 		MAX7219_Send($02, $01)
0x2010	0x0E02      	MOVLW       2
0x2012	0x0100      	MOVLB       0
0x2014	0x6F7A      	MOVWF       FARG_MAX7219_Send_address, 1
0x2016	0x0E01      	MOVLW       1
0x2018	0x6F7B      	MOVWF       FARG_MAX7219_Send_value, 1
0x201A	0xDC87      	RCALL       _MAX7219_Send
;tigkynk_18f.mbas,480 :: 		MAX7219_Send($01, $00)
0x201C	0x0E01      	MOVLW       1
0x201E	0x0100      	MOVLB       0
0x2020	0x6F7A      	MOVWF       FARG_MAX7219_Send_address, 1
0x2022	0x6B7B      	CLRF        FARG_MAX7219_Send_value, 1
0x2024	0xDC82      	RCALL       _MAX7219_Send
;tigkynk_18f.mbas,481 :: 		Delay_ms(500)
0x2026	0x0E0B      	MOVLW       11
0x2028	0x6E0B      	MOVWF       R11, 0
0x202A	0x0E26      	MOVLW       38
0x202C	0x6E0C      	MOVWF       R12, 0
0x202E	0x0E5D      	MOVLW       93
0x2030	0x6E0D      	MOVWF       R13, 0
L__G_Segment_Animasyon199:
0x2032	0x2E0D      	DECFSZ      R13, 1, 0
0x2034	0xD7FE      	BRA         L__G_Segment_Animasyon199
0x2036	0x2E0C      	DECFSZ      R12, 1, 0
0x2038	0xD7FC      	BRA         L__G_Segment_Animasyon199
0x203A	0x2E0B      	DECFSZ      R11, 1, 0
0x203C	0xD7FA      	BRA         L__G_Segment_Animasyon199
0x203E	0x0000      	NOP
0x2040	0x0000      	NOP
;tigkynk_18f.mbas,483 :: 		MAX7219_Send($03, $00)
0x2042	0x0E03      	MOVLW       3
0x2044	0x0100      	MOVLB       0
0x2046	0x6F7A      	MOVWF       FARG_MAX7219_Send_address, 1
0x2048	0x6B7B      	CLRF        FARG_MAX7219_Send_value, 1
0x204A	0xDC6F      	RCALL       _MAX7219_Send
;tigkynk_18f.mbas,484 :: 		MAX7219_Send($02, $00)
0x204C	0x0E02      	MOVLW       2
0x204E	0x0100      	MOVLB       0
0x2050	0x6F7A      	MOVWF       FARG_MAX7219_Send_address, 1
0x2052	0x6B7B      	CLRF        FARG_MAX7219_Send_value, 1
0x2054	0xDC6A      	RCALL       _MAX7219_Send
;tigkynk_18f.mbas,485 :: 		MAX7219_Send($01, $01)
0x2056	0x0E01      	MOVLW       1
0x2058	0x0100      	MOVLB       0
0x205A	0x6F7A      	MOVWF       FARG_MAX7219_Send_address, 1
0x205C	0x0E01      	MOVLW       1
0x205E	0x6F7B      	MOVWF       FARG_MAX7219_Send_value, 1
0x2060	0xDC64      	RCALL       _MAX7219_Send
;tigkynk_18f.mbas,486 :: 		Delay_ms(500)
0x2062	0x0E0B      	MOVLW       11
0x2064	0x6E0B      	MOVWF       R11, 0
0x2066	0x0E26      	MOVLW       38
0x2068	0x6E0C      	MOVWF       R12, 0
0x206A	0x0E5D      	MOVLW       93
0x206C	0x6E0D      	MOVWF       R13, 0
L__G_Segment_Animasyon200:
0x206E	0x2E0D      	DECFSZ      R13, 1, 0
0x2070	0xD7FE      	BRA         L__G_Segment_Animasyon200
0x2072	0x2E0C      	DECFSZ      R12, 1, 0
0x2074	0xD7FC      	BRA         L__G_Segment_Animasyon200
0x2076	0x2E0B      	DECFSZ      R11, 1, 0
0x2078	0xD7FA      	BRA         L__G_Segment_Animasyon200
0x207A	0x0000      	NOP
0x207C	0x0000      	NOP
;tigkynk_18f.mbas,488 :: 		MAX7219_Send($03, $00)
0x207E	0x0E03      	MOVLW       3
0x2080	0x0100      	MOVLB       0
0x2082	0x6F7A      	MOVWF       FARG_MAX7219_Send_address, 1
0x2084	0x6B7B      	CLRF        FARG_MAX7219_Send_value, 1
0x2086	0xDC51      	RCALL       _MAX7219_Send
;tigkynk_18f.mbas,489 :: 		MAX7219_Send($02, $00)
0x2088	0x0E02      	MOVLW       2
0x208A	0x0100      	MOVLB       0
0x208C	0x6F7A      	MOVWF       FARG_MAX7219_Send_address, 1
0x208E	0x6B7B      	CLRF        FARG_MAX7219_Send_value, 1
0x2090	0xDC4C      	RCALL       _MAX7219_Send
;tigkynk_18f.mbas,490 :: 		MAX7219_Send($01, $00)
0x2092	0x0E01      	MOVLW       1
0x2094	0x0100      	MOVLB       0
0x2096	0x6F7A      	MOVWF       FARG_MAX7219_Send_address, 1
0x2098	0x6B7B      	CLRF        FARG_MAX7219_Send_value, 1
0x209A	0xDC47      	RCALL       _MAX7219_Send
;tigkynk_18f.mbas,491 :: 		end sub
L_end_G_Segment_Animasyon:
0x209C	0x0012      	RETURN      0
; end of _G_Segment_Animasyon
_KAYNAK_BITIR_SEKANS:
;tigkynk_18f.mbas,1532 :: 		sub procedure KAYNAK_BITIR_SEKANS()
;tigkynk_18f.mbas,1533 :: 		if kaynak_basladi = 1 then
0x20B6	0x504D      	MOVF        _kaynak_basladi, 0 
0x20B8	0x0A01      	XORLW       1
0x20BA	0xE106      	BNZ         L__KAYNAK_BITIR_SEKANS672
;tigkynk_18f.mbas,1534 :: 		HF = 0
0x20BC	0x9484      	BCF         PORTE, 2 
;tigkynk_18f.mbas,1535 :: 		BITIRME_RAMP_VE_CRATER()
0x20BE	0xDE3D      	RCALL       _BITIRME_RAMP_VE_CRATER
;tigkynk_18f.mbas,1536 :: 		Pwm1_Stop()
0x20C0	0xF006EC5D  	CALL        _PWM1_Stop, 0
;tigkynk_18f.mbas,1537 :: 		SON_GAZ_BASLAT()
0x20C4	0xDC0E      	RCALL       _SON_GAZ_BASLAT
0x20C6	0xD002      	BRA         L__KAYNAK_BITIR_SEKANS673
;tigkynk_18f.mbas,1538 :: 		else
L__KAYNAK_BITIR_SEKANS672:
;tigkynk_18f.mbas,1539 :: 		HF = 0
0x20C8	0x9484      	BCF         PORTE, 2 
;tigkynk_18f.mbas,1540 :: 		GAS = 0
0x20CA	0x9284      	BCF         PORTE, 1 
;tigkynk_18f.mbas,1541 :: 		end if
L__KAYNAK_BITIR_SEKANS673:
0x20CC	0x0100      	MOVLB       0
;tigkynk_18f.mbas,1543 :: 		ark_var = 0
0x20CE	0x6A53      	CLRF        _ark_var 
;tigkynk_18f.mbas,1544 :: 		ark_say = 0
0x20D0	0x6B71      	CLRF        _ark_say, 1
;tigkynk_18f.mbas,1545 :: 		kaynak_basladi = 0
0x20D2	0x6A4D      	CLRF        _kaynak_basladi 
;tigkynk_18f.mbas,1546 :: 		kaynak_izin = 0
0x20D4	0x6A4E      	CLRF        _kaynak_izin 
;tigkynk_18f.mbas,1547 :: 		PID_SIFIRLA()
0x20D6	0xF00BECAA  	CALL        _PID_SIFIRLA, 0
;tigkynk_18f.mbas,1548 :: 		end sub
L_end_KAYNAK_BITIR_SEKANS:
0x20DA	0x0012      	RETURN      0
; end of _KAYNAK_BITIR_SEKANS
_KAYNAK_BASLAT_SEKANS:
;tigkynk_18f.mbas,1576 :: 		dim t as byte
;tigkynk_18f.mbas,1578 :: 		PID_SIFIRLA()
0x20E0	0xF00BECAA  	CALL        _PID_SIFIRLA, 0
;tigkynk_18f.mbas,1579 :: 		kisa_devre_say = 0
0x20E4	0x6A59      	CLRF        _kisa_devre_say 
0x20E6	0x6A5A      	CLRF        _kisa_devre_say+1 
;tigkynk_18f.mbas,1580 :: 		anti_stick_aktif = 0
0x20E8	0x6A4F      	CLRF        _anti_stick_aktif 
;tigkynk_18f.mbas,1581 :: 		anti_stick_durum = 0
0x20EA	0x6A58      	CLRF        _anti_stick_durum 
;tigkynk_18f.mbas,1582 :: 		anti_stick_timer = 0
0x20EC	0x6A56      	CLRF        _anti_stick_timer 
0x20EE	0x6A57      	CLRF        _anti_stick_timer+1 
;tigkynk_18f.mbas,1583 :: 		kisa_devre_adc = 0
0x20F0	0x6A54      	CLRF        _kisa_devre_adc 
0x20F2	0x6A55      	CLRF        _kisa_devre_adc+1 
;tigkynk_18f.mbas,1584 :: 		pulse_timer = 0
0x20F4	0x6B6F      	CLRF        _pulse_timer, 1
0x20F6	0x6B70      	CLRF        _pulse_timer+1, 1
;tigkynk_18f.mbas,1585 :: 		pulse_state = 1
0x20F8	0x0E01      	MOVLW       1
0x20FA	0x6E5F      	MOVWF       _pulse_state 
;tigkynk_18f.mbas,1586 :: 		PULSE_HESAPLA()
0x20FC	0xF00BECC1  	CALL        _PULSE_HESAPLA, 0
;tigkynk_18f.mbas,1588 :: 		if kaynak_basladi <> 0 then
0x2100	0x504D      	MOVF        _kaynak_basladi, 0 
0x2102	0x0A00      	XORLW       0
0x2104	0xE001      	BZ          L__KAYNAK_BASLAT_SEKANS689
;tigkynk_18f.mbas,1589 :: 		exit
0x2106	0xD088      	BRA         L_end__KAYNAK_BASLAT_SEKANS
L__KAYNAK_BASLAT_SEKANS689:
;tigkynk_18f.mbas,1592 :: 		GAS = 1
0x2108	0x8284      	BSF         PORTE, 1 
;tigkynk_18f.mbas,1593 :: 		ark_var = 0
0x210A	0x6A53      	CLRF        _ark_var 
;tigkynk_18f.mbas,1594 :: 		ark_say = 0
0x210C	0x0100      	MOVLB       0
0x210E	0x6B71      	CLRF        _ark_say, 1
;tigkynk_18f.mbas,1595 :: 		lift_temas_var = 0
0x2110	0x6A52      	CLRF        _lift_temas_var 
;tigkynk_18f.mbas,1597 :: 		if set1_value > 0 then
0x2112	0x501D      	MOVF        _set1_value, 0 
0x2114	0x0800      	SUBLW       0
0x2116	0xE22E      	BC          L__KAYNAK_BASLAT_SEKANS692
;tigkynk_18f.mbas,1598 :: 		for pg_say = 1 to set1_value
0x2118	0x0E01      	MOVLW       1
0x211A	0x6F76      	MOVWF       KAYNAK_BASLAT_SEKANS_pg_say, 1
L__KAYNAK_BASLAT_SEKANS694:
0x211C	0x5176      	MOVF        KAYNAK_BASLAT_SEKANS_pg_say, 0, 1
0x211E	0x5C1D      	SUBWF       _set1_value, 0 
0x2120	0xE329      	BNC         L__KAYNAK_BASLAT_SEKANS698
;tigkynk_18f.mbas,1599 :: 		for t = 1 to 100
0x2122	0x0E01      	MOVLW       1
0x2124	0x6F77      	MOVWF       KAYNAK_BASLAT_SEKANS_t, 1
L__KAYNAK_BASLAT_SEKANS700:
;tigkynk_18f.mbas,1600 :: 		Delay_ms(10)
0x2126	0x0E34      	MOVLW       52
0x2128	0x6E0C      	MOVWF       R12, 0
0x212A	0x0EF1      	MOVLW       241
0x212C	0x6E0D      	MOVWF       R13, 0
L__KAYNAK_BASLAT_SEKANS704:
0x212E	0x2E0D      	DECFSZ      R13, 1, 0
0x2130	0xD7FE      	BRA         L__KAYNAK_BASLAT_SEKANS704
0x2132	0x2E0C      	DECFSZ      R12, 1, 0
0x2134	0xD7FC      	BRA         L__KAYNAK_BASLAT_SEKANS704
0x2136	0x0000      	NOP
0x2138	0x0000      	NOP
;tigkynk_18f.mbas,1602 :: 		if BASLATMA_VEYA_BLOK_IPTAL_VAR_MI() = 1 then
0x213A	0xF005EC8A  	CALL        _BASLATMA_VEYA_BLOK_IPTAL_VAR_MI, 0
0x213E	0x5000      	MOVF        R0, 0 
0x2140	0x0A01      	XORLW       1
0x2142	0xE10D      	BNZ         L__KAYNAK_BASLAT_SEKANS706
;tigkynk_18f.mbas,1603 :: 		GAS = 0
0x2144	0x9284      	BCF         PORTE, 1 
;tigkynk_18f.mbas,1604 :: 		HF = 0
0x2146	0x9484      	BCF         PORTE, 2 
;tigkynk_18f.mbas,1605 :: 		ark_var = 0
0x2148	0x6A53      	CLRF        _ark_var 
;tigkynk_18f.mbas,1606 :: 		ark_say = 0
0x214A	0x6B71      	CLRF        _ark_say, 1
;tigkynk_18f.mbas,1607 :: 		Pwm1_Set_Duty(0)
0x214C	0x6B9B      	CLRF        FARG_PWM1_Set_Duty_new_duty, 1
0x214E	0xF006EC24  	CALL        _PWM1_Set_Duty, 0
;tigkynk_18f.mbas,1608 :: 		pid_cikis = 0
0x2152	0x6A44      	CLRF        _pid_cikis 
0x2154	0x6A45      	CLRF        _pid_cikis+1 
;tigkynk_18f.mbas,1609 :: 		Pwm1_Stop()
0x2156	0xF006EC5D  	CALL        _PWM1_Stop, 0
;tigkynk_18f.mbas,1610 :: 		kaynak_basladi = 0
0x215A	0x6A4D      	CLRF        _kaynak_basladi 
;tigkynk_18f.mbas,1611 :: 		exit
0x215C	0xD05D      	BRA         L_end__KAYNAK_BASLAT_SEKANS
L__KAYNAK_BASLAT_SEKANS706:
;tigkynk_18f.mbas,1613 :: 		next t
0x215E	0x0100      	MOVLB       0
0x2160	0x5177      	MOVF        KAYNAK_BASLAT_SEKANS_t, 0, 1
0x2162	0x0A64      	XORLW       100
0x2164	0xE002      	BZ          L__KAYNAK_BASLAT_SEKANS703
0x2166	0x2B77      	INCF        KAYNAK_BASLAT_SEKANS_t, 1, 1
0x2168	0xD7DE      	BRA         L__KAYNAK_BASLAT_SEKANS700
L__KAYNAK_BASLAT_SEKANS703:
;tigkynk_18f.mbas,1614 :: 		next pg_say
0x216A	0x5176      	MOVF        KAYNAK_BASLAT_SEKANS_pg_say, 0, 1
0x216C	0x181D      	XORWF       _set1_value, 0 
0x216E	0xE002      	BZ          L__KAYNAK_BASLAT_SEKANS698
0x2170	0x2B76      	INCF        KAYNAK_BASLAT_SEKANS_pg_say, 1, 1
0x2172	0xD7D4      	BRA         L__KAYNAK_BASLAT_SEKANS694
L__KAYNAK_BASLAT_SEKANS698:
L__KAYNAK_BASLAT_SEKANS692:
;tigkynk_18f.mbas,1617 :: 		if kaynak_izin = 0 then
0x2174	0x504E      	MOVF        _kaynak_izin, 0 
0x2176	0x0A00      	XORLW       0
0x2178	0xE10B      	BNZ         L__KAYNAK_BASLAT_SEKANS709
;tigkynk_18f.mbas,1618 :: 		GAS = 0
0x217A	0x9284      	BCF         PORTE, 1 
;tigkynk_18f.mbas,1619 :: 		HF = 0
0x217C	0x9484      	BCF         PORTE, 2 
;tigkynk_18f.mbas,1620 :: 		Pwm1_Set_Duty(0)
0x217E	0x6B9B      	CLRF        FARG_PWM1_Set_Duty_new_duty, 1
0x2180	0xF006EC24  	CALL        _PWM1_Set_Duty, 0
;tigkynk_18f.mbas,1621 :: 		pid_cikis = 0
0x2184	0x6A44      	CLRF        _pid_cikis 
0x2186	0x6A45      	CLRF        _pid_cikis+1 
;tigkynk_18f.mbas,1622 :: 		Pwm1_Stop()
0x2188	0xF006EC5D  	CALL        _PWM1_Stop, 0
;tigkynk_18f.mbas,1623 :: 		kaynak_basladi = 0
0x218C	0x6A4D      	CLRF        _kaynak_basladi 
;tigkynk_18f.mbas,1624 :: 		exit
0x218E	0xD044      	BRA         L_end__KAYNAK_BASLAT_SEKANS
L__KAYNAK_BASLAT_SEKANS709:
;tigkynk_18f.mbas,1627 :: 		Pwm1_Start()
0x2190	0xDC71      	RCALL       _PWM1_Start
;tigkynk_18f.mbas,1633 :: 		if KISA_DEVRE_VAR_MI() = 1 then
0x2192	0xF00AEC7A  	CALL        _KISA_DEVRE_VAR_MI, 0
0x2196	0x5000      	MOVF        R0, 0 
0x2198	0x0A01      	XORLW       1
0x219A	0xE10F      	BNZ         L__KAYNAK_BASLAT_SEKANS712
;tigkynk_18f.mbas,1634 :: 		HF = 0
0x219C	0x9484      	BCF         PORTE, 2 
;tigkynk_18f.mbas,1635 :: 		Pwm1_Set_Duty(0)
0x219E	0x6B9B      	CLRF        FARG_PWM1_Set_Duty_new_duty, 1
0x21A0	0xF006EC24  	CALL        _PWM1_Set_Duty, 0
;tigkynk_18f.mbas,1636 :: 		pid_cikis = 0
0x21A4	0x6A44      	CLRF        _pid_cikis 
0x21A6	0x6A45      	CLRF        _pid_cikis+1 
;tigkynk_18f.mbas,1637 :: 		Pwm1_Stop()
0x21A8	0xF006EC5D  	CALL        _PWM1_Stop, 0
;tigkynk_18f.mbas,1638 :: 		GAS = 0
0x21AC	0x9284      	BCF         PORTE, 1 
;tigkynk_18f.mbas,1639 :: 		ark_var = 0
0x21AE	0x6A53      	CLRF        _ark_var 
;tigkynk_18f.mbas,1640 :: 		ark_say = 0
0x21B0	0x0100      	MOVLB       0
0x21B2	0x6B71      	CLRF        _ark_say, 1
;tigkynk_18f.mbas,1641 :: 		kaynak_basladi = 0
0x21B4	0x6A4D      	CLRF        _kaynak_basladi 
;tigkynk_18f.mbas,1642 :: 		kaynak_izin = 0
0x21B6	0x6A4E      	CLRF        _kaynak_izin 
;tigkynk_18f.mbas,1643 :: 		exit
0x21B8	0xD02F      	BRA         L_end__KAYNAK_BASLAT_SEKANS
L__KAYNAK_BASLAT_SEKANS712:
;tigkynk_18f.mbas,1646 :: 		if HFTIG = 0 then
0x21BA	0xB280      	BTFSC       PORTA, 1 
0x21BC	0xD00F      	BRA         L__KAYNAK_BASLAT_SEKANS715
;tigkynk_18f.mbas,1647 :: 		HF = 1
0x21BE	0x8484      	BSF         PORTE, 2 
;tigkynk_18f.mbas,1648 :: 		Delay_ms(100)
0x21C0	0x0E03      	MOVLW       3
0x21C2	0x6E0B      	MOVWF       R11, 0
0x21C4	0x0E08      	MOVLW       8
0x21C6	0x6E0C      	MOVWF       R12, 0
0x21C8	0x0E77      	MOVLW       119
0x21CA	0x6E0D      	MOVWF       R13, 0
L__KAYNAK_BASLAT_SEKANS717:
0x21CC	0x2E0D      	DECFSZ      R13, 1, 0
0x21CE	0xD7FE      	BRA         L__KAYNAK_BASLAT_SEKANS717
0x21D0	0x2E0C      	DECFSZ      R12, 1, 0
0x21D2	0xD7FC      	BRA         L__KAYNAK_BASLAT_SEKANS717
0x21D4	0x2E0B      	DECFSZ      R11, 1, 0
0x21D6	0xD7FA      	BRA         L__KAYNAK_BASLAT_SEKANS717
;tigkynk_18f.mbas,1649 :: 		ARK_BEKLE_VE_RAMP_BASLAT()
0x21D8	0xDE02      	RCALL       _ARK_BEKLE_VE_RAMP_BASLAT
0x21DA	0xD003      	BRA         L__KAYNAK_BASLAT_SEKANS716
;tigkynk_18f.mbas,1650 :: 		else
L__KAYNAK_BASLAT_SEKANS715:
;tigkynk_18f.mbas,1651 :: 		HF = 0
0x21DC	0x9484      	BCF         PORTE, 2 
;tigkynk_18f.mbas,1652 :: 		LIFT_TIG_BEKLE_VE_RAMP_BASLAT()
0x21DE	0xF00AEC8B  	CALL        _LIFT_TIG_BEKLE_VE_RAMP_BASLAT, 0
;tigkynk_18f.mbas,1653 :: 		end if
L__KAYNAK_BASLAT_SEKANS716:
;tigkynk_18f.mbas,1655 :: 		if (kaynak_izin = 1) and (ark_var = 1) then
0x21E2	0x504E      	MOVF        _kaynak_izin, 0 
0x21E4	0x0A01      	XORLW       1
0x21E6	0x0EFF      	MOVLW       255
0x21E8	0xA4D8      	BTFSS       STATUS, 2 
0x21EA	0x0E00      	MOVLW       0
0x21EC	0x6E01      	MOVWF       R1 
0x21EE	0x5053      	MOVF        _ark_var, 0 
0x21F0	0x0A01      	XORLW       1
0x21F2	0x0EFF      	MOVLW       255
0x21F4	0xA4D8      	BTFSS       STATUS, 2 
0x21F6	0x0E00      	MOVLW       0
0x21F8	0x6E00      	MOVWF       R0 
0x21FA	0x5001      	MOVF        R1, 0 
0x21FC	0x1600      	ANDWF       R0, 1 
0x21FE	0xE003      	BZ          L__KAYNAK_BASLAT_SEKANS719
;tigkynk_18f.mbas,1656 :: 		kaynak_basladi = 1
0x2200	0x0E01      	MOVLW       1
0x2202	0x6E4D      	MOVWF       _kaynak_basladi 
0x2204	0xD009      	BRA         L__KAYNAK_BASLAT_SEKANS720
;tigkynk_18f.mbas,1657 :: 		else
L__KAYNAK_BASLAT_SEKANS719:
;tigkynk_18f.mbas,1658 :: 		Pwm1_Stop()
0x2206	0xF006EC5D  	CALL        _PWM1_Stop, 0
;tigkynk_18f.mbas,1659 :: 		HF = 0
0x220A	0x9484      	BCF         PORTE, 2 
;tigkynk_18f.mbas,1660 :: 		GAS = 0
0x220C	0x9284      	BCF         PORTE, 1 
;tigkynk_18f.mbas,1661 :: 		ark_var = 0
0x220E	0x6A53      	CLRF        _ark_var 
;tigkynk_18f.mbas,1662 :: 		ark_say = 0
0x2210	0x0100      	MOVLB       0
0x2212	0x6B71      	CLRF        _ark_say, 1
;tigkynk_18f.mbas,1663 :: 		kaynak_basladi = 0
0x2214	0x6A4D      	CLRF        _kaynak_basladi 
;tigkynk_18f.mbas,1664 :: 		kaynak_izin = 0
0x2216	0x6A4E      	CLRF        _kaynak_izin 
;tigkynk_18f.mbas,1665 :: 		end if
L__KAYNAK_BASLAT_SEKANS720:
;tigkynk_18f.mbas,1666 :: 		end sub
L_end__KAYNAK_BASLAT_SEKANS:
L_end_KAYNAK_BASLAT_SEKANS:
0x2218	0x0012      	RETURN      0
; end of _KAYNAK_BASLAT_SEKANS
_Parametre_Flag_Aktif:
;tigkynk_18f.mbas,349 :: 		sub procedure Parametre_Flag_Aktif(dim p as byte)
;tigkynk_18f.mbas,350 :: 		Tum_Set_Flaglarini_Sifirla()
0x221E	0xF00CECA8  	CALL        _Tum_Set_Flaglarini_Sifirla, 0
;tigkynk_18f.mbas,353 :: 		case 1
0x2222	0x0100      	MOVLB       0
0x2224	0x5176      	MOVF        FARG_Parametre_Flag_Aktif_p, 0, 1
0x2226	0x0A01      	XORLW       1
0x2228	0xE103      	BNZ         L__Parametre_Flag_Aktif116
;tigkynk_18f.mbas,354 :: 		set1 = 1
0x222A	0x0E01      	MOVLW       1
0x222C	0x6E2C      	MOVWF       _set1 
0x222E	0xD02A      	BRA         L__Parametre_Flag_Aktif113
L__Parametre_Flag_Aktif116:
;tigkynk_18f.mbas,355 :: 		case 2
0x2230	0x5176      	MOVF        FARG_Parametre_Flag_Aktif_p, 0, 1
0x2232	0x0A02      	XORLW       2
0x2234	0xE103      	BNZ         L__Parametre_Flag_Aktif119
;tigkynk_18f.mbas,356 :: 		set2 = 1
0x2236	0x0E01      	MOVLW       1
0x2238	0x6E29      	MOVWF       _set2 
0x223A	0xD024      	BRA         L__Parametre_Flag_Aktif113
L__Parametre_Flag_Aktif119:
;tigkynk_18f.mbas,357 :: 		case 3
0x223C	0x5176      	MOVF        FARG_Parametre_Flag_Aktif_p, 0, 1
0x223E	0x0A03      	XORLW       3
0x2240	0xE103      	BNZ         L__Parametre_Flag_Aktif122
;tigkynk_18f.mbas,358 :: 		set3 = 1
0x2242	0x0E01      	MOVLW       1
0x2244	0x6E2A      	MOVWF       _set3 
0x2246	0xD01E      	BRA         L__Parametre_Flag_Aktif113
L__Parametre_Flag_Aktif122:
;tigkynk_18f.mbas,359 :: 		case 4
0x2248	0x5176      	MOVF        FARG_Parametre_Flag_Aktif_p, 0, 1
0x224A	0x0A04      	XORLW       4
0x224C	0xE103      	BNZ         L__Parametre_Flag_Aktif125
;tigkynk_18f.mbas,360 :: 		set4 = 1
0x224E	0x0E01      	MOVLW       1
0x2250	0x6E2F      	MOVWF       _set4 
0x2252	0xD018      	BRA         L__Parametre_Flag_Aktif113
L__Parametre_Flag_Aktif125:
;tigkynk_18f.mbas,361 :: 		case 5
0x2254	0x5176      	MOVF        FARG_Parametre_Flag_Aktif_p, 0, 1
0x2256	0x0A05      	XORLW       5
0x2258	0xE103      	BNZ         L__Parametre_Flag_Aktif128
;tigkynk_18f.mbas,362 :: 		set5 = 1
0x225A	0x0E01      	MOVLW       1
0x225C	0x6E30      	MOVWF       _set5 
0x225E	0xD012      	BRA         L__Parametre_Flag_Aktif113
L__Parametre_Flag_Aktif128:
;tigkynk_18f.mbas,363 :: 		case 6
0x2260	0x5176      	MOVF        FARG_Parametre_Flag_Aktif_p, 0, 1
0x2262	0x0A06      	XORLW       6
0x2264	0xE103      	BNZ         L__Parametre_Flag_Aktif131
;tigkynk_18f.mbas,364 :: 		set6 = 1
0x2266	0x0E01      	MOVLW       1
0x2268	0x6E2D      	MOVWF       _set6 
0x226A	0xD00C      	BRA         L__Parametre_Flag_Aktif113
L__Parametre_Flag_Aktif131:
;tigkynk_18f.mbas,365 :: 		case 7
0x226C	0x5176      	MOVF        FARG_Parametre_Flag_Aktif_p, 0, 1
0x226E	0x0A07      	XORLW       7
0x2270	0xE103      	BNZ         L__Parametre_Flag_Aktif134
;tigkynk_18f.mbas,366 :: 		set7 = 1
0x2272	0x0E01      	MOVLW       1
0x2274	0x6E2E      	MOVWF       _set7 
0x2276	0xD006      	BRA         L__Parametre_Flag_Aktif113
L__Parametre_Flag_Aktif134:
;tigkynk_18f.mbas,367 :: 		case 8
0x2278	0x5176      	MOVF        FARG_Parametre_Flag_Aktif_p, 0, 1
0x227A	0x0A08      	XORLW       8
0x227C	0xE103      	BNZ         L__Parametre_Flag_Aktif137
;tigkynk_18f.mbas,368 :: 		set8 = 1
0x227E	0x0E01      	MOVLW       1
0x2280	0x6E28      	MOVWF       _set8 
0x2282	0xD000      	BRA         L__Parametre_Flag_Aktif113
L__Parametre_Flag_Aktif137:
L__Parametre_Flag_Aktif113:
;tigkynk_18f.mbas,370 :: 		end sub
L_end_Parametre_Flag_Aktif:
0x2284	0x0012      	RETURN      0
; end of _Parametre_Flag_Aktif
_hesapla:
;tigkynk_18f.mbas,311 :: 		dim DGT3, DGT2, DGT1 as byte
;tigkynk_18f.mbas,313 :: 		DGT3 = (num / 100) mod 10
0x2286	0x0E64      	MOVLW       100
0x2288	0x6E04      	MOVWF       R4 
0x228A	0x0E00      	MOVLW       0
0x228C	0x6E05      	MOVWF       R5 
0x228E	0xF000C076  	MOVFF       FARG_hesapla_num, R0
0x2292	0xF001C077  	MOVFF       FARG_hesapla_num+1, R1
0x2296	0xF006EC61  	CALL        _Div_16x16_S, 0
0x229A	0x0E0A      	MOVLW       10
0x229C	0x6E04      	MOVWF       R4 
0x229E	0x0E00      	MOVLW       0
0x22A0	0x6E05      	MOVWF       R5 
0x22A2	0xF006EC61  	CALL        _Div_16x16_S, 0
0x22A6	0xF000C008  	MOVFF       R8, R0
0x22AA	0xF001C009  	MOVFF       R9, R1
0x22AE	0xF078C000  	MOVFF       R0, hesapla_DGT3
;tigkynk_18f.mbas,314 :: 		DGT3 = mask(DGT3)
0x22B2	0xF07AC000  	MOVFF       R0, FARG_mask_num
0x22B6	0xF00CEC11  	CALL        _mask, 0
0x22BA	0xF078C000  	MOVFF       R0, hesapla_DGT3
;tigkynk_18f.mbas,316 :: 		DGT2 = (num / 10) mod 10
0x22BE	0x0E0A      	MOVLW       10
0x22C0	0x6E04      	MOVWF       R4 
0x22C2	0x0E00      	MOVLW       0
0x22C4	0x6E05      	MOVWF       R5 
0x22C6	0xF000C076  	MOVFF       FARG_hesapla_num, R0
0x22CA	0xF001C077  	MOVFF       FARG_hesapla_num+1, R1
0x22CE	0xF006EC61  	CALL        _Div_16x16_S, 0
0x22D2	0x0E0A      	MOVLW       10
0x22D4	0x6E04      	MOVWF       R4 
0x22D6	0x0E00      	MOVLW       0
0x22D8	0x6E05      	MOVWF       R5 
0x22DA	0xF006EC61  	CALL        _Div_16x16_S, 0
0x22DE	0xF000C008  	MOVFF       R8, R0
0x22E2	0xF001C009  	MOVFF       R9, R1
0x22E6	0xF079C000  	MOVFF       R0, hesapla_DGT2
;tigkynk_18f.mbas,317 :: 		DGT2 = mask(DGT2)
0x22EA	0xF07AC000  	MOVFF       R0, FARG_mask_num
0x22EE	0xF00CEC11  	CALL        _mask, 0
0x22F2	0xF079C000  	MOVFF       R0, hesapla_DGT2
;tigkynk_18f.mbas,319 :: 		DGT1 = num mod 10
0x22F6	0x0E0A      	MOVLW       10
0x22F8	0x6E04      	MOVWF       R4 
0x22FA	0x0E00      	MOVLW       0
0x22FC	0x6E05      	MOVWF       R5 
0x22FE	0xF000C076  	MOVFF       FARG_hesapla_num, R0
0x2302	0xF001C077  	MOVFF       FARG_hesapla_num+1, R1
0x2306	0xF006EC61  	CALL        _Div_16x16_S, 0
0x230A	0xF000C008  	MOVFF       R8, R0
0x230E	0xF001C009  	MOVFF       R9, R1
;tigkynk_18f.mbas,320 :: 		DGT1 = mask(DGT1)
0x2312	0xF07AC000  	MOVFF       R0, FARG_mask_num
0x2316	0xF00CEC11  	CALL        _mask, 0
;tigkynk_18f.mbas,322 :: 		MAX7219_Send($01, DGT1)
0x231A	0x0E01      	MOVLW       1
0x231C	0x6F7A      	MOVWF       FARG_MAX7219_Send_address, 1
0x231E	0xF07BC000  	MOVFF       R0, FARG_MAX7219_Send_value
0x2322	0xF00CEC95  	CALL        _MAX7219_Send, 0
;tigkynk_18f.mbas,323 :: 		MAX7219_Send($02, DGT2)
0x2326	0x0E02      	MOVLW       2
0x2328	0x0100      	MOVLB       0
0x232A	0x6F7A      	MOVWF       FARG_MAX7219_Send_address, 1
0x232C	0xF07BC079  	MOVFF       hesapla_DGT2, FARG_MAX7219_Send_value
0x2330	0xF00CEC95  	CALL        _MAX7219_Send, 0
;tigkynk_18f.mbas,324 :: 		MAX7219_Send($03, DGT3)
0x2334	0x0E03      	MOVLW       3
0x2336	0x0100      	MOVLB       0
0x2338	0x6F7A      	MOVWF       FARG_MAX7219_Send_address, 1
0x233A	0xF07BC078  	MOVFF       hesapla_DGT3, FARG_MAX7219_Send_value
0x233E	0xF00CEC95  	CALL        _MAX7219_Send, 0
;tigkynk_18f.mbas,325 :: 		end sub
L_end_hesapla:
0x2342	0x0012      	RETURN      0
; end of _hesapla
_EEPROM_Kaydet:
;tigkynk_18f.mbas,452 :: 		sub procedure EEPROM_Kaydet()
;tigkynk_18f.mbas,453 :: 		EEPROM_Write($01, set1_value)
0x2344	0x0E01      	MOVLW       1
0x2346	0x0100      	MOVLB       0
0x2348	0x6F7A      	MOVWF       FARG_Eeprom_Write_address, 1
0x234A	0x0E00      	MOVLW       0
0x234C	0x6F7B      	MOVWF       FARG_Eeprom_Write_address+1, 1
0x234E	0xF07CC01D  	MOVFF       _set1_value, FARG_Eeprom_Write_data_
0x2352	0xF00CEC52  	CALL        _Eeprom_Write, 0
;tigkynk_18f.mbas,454 :: 		Delay_ms(20)
0x2356	0x0E68      	MOVLW       104
0x2358	0x6E0C      	MOVWF       R12, 0
0x235A	0x0EE4      	MOVLW       228
0x235C	0x6E0D      	MOVWF       R13, 0
L__EEPROM_Kaydet189:
0x235E	0x2E0D      	DECFSZ      R13, 1, 0
0x2360	0xD7FE      	BRA         L__EEPROM_Kaydet189
0x2362	0x2E0C      	DECFSZ      R12, 1, 0
0x2364	0xD7FC      	BRA         L__EEPROM_Kaydet189
0x2366	0x0000      	NOP
;tigkynk_18f.mbas,455 :: 		EEPROM_Write($02, set2_value)
0x2368	0x0E02      	MOVLW       2
0x236A	0x0100      	MOVLB       0
0x236C	0x6F7A      	MOVWF       FARG_Eeprom_Write_address, 1
0x236E	0x0E00      	MOVLW       0
0x2370	0x6F7B      	MOVWF       FARG_Eeprom_Write_address+1, 1
0x2372	0xF07CC05D  	MOVFF       _set2_value, FARG_Eeprom_Write_data_
0x2376	0xF00CEC52  	CALL        _Eeprom_Write, 0
;tigkynk_18f.mbas,456 :: 		Delay_ms(20)
0x237A	0x0E68      	MOVLW       104
0x237C	0x6E0C      	MOVWF       R12, 0
0x237E	0x0EE4      	MOVLW       228
0x2380	0x6E0D      	MOVWF       R13, 0
L__EEPROM_Kaydet190:
0x2382	0x2E0D      	DECFSZ      R13, 1, 0
0x2384	0xD7FE      	BRA         L__EEPROM_Kaydet190
0x2386	0x2E0C      	DECFSZ      R12, 1, 0
0x2388	0xD7FC      	BRA         L__EEPROM_Kaydet190
0x238A	0x0000      	NOP
;tigkynk_18f.mbas,457 :: 		EEPROM_Write($03, set3_value)
0x238C	0x0E03      	MOVLW       3
0x238E	0x0100      	MOVLB       0
0x2390	0x6F7A      	MOVWF       FARG_Eeprom_Write_address, 1
0x2392	0x0E00      	MOVLW       0
0x2394	0x6F7B      	MOVWF       FARG_Eeprom_Write_address+1, 1
0x2396	0xF07CC05E  	MOVFF       _set3_value, FARG_Eeprom_Write_data_
0x239A	0xF00CEC52  	CALL        _Eeprom_Write, 0
;tigkynk_18f.mbas,458 :: 		Delay_ms(20)
0x239E	0x0E68      	MOVLW       104
0x23A0	0x6E0C      	MOVWF       R12, 0
0x23A2	0x0EE4      	MOVLW       228
0x23A4	0x6E0D      	MOVWF       R13, 0
L__EEPROM_Kaydet191:
0x23A6	0x2E0D      	DECFSZ      R13, 1, 0
0x23A8	0xD7FE      	BRA         L__EEPROM_Kaydet191
0x23AA	0x2E0C      	DECFSZ      R12, 1, 0
0x23AC	0xD7FC      	BRA         L__EEPROM_Kaydet191
0x23AE	0x0000      	NOP
;tigkynk_18f.mbas,459 :: 		EEPROM_Write($04, set4_value)
0x23B0	0x0E04      	MOVLW       4
0x23B2	0x0100      	MOVLB       0
0x23B4	0x6F7A      	MOVWF       FARG_Eeprom_Write_address, 1
0x23B6	0x0E00      	MOVLW       0
0x23B8	0x6F7B      	MOVWF       FARG_Eeprom_Write_address+1, 1
0x23BA	0xF07CC065  	MOVFF       _set4_value, FARG_Eeprom_Write_data_
0x23BE	0xF00CEC52  	CALL        _Eeprom_Write, 0
;tigkynk_18f.mbas,460 :: 		Delay_ms(20)
0x23C2	0x0E68      	MOVLW       104
0x23C4	0x6E0C      	MOVWF       R12, 0
0x23C6	0x0EE4      	MOVLW       228
0x23C8	0x6E0D      	MOVWF       R13, 0
L__EEPROM_Kaydet192:
0x23CA	0x2E0D      	DECFSZ      R13, 1, 0
0x23CC	0xD7FE      	BRA         L__EEPROM_Kaydet192
0x23CE	0x2E0C      	DECFSZ      R12, 1, 0
0x23D0	0xD7FC      	BRA         L__EEPROM_Kaydet192
0x23D2	0x0000      	NOP
;tigkynk_18f.mbas,461 :: 		EEPROM_Write($05, set5_value)
0x23D4	0x0E05      	MOVLW       5
0x23D6	0x0100      	MOVLB       0
0x23D8	0x6F7A      	MOVWF       FARG_Eeprom_Write_address, 1
0x23DA	0x0E00      	MOVLW       0
0x23DC	0x6F7B      	MOVWF       FARG_Eeprom_Write_address+1, 1
0x23DE	0xF07CC01E  	MOVFF       _set5_value, FARG_Eeprom_Write_data_
0x23E2	0xF00CEC52  	CALL        _Eeprom_Write, 0
;tigkynk_18f.mbas,462 :: 		Delay_ms(20)
0x23E6	0x0E68      	MOVLW       104
0x23E8	0x6E0C      	MOVWF       R12, 0
0x23EA	0x0EE4      	MOVLW       228
0x23EC	0x6E0D      	MOVWF       R13, 0
L__EEPROM_Kaydet193:
0x23EE	0x2E0D      	DECFSZ      R13, 1, 0
0x23F0	0xD7FE      	BRA         L__EEPROM_Kaydet193
0x23F2	0x2E0C      	DECFSZ      R12, 1, 0
0x23F4	0xD7FC      	BRA         L__EEPROM_Kaydet193
0x23F6	0x0000      	NOP
;tigkynk_18f.mbas,463 :: 		EEPROM_Write($06, set6_value)
0x23F8	0x0E06      	MOVLW       6
0x23FA	0x0100      	MOVLB       0
0x23FC	0x6F7A      	MOVWF       FARG_Eeprom_Write_address, 1
0x23FE	0x0E00      	MOVLW       0
0x2400	0x6F7B      	MOVWF       FARG_Eeprom_Write_address+1, 1
0x2402	0xF07CC02B  	MOVFF       _set6_value, FARG_Eeprom_Write_data_
0x2406	0xF00CEC52  	CALL        _Eeprom_Write, 0
;tigkynk_18f.mbas,464 :: 		Delay_ms(20)
0x240A	0x0E68      	MOVLW       104
0x240C	0x6E0C      	MOVWF       R12, 0
0x240E	0x0EE4      	MOVLW       228
0x2410	0x6E0D      	MOVWF       R13, 0
L__EEPROM_Kaydet194:
0x2412	0x2E0D      	DECFSZ      R13, 1, 0
0x2414	0xD7FE      	BRA         L__EEPROM_Kaydet194
0x2416	0x2E0C      	DECFSZ      R12, 1, 0
0x2418	0xD7FC      	BRA         L__EEPROM_Kaydet194
0x241A	0x0000      	NOP
;tigkynk_18f.mbas,465 :: 		EEPROM_Write($07, set7_value)
0x241C	0x0E07      	MOVLW       7
0x241E	0x0100      	MOVLB       0
0x2420	0x6F7A      	MOVWF       FARG_Eeprom_Write_address, 1
0x2422	0x0E00      	MOVLW       0
0x2424	0x6F7B      	MOVWF       FARG_Eeprom_Write_address+1, 1
0x2426	0xF07CC018  	MOVFF       _set7_value, FARG_Eeprom_Write_data_
0x242A	0xF00CEC52  	CALL        _Eeprom_Write, 0
;tigkynk_18f.mbas,466 :: 		Delay_ms(20)
0x242E	0x0E68      	MOVLW       104
0x2430	0x6E0C      	MOVWF       R12, 0
0x2432	0x0EE4      	MOVLW       228
0x2434	0x6E0D      	MOVWF       R13, 0
L__EEPROM_Kaydet195:
0x2436	0x2E0D      	DECFSZ      R13, 1, 0
0x2438	0xD7FE      	BRA         L__EEPROM_Kaydet195
0x243A	0x2E0C      	DECFSZ      R12, 1, 0
0x243C	0xD7FC      	BRA         L__EEPROM_Kaydet195
0x243E	0x0000      	NOP
;tigkynk_18f.mbas,467 :: 		EEPROM_Write($08, set8_value)
0x2440	0x0E08      	MOVLW       8
0x2442	0x0100      	MOVLB       0
0x2444	0x6F7A      	MOVWF       FARG_Eeprom_Write_address, 1
0x2446	0x0E00      	MOVLW       0
0x2448	0x6F7B      	MOVWF       FARG_Eeprom_Write_address+1, 1
0x244A	0xF07CC060  	MOVFF       _set8_value, FARG_Eeprom_Write_data_
0x244E	0xF00CEC52  	CALL        _Eeprom_Write, 0
;tigkynk_18f.mbas,468 :: 		Delay_ms(20)
0x2452	0x0E68      	MOVLW       104
0x2454	0x6E0C      	MOVWF       R12, 0
0x2456	0x0EE4      	MOVLW       228
0x2458	0x6E0D      	MOVWF       R13, 0
L__EEPROM_Kaydet196:
0x245A	0x2E0D      	DECFSZ      R13, 1, 0
0x245C	0xD7FE      	BRA         L__EEPROM_Kaydet196
0x245E	0x2E0C      	DECFSZ      R12, 1, 0
0x2460	0xD7FC      	BRA         L__EEPROM_Kaydet196
0x2462	0x0000      	NOP
;tigkynk_18f.mbas,469 :: 		end sub
L_end_EEPROM_Kaydet:
0x2464	0x0012      	RETURN      0
; end of _EEPROM_Kaydet
_PWM1_Init:
;__Lib_PWM_c21.mpas,15 :: 		
;__Lib_PWM_c21.mpas,17 :: 		
0x2466	0x6ABE      	CLRF        CCPR1L 
;__Lib_PWM_c21.mpas,18 :: 		
0x2468	0x98BD      	BCF         CCP1CON, 4 
;__Lib_PWM_c21.mpas,19 :: 		
0x246A	0x9ABD      	BCF         CCP1CON, 5 
;__Lib_PWM_c21.mpas,20 :: 		
L_end_PWM1_Init:
0x246C	0x0012      	RETURN      0
; end of _PWM1_Init
_SPI_Init_MAX7219:
;tigkynk_18f.mbas,294 :: 		sub procedure SPI_Init_MAX7219()
;tigkynk_18f.mbas,295 :: 		LOAD = 1
0x246E	0x8082      	BSF         PORTC, 0 
;tigkynk_18f.mbas,296 :: 		SPI1_Init()
0x2470	0xDD93      	RCALL       _SPI1_Init
;tigkynk_18f.mbas,297 :: 		end sub
L_end_SPI_Init_MAX7219:
0x2472	0x0012      	RETURN      0
; end of _SPI_Init_MAX7219
_MAX7219_Init:
;tigkynk_18f.mbas,328 :: 		sub procedure MAX7219_Init()
;tigkynk_18f.mbas,329 :: 		MAX7219_Send($0C, $01)
0x2476	0x0E0C      	MOVLW       12
0x2478	0x0100      	MOVLB       0
0x247A	0x6F7A      	MOVWF       FARG_MAX7219_Send_address, 1
0x247C	0x0E01      	MOVLW       1
0x247E	0x6F7B      	MOVWF       FARG_MAX7219_Send_value, 1
0x2480	0xF00CEC95  	CALL        _MAX7219_Send, 0
;tigkynk_18f.mbas,330 :: 		MAX7219_Send($09, $00)
0x2484	0x0E09      	MOVLW       9
0x2486	0x0100      	MOVLB       0
0x2488	0x6F7A      	MOVWF       FARG_MAX7219_Send_address, 1
0x248A	0x6B7B      	CLRF        FARG_MAX7219_Send_value, 1
0x248C	0xF00CEC95  	CALL        _MAX7219_Send, 0
;tigkynk_18f.mbas,331 :: 		MAX7219_Send($0B, $02)
0x2490	0x0E0B      	MOVLW       11
0x2492	0x0100      	MOVLB       0
0x2494	0x6F7A      	MOVWF       FARG_MAX7219_Send_address, 1
0x2496	0x0E02      	MOVLW       2
0x2498	0x6F7B      	MOVWF       FARG_MAX7219_Send_value, 1
0x249A	0xF00CEC95  	CALL        _MAX7219_Send, 0
;tigkynk_18f.mbas,332 :: 		MAX7219_Send($0A, $0F)
0x249E	0x0E0A      	MOVLW       10
0x24A0	0x0100      	MOVLB       0
0x24A2	0x6F7A      	MOVWF       FARG_MAX7219_Send_address, 1
0x24A4	0x0E0F      	MOVLW       15
0x24A6	0x6F7B      	MOVWF       FARG_MAX7219_Send_value, 1
0x24A8	0xF00CEC95  	CALL        _MAX7219_Send, 0
;tigkynk_18f.mbas,333 :: 		MAX7219_Send($0F, $00)
0x24AC	0x0E0F      	MOVLW       15
0x24AE	0x0100      	MOVLB       0
0x24B0	0x6F7A      	MOVWF       FARG_MAX7219_Send_address, 1
0x24B2	0x6B7B      	CLRF        FARG_MAX7219_Send_value, 1
0x24B4	0xF00CEC95  	CALL        _MAX7219_Send, 0
;tigkynk_18f.mbas,334 :: 		end sub
L_end_MAX7219_Init:
0x24B8	0x0012      	RETURN      0
; end of _MAX7219_Init
_TIG_BASLAT:
;tigkynk_18f.mbas,1668 :: 		sub procedure TIG_BASLAT()
;tigkynk_18f.mbas,1670 :: 		if setting_mode <> 0 then
0x24BA	0x0100      	MOVLB       0
0x24BC	0x516E      	MOVF        _setting_mode, 0, 1
0x24BE	0x0A00      	XORLW       0
0x24C0	0xE001      	BZ          L__TIG_BASLAT723
;tigkynk_18f.mbas,1671 :: 		exit
0x24C2	0xD07C      	BRA         L_end__TIG_BASLAT
L__TIG_BASLAT723:
;tigkynk_18f.mbas,1677 :: 		if ikidort = 1 then
0x24C4	0xA882      	BTFSS       PORTC, 4 
0x24C6	0xD00E      	BRA         L__TIG_BASLAT726
;tigkynk_18f.mbas,1678 :: 		if TETIK = 0 then
0x24C8	0xB084      	BTFSC       PORTE, 0 
0x24CA	0xD009      	BRA         L__TIG_BASLAT729
;tigkynk_18f.mbas,1679 :: 		kaynak_izin = 1
0x24CC	0x0E01      	MOVLW       1
0x24CE	0x6E4E      	MOVWF       _kaynak_izin 
;tigkynk_18f.mbas,1681 :: 		if kaynak_basladi = 0 then
0x24D0	0x504D      	MOVF        _kaynak_basladi, 0 
0x24D2	0x0A00      	XORLW       0
0x24D4	0xE102      	BNZ         L__TIG_BASLAT732
;tigkynk_18f.mbas,1682 :: 		KAYNAK_BASLAT_SEKANS()
0x24D6	0xDE04      	RCALL       _KAYNAK_BASLAT_SEKANS
0x24D8	0xD001      	BRA         L__TIG_BASLAT733
;tigkynk_18f.mbas,1683 :: 		else
L__TIG_BASLAT732:
;tigkynk_18f.mbas,1684 :: 		KAYNAK_SURDUR()
0x24DA	0xDD23      	RCALL       _KAYNAK_SURDUR
;tigkynk_18f.mbas,1685 :: 		end if
L__TIG_BASLAT733:
0x24DC	0xD002      	BRA         L__TIG_BASLAT730
;tigkynk_18f.mbas,1686 :: 		else
L__TIG_BASLAT729:
;tigkynk_18f.mbas,1687 :: 		kaynak_izin = 0
0x24DE	0x6A4E      	CLRF        _kaynak_izin 
;tigkynk_18f.mbas,1688 :: 		KAYNAK_BITIR_SEKANS()
0x24E0	0xDDEA      	RCALL       _KAYNAK_BITIR_SEKANS
;tigkynk_18f.mbas,1689 :: 		end if
L__TIG_BASLAT730:
0x24E2	0xD068      	BRA         L__TIG_BASLAT727
;tigkynk_18f.mbas,1691 :: 		else
L__TIG_BASLAT726:
;tigkynk_18f.mbas,1694 :: 		case 0
0x24E4	0x5039      	MOVF        _dortt_durum, 0 
0x24E6	0x0A00      	XORLW       0
0x24E8	0xE114      	BNZ         L__TIG_BASLAT737
;tigkynk_18f.mbas,1695 :: 		if (tetik_onceki = 1) and (TETIK = 0) then
0x24EA	0x5041      	MOVF        _tetik_onceki, 0 
0x24EC	0x0A01      	XORLW       1
0x24EE	0x0EFF      	MOVLW       255
0x24F0	0xA4D8      	BTFSS       STATUS, 2 
0x24F2	0x0E00      	MOVLW       0
0x24F4	0x6E01      	MOVWF       R1 
0x24F6	0xB084      	BTFSC       PORTE, 0 
0x24F8	0xD002      	BRA         L__TIG_BASLAT895
0x24FA	0x80D8      	BSF         STATUS, 0 
0x24FC	0xD001      	BRA         L__TIG_BASLAT896
L__TIG_BASLAT895:
0x24FE	0x90D8      	BCF         STATUS, 0 
L__TIG_BASLAT896:
0x2500	0x6A00      	CLRF        R0 
0x2502	0xB0D8      	BTFSC       STATUS, 0 
0x2504	0x2A00      	INCF        R0, 1 
0x2506	0x5001      	MOVF        R1, 0 
0x2508	0x1600      	ANDWF       R0, 1 
0x250A	0xE002      	BZ          L__TIG_BASLAT739
;tigkynk_18f.mbas,1696 :: 		dortt_durum = 1
0x250C	0x0E01      	MOVLW       1
0x250E	0x6E39      	MOVWF       _dortt_durum 
L__TIG_BASLAT739:
;tigkynk_18f.mbas,1697 :: 		end if
0x2510	0xD051      	BRA         L__TIG_BASLAT734
L__TIG_BASLAT737:
;tigkynk_18f.mbas,1699 :: 		case 1
0x2512	0x5039      	MOVF        _dortt_durum, 0 
0x2514	0x0A01      	XORLW       1
0x2516	0xE11D      	BNZ         L__TIG_BASLAT743
;tigkynk_18f.mbas,1700 :: 		if (tetik_onceki = 0) and (TETIK = 1) then
0x2518	0x5041      	MOVF        _tetik_onceki, 0 
0x251A	0x0A00      	XORLW       0
0x251C	0x0EFF      	MOVLW       255
0x251E	0xA4D8      	BTFSS       STATUS, 2 
0x2520	0x0E00      	MOVLW       0
0x2522	0x6E01      	MOVWF       R1 
0x2524	0xB084      	BTFSC       PORTE, 0 
0x2526	0xD002      	BRA         L__TIG_BASLAT897
0x2528	0x90D8      	BCF         STATUS, 0 
0x252A	0xD001      	BRA         L__TIG_BASLAT898
L__TIG_BASLAT897:
0x252C	0x80D8      	BSF         STATUS, 0 
L__TIG_BASLAT898:
0x252E	0x6A00      	CLRF        R0 
0x2530	0xB0D8      	BTFSC       STATUS, 0 
0x2532	0x2A00      	INCF        R0, 1 
0x2534	0x5001      	MOVF        R1, 0 
0x2536	0x1600      	ANDWF       R0, 1 
0x2538	0xE00B      	BZ          L__TIG_BASLAT745
;tigkynk_18f.mbas,1701 :: 		kaynak_izin = 1
0x253A	0x0E01      	MOVLW       1
0x253C	0x6E4E      	MOVWF       _kaynak_izin 
;tigkynk_18f.mbas,1702 :: 		KAYNAK_BASLAT_SEKANS()
0x253E	0xDDD0      	RCALL       _KAYNAK_BASLAT_SEKANS
;tigkynk_18f.mbas,1704 :: 		if kaynak_basladi = 1 then
0x2540	0x504D      	MOVF        _kaynak_basladi, 0 
0x2542	0x0A01      	XORLW       1
0x2544	0xE103      	BNZ         L__TIG_BASLAT748
;tigkynk_18f.mbas,1705 :: 		dortt_durum = 2
0x2546	0x0E02      	MOVLW       2
0x2548	0x6E39      	MOVWF       _dortt_durum 
0x254A	0xD002      	BRA         L__TIG_BASLAT749
;tigkynk_18f.mbas,1706 :: 		else
L__TIG_BASLAT748:
;tigkynk_18f.mbas,1707 :: 		dortt_durum = 0
0x254C	0x6A39      	CLRF        _dortt_durum 
;tigkynk_18f.mbas,1708 :: 		kaynak_izin = 0
0x254E	0x6A4E      	CLRF        _kaynak_izin 
;tigkynk_18f.mbas,1709 :: 		end if
L__TIG_BASLAT749:
L__TIG_BASLAT745:
;tigkynk_18f.mbas,1710 :: 		end if
0x2550	0xD031      	BRA         L__TIG_BASLAT734
L__TIG_BASLAT743:
;tigkynk_18f.mbas,1712 :: 		case 2
0x2552	0x5039      	MOVF        _dortt_durum, 0 
0x2554	0x0A02      	XORLW       2
0x2556	0xE115      	BNZ         L__TIG_BASLAT752
;tigkynk_18f.mbas,1713 :: 		KAYNAK_SURDUR()
0x2558	0xDCE4      	RCALL       _KAYNAK_SURDUR
;tigkynk_18f.mbas,1715 :: 		if (tetik_onceki = 1) and (TETIK = 0) then
0x255A	0x5041      	MOVF        _tetik_onceki, 0 
0x255C	0x0A01      	XORLW       1
0x255E	0x0EFF      	MOVLW       255
0x2560	0xA4D8      	BTFSS       STATUS, 2 
0x2562	0x0E00      	MOVLW       0
0x2564	0x6E01      	MOVWF       R1 
0x2566	0xB084      	BTFSC       PORTE, 0 
0x2568	0xD002      	BRA         L__TIG_BASLAT899
0x256A	0x80D8      	BSF         STATUS, 0 
0x256C	0xD001      	BRA         L__TIG_BASLAT900
L__TIG_BASLAT899:
0x256E	0x90D8      	BCF         STATUS, 0 
L__TIG_BASLAT900:
0x2570	0x6A00      	CLRF        R0 
0x2572	0xB0D8      	BTFSC       STATUS, 0 
0x2574	0x2A00      	INCF        R0, 1 
0x2576	0x5001      	MOVF        R1, 0 
0x2578	0x1600      	ANDWF       R0, 1 
0x257A	0xE002      	BZ          L__TIG_BASLAT754
;tigkynk_18f.mbas,1716 :: 		dortt_durum = 3
0x257C	0x0E03      	MOVLW       3
0x257E	0x6E39      	MOVWF       _dortt_durum 
L__TIG_BASLAT754:
;tigkynk_18f.mbas,1717 :: 		end if
0x2580	0xD019      	BRA         L__TIG_BASLAT734
L__TIG_BASLAT752:
;tigkynk_18f.mbas,1719 :: 		case 3
0x2582	0x5039      	MOVF        _dortt_durum, 0 
0x2584	0x0A03      	XORLW       3
0x2586	0xE116      	BNZ         L__TIG_BASLAT758
;tigkynk_18f.mbas,1720 :: 		KAYNAK_SURDUR()
0x2588	0xDCCC      	RCALL       _KAYNAK_SURDUR
;tigkynk_18f.mbas,1722 :: 		if (tetik_onceki = 0) and (TETIK = 1) then
0x258A	0x5041      	MOVF        _tetik_onceki, 0 
0x258C	0x0A00      	XORLW       0
0x258E	0x0EFF      	MOVLW       255
0x2590	0xA4D8      	BTFSS       STATUS, 2 
0x2592	0x0E00      	MOVLW       0
0x2594	0x6E01      	MOVWF       R1 
0x2596	0xB084      	BTFSC       PORTE, 0 
0x2598	0xD002      	BRA         L__TIG_BASLAT901
0x259A	0x90D8      	BCF         STATUS, 0 
0x259C	0xD001      	BRA         L__TIG_BASLAT902
L__TIG_BASLAT901:
0x259E	0x80D8      	BSF         STATUS, 0 
L__TIG_BASLAT902:
0x25A0	0x6A00      	CLRF        R0 
0x25A2	0xB0D8      	BTFSC       STATUS, 0 
0x25A4	0x2A00      	INCF        R0, 1 
0x25A6	0x5001      	MOVF        R1, 0 
0x25A8	0x1600      	ANDWF       R0, 1 
0x25AA	0xE003      	BZ          L__TIG_BASLAT760
;tigkynk_18f.mbas,1723 :: 		kaynak_izin = 0
0x25AC	0x6A4E      	CLRF        _kaynak_izin 
;tigkynk_18f.mbas,1724 :: 		KAYNAK_BITIR_SEKANS()
0x25AE	0xDD83      	RCALL       _KAYNAK_BITIR_SEKANS
;tigkynk_18f.mbas,1725 :: 		dortt_durum = 0
0x25B0	0x6A39      	CLRF        _dortt_durum 
L__TIG_BASLAT760:
;tigkynk_18f.mbas,1726 :: 		end if
0x25B2	0xD000      	BRA         L__TIG_BASLAT734
L__TIG_BASLAT758:
L__TIG_BASLAT734:
;tigkynk_18f.mbas,1729 :: 		end if
L__TIG_BASLAT727:
;tigkynk_18f.mbas,1731 :: 		tetik_onceki = TETIK
0x25B4	0x0E00      	MOVLW       0
0x25B6	0xB084      	BTFSC       PORTE, 0 
0x25B8	0x0E01      	MOVLW       1
0x25BA	0x6E41      	MOVWF       _tetik_onceki 
;tigkynk_18f.mbas,1732 :: 		end sub
L_end__TIG_BASLAT:
L_end_TIG_BASLAT:
0x25BC	0x0012      	RETURN      0
; end of _TIG_BASLAT
_PARAMETRE_IN:
;tigkynk_18f.mbas,1364 :: 		sub procedure PARAMETRE_IN()
;tigkynk_18f.mbas,1366 :: 		if setting_mode = 0 then
0x25CC	0x0100      	MOVLB       0
0x25CE	0x516E      	MOVF        _setting_mode, 0, 1
0x25D0	0x0A00      	XORLW       0
0x25D2	0xE12E      	BNZ         L__PARAMETRE_IN548
;tigkynk_18f.mbas,1367 :: 		if (son_setting = 1) and (SETING = 0) then
0x25D4	0x5034      	MOVF        _son_setting, 0 
0x25D6	0x0A01      	XORLW       1
0x25D8	0x0EFF      	MOVLW       255
0x25DA	0xA4D8      	BTFSS       STATUS, 2 
0x25DC	0x0E00      	MOVLW       0
0x25DE	0x6E01      	MOVWF       R1 
0x25E0	0xBE83      	BTFSC       PORTD, 7 
0x25E2	0xD002      	BRA         L__PARAMETRE_IN872
0x25E4	0x80D8      	BSF         STATUS, 0 
0x25E6	0xD001      	BRA         L__PARAMETRE_IN873
L__PARAMETRE_IN872:
0x25E8	0x90D8      	BCF         STATUS, 0 
L__PARAMETRE_IN873:
0x25EA	0x6A00      	CLRF        R0 
0x25EC	0xB0D8      	BTFSC       STATUS, 0 
0x25EE	0x2A00      	INCF        R0, 1 
0x25F0	0x5001      	MOVF        R1, 0 
0x25F2	0x1600      	ANDWF       R0, 1 
0x25F4	0xE01D      	BZ          L__PARAMETRE_IN551
;tigkynk_18f.mbas,1368 :: 		Delay_ms(25)
0x25F6	0x0E82      	MOVLW       130
0x25F8	0x6E0C      	MOVWF       R12, 0
0x25FA	0x0EDD      	MOVLW       221
0x25FC	0x6E0D      	MOVWF       R13, 0
L__PARAMETRE_IN553:
0x25FE	0x2E0D      	DECFSZ      R13, 1, 0
0x2600	0xD7FE      	BRA         L__PARAMETRE_IN553
0x2602	0x2E0C      	DECFSZ      R12, 1, 0
0x2604	0xD7FC      	BRA         L__PARAMETRE_IN553
0x2606	0x0000      	NOP
0x2608	0x0000      	NOP
;tigkynk_18f.mbas,1369 :: 		if SETING = 0 then
0x260A	0xBE83      	BTFSC       PORTD, 7 
0x260C	0xD011      	BRA         L__PARAMETRE_IN555
;tigkynk_18f.mbas,1370 :: 		setting_mode = 1
0x260E	0x0E01      	MOVLW       1
0x2610	0x6F6E      	MOVWF       _setting_mode, 1
;tigkynk_18f.mbas,1371 :: 		secilen_parametre = 1
0x2612	0x0E01      	MOVLW       1
0x2614	0x6E33      	MOVWF       _secilen_parametre 
;tigkynk_18f.mbas,1372 :: 		normal_encoder_value = encoderValue
0x2616	0xF03EC03A  	MOVFF       _encoderValue, _normal_encoder_value
0x261A	0xF03FC03B  	MOVFF       _encoderValue+1, _normal_encoder_value+1
;tigkynk_18f.mbas,1373 :: 		encoderValue = set1_value
0x261E	0xF03AC01D  	MOVFF       _set1_value, _encoderValue
0x2622	0x0E00      	MOVLW       0
0x2624	0x6E3B      	MOVWF       _encoderValue+1 
;tigkynk_18f.mbas,1374 :: 		son_setting = 0
0x2626	0x6A34      	CLRF        _son_setting 
;tigkynk_18f.mbas,1375 :: 		Parametre_No_Goster(1)
0x2628	0x0E01      	MOVLW       1
0x262A	0x6F76      	MOVWF       FARG_Parametre_No_Goster_p, 1
0x262C	0xDC90      	RCALL       _Parametre_No_Goster
;tigkynk_18f.mbas,1376 :: 		exit
0x262E	0xD122      	BRA         L_end__PARAMETRE_IN
L__PARAMETRE_IN555:
;tigkynk_18f.mbas,1377 :: 		end if
L__PARAMETRE_IN551:
;tigkynk_18f.mbas,1378 :: 		end if
L__PARAMETRE_IN548:
;tigkynk_18f.mbas,1381 :: 		if setting_mode = 1 then
0x2630	0x0100      	MOVLB       0
0x2632	0x516E      	MOVF        _setting_mode, 0, 1
0x2634	0x0A01      	XORLW       1
0x2636	0xA4D8      	BTFSS       STATUS, 2 
0x2638	0xD119      	BRA         L__PARAMETRE_IN558
;tigkynk_18f.mbas,1383 :: 		if SETING = 0 then
0x263A	0xBE83      	BTFSC       PORTD, 7 
0x263C	0xD004      	BRA         L__PARAMETRE_IN561
;tigkynk_18f.mbas,1384 :: 		Parametre_No_Goster(secilen_parametre)
0x263E	0xF076C033  	MOVFF       _secilen_parametre, FARG_Parametre_No_Goster_p
0x2642	0xDC85      	RCALL       _Parametre_No_Goster
0x2644	0xD0A0      	BRA         L__PARAMETRE_IN562
;tigkynk_18f.mbas,1385 :: 		else
L__PARAMETRE_IN561:
;tigkynk_18f.mbas,1386 :: 		Parametre_Flag_Aktif(secilen_parametre)
0x2646	0xF076C033  	MOVFF       _secilen_parametre, FARG_Parametre_Flag_Aktif_p
0x264A	0xDDE9      	RCALL       _Parametre_Flag_Aktif
;tigkynk_18f.mbas,1389 :: 		case 1
0x264C	0x5033      	MOVF        _secilen_parametre, 0 
0x264E	0x0A01      	XORLW       1
0x2650	0xE110      	BNZ         L__PARAMETRE_IN566
;tigkynk_18f.mbas,1390 :: 		if encoderValue > 10 then
0x2652	0x0E80      	MOVLW       128
0x2654	0x6E00      	MOVWF       R0 
0x2656	0x0E80      	MOVLW       128
0x2658	0x183B      	XORWF       _encoderValue+1, 0 
0x265A	0x5C00      	SUBWF       R0, 0 
0x265C	0xE102      	BNZ         L__PARAMETRE_IN874
0x265E	0x503A      	MOVF        _encoderValue, 0 
0x2660	0x080A      	SUBLW       10
L__PARAMETRE_IN874:
0x2662	0xE204      	BC          L__PARAMETRE_IN568
;tigkynk_18f.mbas,1391 :: 		encoderValue = 10
0x2664	0x0E0A      	MOVLW       10
0x2666	0x6E3A      	MOVWF       _encoderValue 
0x2668	0x0E00      	MOVLW       0
0x266A	0x6E3B      	MOVWF       _encoderValue+1 
L__PARAMETRE_IN568:
;tigkynk_18f.mbas,1393 :: 		set1_value = encoderValue
0x266C	0xF01DC03A  	MOVFF       _encoderValue, _set1_value
0x2670	0xD085      	BRA         L__PARAMETRE_IN563
L__PARAMETRE_IN566:
;tigkynk_18f.mbas,1395 :: 		case 2
0x2672	0x5033      	MOVF        _secilen_parametre, 0 
0x2674	0x0A02      	XORLW       2
0x2676	0xE110      	BNZ         L__PARAMETRE_IN572
;tigkynk_18f.mbas,1396 :: 		if encoderValue > 20 then
0x2678	0x0E80      	MOVLW       128
0x267A	0x6E00      	MOVWF       R0 
0x267C	0x0E80      	MOVLW       128
0x267E	0x183B      	XORWF       _encoderValue+1, 0 
0x2680	0x5C00      	SUBWF       R0, 0 
0x2682	0xE102      	BNZ         L__PARAMETRE_IN875
0x2684	0x503A      	MOVF        _encoderValue, 0 
0x2686	0x0814      	SUBLW       20
L__PARAMETRE_IN875:
0x2688	0xE204      	BC          L__PARAMETRE_IN574
;tigkynk_18f.mbas,1397 :: 		encoderValue = 20
0x268A	0x0E14      	MOVLW       20
0x268C	0x6E3A      	MOVWF       _encoderValue 
0x268E	0x0E00      	MOVLW       0
0x2690	0x6E3B      	MOVWF       _encoderValue+1 
L__PARAMETRE_IN574:
;tigkynk_18f.mbas,1399 :: 		set2_value = encoderValue
0x2692	0xF05DC03A  	MOVFF       _encoderValue, _set2_value
0x2696	0xD072      	BRA         L__PARAMETRE_IN563
L__PARAMETRE_IN572:
;tigkynk_18f.mbas,1401 :: 		case 3
0x2698	0x5033      	MOVF        _secilen_parametre, 0 
0x269A	0x0A03      	XORLW       3
0x269C	0xE110      	BNZ         L__PARAMETRE_IN578
;tigkynk_18f.mbas,1402 :: 		if encoderValue > 20 then
0x269E	0x0E80      	MOVLW       128
0x26A0	0x6E00      	MOVWF       R0 
0x26A2	0x0E80      	MOVLW       128
0x26A4	0x183B      	XORWF       _encoderValue+1, 0 
0x26A6	0x5C00      	SUBWF       R0, 0 
0x26A8	0xE102      	BNZ         L__PARAMETRE_IN876
0x26AA	0x503A      	MOVF        _encoderValue, 0 
0x26AC	0x0814      	SUBLW       20
L__PARAMETRE_IN876:
0x26AE	0xE204      	BC          L__PARAMETRE_IN580
;tigkynk_18f.mbas,1403 :: 		encoderValue = 20
0x26B0	0x0E14      	MOVLW       20
0x26B2	0x6E3A      	MOVWF       _encoderValue 
0x26B4	0x0E00      	MOVLW       0
0x26B6	0x6E3B      	MOVWF       _encoderValue+1 
L__PARAMETRE_IN580:
;tigkynk_18f.mbas,1405 :: 		set3_value = encoderValue
0x26B8	0xF05EC03A  	MOVFF       _encoderValue, _set3_value
0x26BC	0xD05F      	BRA         L__PARAMETRE_IN563
L__PARAMETRE_IN578:
;tigkynk_18f.mbas,1407 :: 		case 4
0x26BE	0x5033      	MOVF        _secilen_parametre, 0 
0x26C0	0x0A04      	XORLW       4
0x26C2	0xE110      	BNZ         L__PARAMETRE_IN584
;tigkynk_18f.mbas,1408 :: 		if encoderValue > 20 then
0x26C4	0x0E80      	MOVLW       128
0x26C6	0x6E00      	MOVWF       R0 
0x26C8	0x0E80      	MOVLW       128
0x26CA	0x183B      	XORWF       _encoderValue+1, 0 
0x26CC	0x5C00      	SUBWF       R0, 0 
0x26CE	0xE102      	BNZ         L__PARAMETRE_IN877
0x26D0	0x503A      	MOVF        _encoderValue, 0 
0x26D2	0x0814      	SUBLW       20
L__PARAMETRE_IN877:
0x26D4	0xE204      	BC          L__PARAMETRE_IN586
;tigkynk_18f.mbas,1409 :: 		encoderValue = 20
0x26D6	0x0E14      	MOVLW       20
0x26D8	0x6E3A      	MOVWF       _encoderValue 
0x26DA	0x0E00      	MOVLW       0
0x26DC	0x6E3B      	MOVWF       _encoderValue+1 
L__PARAMETRE_IN586:
;tigkynk_18f.mbas,1411 :: 		set4_value = encoderValue
0x26DE	0xF065C03A  	MOVFF       _encoderValue, _set4_value
0x26E2	0xD04C      	BRA         L__PARAMETRE_IN563
L__PARAMETRE_IN584:
;tigkynk_18f.mbas,1412 :: 		case 5
0x26E4	0x5033      	MOVF        _secilen_parametre, 0 
0x26E6	0x0A05      	XORLW       5
0x26E8	0xE110      	BNZ         L__PARAMETRE_IN590
;tigkynk_18f.mbas,1413 :: 		if encoderValue > 20 then
0x26EA	0x0E80      	MOVLW       128
0x26EC	0x6E00      	MOVWF       R0 
0x26EE	0x0E80      	MOVLW       128
0x26F0	0x183B      	XORWF       _encoderValue+1, 0 
0x26F2	0x5C00      	SUBWF       R0, 0 
0x26F4	0xE102      	BNZ         L__PARAMETRE_IN878
0x26F6	0x503A      	MOVF        _encoderValue, 0 
0x26F8	0x0814      	SUBLW       20
L__PARAMETRE_IN878:
0x26FA	0xE204      	BC          L__PARAMETRE_IN592
;tigkynk_18f.mbas,1414 :: 		encoderValue = 20
0x26FC	0x0E14      	MOVLW       20
0x26FE	0x6E3A      	MOVWF       _encoderValue 
0x2700	0x0E00      	MOVLW       0
0x2702	0x6E3B      	MOVWF       _encoderValue+1 
L__PARAMETRE_IN592:
;tigkynk_18f.mbas,1416 :: 		set5_value = encoderValue
0x2704	0xF01EC03A  	MOVFF       _encoderValue, _set5_value
0x2708	0xD039      	BRA         L__PARAMETRE_IN563
L__PARAMETRE_IN590:
;tigkynk_18f.mbas,1417 :: 		case 6
0x270A	0x5033      	MOVF        _secilen_parametre, 0 
0x270C	0x0A06      	XORLW       6
0x270E	0xE110      	BNZ         L__PARAMETRE_IN596
;tigkynk_18f.mbas,1418 :: 		if encoderValue > 100 then
0x2710	0x0E80      	MOVLW       128
0x2712	0x6E00      	MOVWF       R0 
0x2714	0x0E80      	MOVLW       128
0x2716	0x183B      	XORWF       _encoderValue+1, 0 
0x2718	0x5C00      	SUBWF       R0, 0 
0x271A	0xE102      	BNZ         L__PARAMETRE_IN879
0x271C	0x503A      	MOVF        _encoderValue, 0 
0x271E	0x0864      	SUBLW       100
L__PARAMETRE_IN879:
0x2720	0xE204      	BC          L__PARAMETRE_IN598
;tigkynk_18f.mbas,1419 :: 		encoderValue = 100
0x2722	0x0E64      	MOVLW       100
0x2724	0x6E3A      	MOVWF       _encoderValue 
0x2726	0x0E00      	MOVLW       0
0x2728	0x6E3B      	MOVWF       _encoderValue+1 
L__PARAMETRE_IN598:
;tigkynk_18f.mbas,1421 :: 		set6_value = encoderValue
0x272A	0xF02BC03A  	MOVFF       _encoderValue, _set6_value
0x272E	0xD026      	BRA         L__PARAMETRE_IN563
L__PARAMETRE_IN596:
;tigkynk_18f.mbas,1422 :: 		case 7
0x2730	0x5033      	MOVF        _secilen_parametre, 0 
0x2732	0x0A07      	XORLW       7
0x2734	0xE110      	BNZ         L__PARAMETRE_IN602
;tigkynk_18f.mbas,1423 :: 		if encoderValue > 100 then
0x2736	0x0E80      	MOVLW       128
0x2738	0x6E00      	MOVWF       R0 
0x273A	0x0E80      	MOVLW       128
0x273C	0x183B      	XORWF       _encoderValue+1, 0 
0x273E	0x5C00      	SUBWF       R0, 0 
0x2740	0xE102      	BNZ         L__PARAMETRE_IN880
0x2742	0x503A      	MOVF        _encoderValue, 0 
0x2744	0x0864      	SUBLW       100
L__PARAMETRE_IN880:
0x2746	0xE204      	BC          L__PARAMETRE_IN604
;tigkynk_18f.mbas,1424 :: 		encoderValue = 100
0x2748	0x0E64      	MOVLW       100
0x274A	0x6E3A      	MOVWF       _encoderValue 
0x274C	0x0E00      	MOVLW       0
0x274E	0x6E3B      	MOVWF       _encoderValue+1 
L__PARAMETRE_IN604:
;tigkynk_18f.mbas,1426 :: 		set7_value = encoderValue
0x2750	0xF018C03A  	MOVFF       _encoderValue, _set7_value
0x2754	0xD013      	BRA         L__PARAMETRE_IN563
L__PARAMETRE_IN602:
;tigkynk_18f.mbas,1427 :: 		case 8
0x2756	0x5033      	MOVF        _secilen_parametre, 0 
0x2758	0x0A08      	XORLW       8
0x275A	0xE110      	BNZ         L__PARAMETRE_IN608
;tigkynk_18f.mbas,1428 :: 		if encoderValue > 1 then
0x275C	0x0E80      	MOVLW       128
0x275E	0x6E00      	MOVWF       R0 
0x2760	0x0E80      	MOVLW       128
0x2762	0x183B      	XORWF       _encoderValue+1, 0 
0x2764	0x5C00      	SUBWF       R0, 0 
0x2766	0xE102      	BNZ         L__PARAMETRE_IN881
0x2768	0x503A      	MOVF        _encoderValue, 0 
0x276A	0x0801      	SUBLW       1
L__PARAMETRE_IN881:
0x276C	0xE204      	BC          L__PARAMETRE_IN610
;tigkynk_18f.mbas,1429 :: 		encoderValue = 1
0x276E	0x0E01      	MOVLW       1
0x2770	0x6E3A      	MOVWF       _encoderValue 
0x2772	0x0E00      	MOVLW       0
0x2774	0x6E3B      	MOVWF       _encoderValue+1 
L__PARAMETRE_IN610:
;tigkynk_18f.mbas,1431 :: 		set8_value = encoderValue
0x2776	0xF060C03A  	MOVFF       _encoderValue, _set8_value
0x277A	0xD000      	BRA         L__PARAMETRE_IN563
L__PARAMETRE_IN608:
L__PARAMETRE_IN563:
;tigkynk_18f.mbas,1434 :: 		hesapla(encoderValue)
0x277C	0xF076C03A  	MOVFF       _encoderValue, FARG_hesapla_num
0x2780	0xF077C03B  	MOVFF       _encoderValue+1, FARG_hesapla_num+1
0x2784	0xDD80      	RCALL       _hesapla
;tigkynk_18f.mbas,1435 :: 		end if
L__PARAMETRE_IN562:
;tigkynk_18f.mbas,1437 :: 		if (son_setting = 1) and (SETING = 0) then
0x2786	0x5034      	MOVF        _son_setting, 0 
0x2788	0x0A01      	XORLW       1
0x278A	0x0EFF      	MOVLW       255
0x278C	0xA4D8      	BTFSS       STATUS, 2 
0x278E	0x0E00      	MOVLW       0
0x2790	0x6E01      	MOVWF       R1 
0x2792	0xBE83      	BTFSC       PORTD, 7 
0x2794	0xD002      	BRA         L__PARAMETRE_IN882
0x2796	0x80D8      	BSF         STATUS, 0 
0x2798	0xD001      	BRA         L__PARAMETRE_IN883
L__PARAMETRE_IN882:
0x279A	0x90D8      	BCF         STATUS, 0 
L__PARAMETRE_IN883:
0x279C	0x6A00      	CLRF        R0 
0x279E	0xB0D8      	BTFSC       STATUS, 0 
0x27A0	0x2A00      	INCF        R0, 1 
0x27A2	0x5001      	MOVF        R1, 0 
0x27A4	0x1600      	ANDWF       R0, 1 
0x27A6	0xE062      	BZ          L__PARAMETRE_IN613
;tigkynk_18f.mbas,1438 :: 		Delay_ms(25)
0x27A8	0x0E82      	MOVLW       130
0x27AA	0x6E0C      	MOVWF       R12, 0
0x27AC	0x0EDD      	MOVLW       221
0x27AE	0x6E0D      	MOVWF       R13, 0
L__PARAMETRE_IN615:
0x27B0	0x2E0D      	DECFSZ      R13, 1, 0
0x27B2	0xD7FE      	BRA         L__PARAMETRE_IN615
0x27B4	0x2E0C      	DECFSZ      R12, 1, 0
0x27B6	0xD7FC      	BRA         L__PARAMETRE_IN615
0x27B8	0x0000      	NOP
0x27BA	0x0000      	NOP
;tigkynk_18f.mbas,1439 :: 		if SETING = 0 then
0x27BC	0xBE83      	BTFSC       PORTD, 7 
0x27BE	0xD056      	BRA         L__PARAMETRE_IN617
;tigkynk_18f.mbas,1440 :: 		if secilen_parametre < 8 then
0x27C0	0x0E08      	MOVLW       8
0x27C2	0x5C33      	SUBWF       _secilen_parametre, 0 
0x27C4	0xE23E      	BC          L__PARAMETRE_IN620
;tigkynk_18f.mbas,1441 :: 		Inc(secilen_parametre)
0x27C6	0x2A33      	INCF        _secilen_parametre, 1 
;tigkynk_18f.mbas,1444 :: 		case 2
0x27C8	0x5033      	MOVF        _secilen_parametre, 0 
0x27CA	0x0A02      	XORLW       2
0x27CC	0xE105      	BNZ         L__PARAMETRE_IN625
;tigkynk_18f.mbas,1445 :: 		encoderValue = set2_value
0x27CE	0xF03AC05D  	MOVFF       _set2_value, _encoderValue
0x27D2	0x0E00      	MOVLW       0
0x27D4	0x6E3B      	MOVWF       _encoderValue+1 
0x27D6	0xD030      	BRA         L__PARAMETRE_IN622
L__PARAMETRE_IN625:
;tigkynk_18f.mbas,1446 :: 		case 3
0x27D8	0x5033      	MOVF        _secilen_parametre, 0 
0x27DA	0x0A03      	XORLW       3
0x27DC	0xE105      	BNZ         L__PARAMETRE_IN628
;tigkynk_18f.mbas,1447 :: 		encoderValue = set3_value
0x27DE	0xF03AC05E  	MOVFF       _set3_value, _encoderValue
0x27E2	0x0E00      	MOVLW       0
0x27E4	0x6E3B      	MOVWF       _encoderValue+1 
0x27E6	0xD028      	BRA         L__PARAMETRE_IN622
L__PARAMETRE_IN628:
;tigkynk_18f.mbas,1448 :: 		case 4
0x27E8	0x5033      	MOVF        _secilen_parametre, 0 
0x27EA	0x0A04      	XORLW       4
0x27EC	0xE105      	BNZ         L__PARAMETRE_IN631
;tigkynk_18f.mbas,1449 :: 		encoderValue = set4_value
0x27EE	0xF03AC065  	MOVFF       _set4_value, _encoderValue
0x27F2	0x0E00      	MOVLW       0
0x27F4	0x6E3B      	MOVWF       _encoderValue+1 
0x27F6	0xD020      	BRA         L__PARAMETRE_IN622
L__PARAMETRE_IN631:
;tigkynk_18f.mbas,1450 :: 		case 5
0x27F8	0x5033      	MOVF        _secilen_parametre, 0 
0x27FA	0x0A05      	XORLW       5
0x27FC	0xE105      	BNZ         L__PARAMETRE_IN634
;tigkynk_18f.mbas,1451 :: 		encoderValue = set5_value
0x27FE	0xF03AC01E  	MOVFF       _set5_value, _encoderValue
0x2802	0x0E00      	MOVLW       0
0x2804	0x6E3B      	MOVWF       _encoderValue+1 
0x2806	0xD018      	BRA         L__PARAMETRE_IN622
L__PARAMETRE_IN634:
;tigkynk_18f.mbas,1452 :: 		case 6
0x2808	0x5033      	MOVF        _secilen_parametre, 0 
0x280A	0x0A06      	XORLW       6
0x280C	0xE105      	BNZ         L__PARAMETRE_IN637
;tigkynk_18f.mbas,1453 :: 		encoderValue = set6_value
0x280E	0xF03AC02B  	MOVFF       _set6_value, _encoderValue
0x2812	0x0E00      	MOVLW       0
0x2814	0x6E3B      	MOVWF       _encoderValue+1 
0x2816	0xD010      	BRA         L__PARAMETRE_IN622
L__PARAMETRE_IN637:
;tigkynk_18f.mbas,1454 :: 		case 7
0x2818	0x5033      	MOVF        _secilen_parametre, 0 
0x281A	0x0A07      	XORLW       7
0x281C	0xE105      	BNZ         L__PARAMETRE_IN640
;tigkynk_18f.mbas,1455 :: 		encoderValue = set7_value
0x281E	0xF03AC018  	MOVFF       _set7_value, _encoderValue
0x2822	0x0E00      	MOVLW       0
0x2824	0x6E3B      	MOVWF       _encoderValue+1 
0x2826	0xD008      	BRA         L__PARAMETRE_IN622
L__PARAMETRE_IN640:
;tigkynk_18f.mbas,1456 :: 		case 8
0x2828	0x5033      	MOVF        _secilen_parametre, 0 
0x282A	0x0A08      	XORLW       8
0x282C	0xE105      	BNZ         L__PARAMETRE_IN643
;tigkynk_18f.mbas,1457 :: 		encoderValue = set8_value
0x282E	0xF03AC060  	MOVFF       _set8_value, _encoderValue
0x2832	0x0E00      	MOVLW       0
0x2834	0x6E3B      	MOVWF       _encoderValue+1 
0x2836	0xD000      	BRA         L__PARAMETRE_IN622
L__PARAMETRE_IN643:
L__PARAMETRE_IN622:
;tigkynk_18f.mbas,1460 :: 		Parametre_No_Goster(secilen_parametre)
0x2838	0xF076C033  	MOVFF       _secilen_parametre, FARG_Parametre_No_Goster_p
0x283C	0xF00FECA7  	CALL        _Parametre_No_Goster, 0
0x2840	0xD015      	BRA         L__PARAMETRE_IN621
;tigkynk_18f.mbas,1461 :: 		else
L__PARAMETRE_IN620:
;tigkynk_18f.mbas,1462 :: 		EEPROM_Kaydet()
0x2842	0xDD80      	RCALL       _EEPROM_Kaydet
;tigkynk_18f.mbas,1463 :: 		G_Segment_Animasyon()
0x2844	0xF00FECE5  	CALL        _G_Segment_Animasyon, 0
;tigkynk_18f.mbas,1465 :: 		Tum_Set_Flaglarini_Sifirla()
0x2848	0xF00CECA8  	CALL        _Tum_Set_Flaglarini_Sifirla, 0
;tigkynk_18f.mbas,1466 :: 		setting_mode = 0
0x284C	0x0100      	MOVLB       0
0x284E	0x6B6E      	CLRF        _setting_mode, 1
;tigkynk_18f.mbas,1467 :: 		secilen_parametre = 0
0x2850	0x6A33      	CLRF        _secilen_parametre 
;tigkynk_18f.mbas,1468 :: 		encoderValue = normal_encoder_value
0x2852	0xF03AC03E  	MOVFF       _normal_encoder_value, _encoderValue
0x2856	0xF03BC03F  	MOVFF       _normal_encoder_value+1, _encoderValue+1
;tigkynk_18f.mbas,1469 :: 		disp_deger = encoderValue
0x285A	0xF026C03E  	MOVFF       _normal_encoder_value, _disp_deger
0x285E	0xF027C03F  	MOVFF       _normal_encoder_value+1, _disp_deger+1
;tigkynk_18f.mbas,1470 :: 		hesapla(encoderValue)
0x2862	0xF076C03E  	MOVFF       _normal_encoder_value, FARG_hesapla_num
0x2866	0xF077C03F  	MOVFF       _normal_encoder_value+1, FARG_hesapla_num+1
0x286A	0xDD0D      	RCALL       _hesapla
;tigkynk_18f.mbas,1471 :: 		end if
L__PARAMETRE_IN621:
L__PARAMETRE_IN617:
;tigkynk_18f.mbas,1472 :: 		end if
L__PARAMETRE_IN613:
;tigkynk_18f.mbas,1473 :: 		end if
L__PARAMETRE_IN558:
;tigkynk_18f.mbas,1476 :: 		son_setting = SETING
0x286C	0x0E00      	MOVLW       0
0x286E	0xBE83      	BTFSC       PORTD, 7 
0x2870	0x0E01      	MOVLW       1
0x2872	0x6E34      	MOVWF       _son_setting 
;tigkynk_18f.mbas,1477 :: 		end sub
L_end__PARAMETRE_IN:
L_end_PARAMETRE_IN:
0x2874	0x0012      	RETURN      0
; end of _PARAMETRE_IN
_EEPROM_YUKLE:
;tigkynk_18f.mbas,380 :: 		sub procedure EEPROM_YUKLE()
;tigkynk_18f.mbas,382 :: 		set1_value = EEPROM_Read($01)
0x2882	0x0E01      	MOVLW       1
0x2884	0x0100      	MOVLB       0
0x2886	0x6F76      	MOVWF       FARG_Eeprom_Read_address, 1
0x2888	0x0E00      	MOVLW       0
0x288A	0x6F77      	MOVWF       FARG_Eeprom_Read_address+1, 1
0x288C	0xF00FECC0  	CALL        _Eeprom_Read, 0
0x2890	0xF01DC000  	MOVFF       R0, _set1_value
;tigkynk_18f.mbas,383 :: 		set2_value = EEPROM_Read($02)
0x2894	0x0E02      	MOVLW       2
0x2896	0x6F76      	MOVWF       FARG_Eeprom_Read_address, 1
0x2898	0x0E00      	MOVLW       0
0x289A	0x6F77      	MOVWF       FARG_Eeprom_Read_address+1, 1
0x289C	0xF00FECC0  	CALL        _Eeprom_Read, 0
0x28A0	0xF05DC000  	MOVFF       R0, _set2_value
;tigkynk_18f.mbas,384 :: 		set3_value = EEPROM_Read($03)
0x28A4	0x0E03      	MOVLW       3
0x28A6	0x6F76      	MOVWF       FARG_Eeprom_Read_address, 1
0x28A8	0x0E00      	MOVLW       0
0x28AA	0x6F77      	MOVWF       FARG_Eeprom_Read_address+1, 1
0x28AC	0xF00FECC0  	CALL        _Eeprom_Read, 0
0x28B0	0xF05EC000  	MOVFF       R0, _set3_value
;tigkynk_18f.mbas,385 :: 		set4_value = EEPROM_Read($04)
0x28B4	0x0E04      	MOVLW       4
0x28B6	0x6F76      	MOVWF       FARG_Eeprom_Read_address, 1
0x28B8	0x0E00      	MOVLW       0
0x28BA	0x6F77      	MOVWF       FARG_Eeprom_Read_address+1, 1
0x28BC	0xF00FECC0  	CALL        _Eeprom_Read, 0
0x28C0	0xF065C000  	MOVFF       R0, _set4_value
;tigkynk_18f.mbas,387 :: 		set5_value = EEPROM_Read($05)
0x28C4	0x0E05      	MOVLW       5
0x28C6	0x6F76      	MOVWF       FARG_Eeprom_Read_address, 1
0x28C8	0x0E00      	MOVLW       0
0x28CA	0x6F77      	MOVWF       FARG_Eeprom_Read_address+1, 1
0x28CC	0xF00FECC0  	CALL        _Eeprom_Read, 0
0x28D0	0xF01EC000  	MOVFF       R0, _set5_value
;tigkynk_18f.mbas,388 :: 		set6_value = EEPROM_Read($06)
0x28D4	0x0E06      	MOVLW       6
0x28D6	0x6F76      	MOVWF       FARG_Eeprom_Read_address, 1
0x28D8	0x0E00      	MOVLW       0
0x28DA	0x6F77      	MOVWF       FARG_Eeprom_Read_address+1, 1
0x28DC	0xF00FECC0  	CALL        _Eeprom_Read, 0
0x28E0	0xF02BC000  	MOVFF       R0, _set6_value
;tigkynk_18f.mbas,389 :: 		set7_value = EEPROM_Read($07)
0x28E4	0x0E07      	MOVLW       7
0x28E6	0x6F76      	MOVWF       FARG_Eeprom_Read_address, 1
0x28E8	0x0E00      	MOVLW       0
0x28EA	0x6F77      	MOVWF       FARG_Eeprom_Read_address+1, 1
0x28EC	0xF00FECC0  	CALL        _Eeprom_Read, 0
0x28F0	0xF018C000  	MOVFF       R0, _set7_value
;tigkynk_18f.mbas,390 :: 		set8_value = EEPROM_Read($08)
0x28F4	0x0E08      	MOVLW       8
0x28F6	0x6F76      	MOVWF       FARG_Eeprom_Read_address, 1
0x28F8	0x0E00      	MOVLW       0
0x28FA	0x6F77      	MOVWF       FARG_Eeprom_Read_address+1, 1
0x28FC	0xF00FECC0  	CALL        _Eeprom_Read, 0
0x2900	0xF060C000  	MOVFF       R0, _set8_value
;tigkynk_18f.mbas,392 :: 		if set1_value = 255 then
0x2904	0x501D      	MOVF        _set1_value, 0 
0x2906	0x0AFF      	XORLW       255
0x2908	0xB4D8      	BTFSC       STATUS, 2 
;tigkynk_18f.mbas,393 :: 		set1_value = 0
0x290A	0x6A1D      	CLRF        _set1_value 
L__EEPROM_YUKLE141:
;tigkynk_18f.mbas,395 :: 		if set2_value = 255 then
0x290C	0x505D      	MOVF        _set2_value, 0 
0x290E	0x0AFF      	XORLW       255
0x2910	0xE102      	BNZ         L__EEPROM_YUKLE144
;tigkynk_18f.mbas,396 :: 		set2_value = 3
0x2912	0x0E03      	MOVLW       3
0x2914	0x6E5D      	MOVWF       _set2_value 
L__EEPROM_YUKLE144:
;tigkynk_18f.mbas,398 :: 		if set3_value = 255 then
0x2916	0x505E      	MOVF        _set3_value, 0 
0x2918	0x0AFF      	XORLW       255
0x291A	0xE102      	BNZ         L__EEPROM_YUKLE147
;tigkynk_18f.mbas,399 :: 		set3_value = 3
0x291C	0x0E03      	MOVLW       3
0x291E	0x6E5E      	MOVWF       _set3_value 
L__EEPROM_YUKLE147:
;tigkynk_18f.mbas,401 :: 		if set4_value = 255 then
0x2920	0x5165      	MOVF        _set4_value, 0, 1
0x2922	0x0AFF      	XORLW       255
0x2924	0xE102      	BNZ         L__EEPROM_YUKLE150
;tigkynk_18f.mbas,402 :: 		set4_value = 3
0x2926	0x0E03      	MOVLW       3
0x2928	0x6F65      	MOVWF       _set4_value, 1
L__EEPROM_YUKLE150:
;tigkynk_18f.mbas,405 :: 		if set1_value > 10 then
0x292A	0x501D      	MOVF        _set1_value, 0 
0x292C	0x080A      	SUBLW       10
0x292E	0xE202      	BC          L__EEPROM_YUKLE153
;tigkynk_18f.mbas,406 :: 		set1_value = 10
0x2930	0x0E0A      	MOVLW       10
0x2932	0x6E1D      	MOVWF       _set1_value 
L__EEPROM_YUKLE153:
;tigkynk_18f.mbas,409 :: 		if set2_value > 20 then
0x2934	0x505D      	MOVF        _set2_value, 0 
0x2936	0x0814      	SUBLW       20
0x2938	0xE202      	BC          L__EEPROM_YUKLE156
;tigkynk_18f.mbas,410 :: 		set2_value = 20
0x293A	0x0E14      	MOVLW       20
0x293C	0x6E5D      	MOVWF       _set2_value 
L__EEPROM_YUKLE156:
;tigkynk_18f.mbas,413 :: 		if set3_value > 20 then
0x293E	0x505E      	MOVF        _set3_value, 0 
0x2940	0x0814      	SUBLW       20
0x2942	0xE202      	BC          L__EEPROM_YUKLE159
;tigkynk_18f.mbas,414 :: 		set3_value = 20
0x2944	0x0E14      	MOVLW       20
0x2946	0x6E5E      	MOVWF       _set3_value 
L__EEPROM_YUKLE159:
;tigkynk_18f.mbas,417 :: 		if set4_value > 20 then
0x2948	0x5165      	MOVF        _set4_value, 0, 1
0x294A	0x0814      	SUBLW       20
0x294C	0xE202      	BC          L__EEPROM_YUKLE162
;tigkynk_18f.mbas,418 :: 		set4_value = 20
0x294E	0x0E14      	MOVLW       20
0x2950	0x6F65      	MOVWF       _set4_value, 1
L__EEPROM_YUKLE162:
;tigkynk_18f.mbas,421 :: 		if set5_value = 255 then
0x2952	0x501E      	MOVF        _set5_value, 0 
0x2954	0x0AFF      	XORLW       255
0x2956	0xE102      	BNZ         L__EEPROM_YUKLE165
;tigkynk_18f.mbas,422 :: 		set5_value = 5
0x2958	0x0E05      	MOVLW       5
0x295A	0x6E1E      	MOVWF       _set5_value 
L__EEPROM_YUKLE165:
;tigkynk_18f.mbas,424 :: 		if set6_value = 255 then
0x295C	0x502B      	MOVF        _set6_value, 0 
0x295E	0x0AFF      	XORLW       255
0x2960	0xE102      	BNZ         L__EEPROM_YUKLE168
;tigkynk_18f.mbas,425 :: 		set6_value = 50
0x2962	0x0E32      	MOVLW       50
0x2964	0x6E2B      	MOVWF       _set6_value 
L__EEPROM_YUKLE168:
;tigkynk_18f.mbas,427 :: 		if set7_value = 255 then
0x2966	0x5018      	MOVF        _set7_value, 0 
0x2968	0x0AFF      	XORLW       255
0x296A	0xE102      	BNZ         L__EEPROM_YUKLE171
;tigkynk_18f.mbas,428 :: 		set7_value = 50
0x296C	0x0E32      	MOVLW       50
0x296E	0x6E18      	MOVWF       _set7_value 
L__EEPROM_YUKLE171:
;tigkynk_18f.mbas,430 :: 		if set8_value = 255 then
0x2970	0x5160      	MOVF        _set8_value, 0, 1
0x2972	0x0AFF      	XORLW       255
0x2974	0xB4D8      	BTFSC       STATUS, 2 
;tigkynk_18f.mbas,431 :: 		set8_value = 0
0x2976	0x6B60      	CLRF        _set8_value, 1
L__EEPROM_YUKLE174:
;tigkynk_18f.mbas,433 :: 		if set5_value > 20 then
0x2978	0x501E      	MOVF        _set5_value, 0 
0x297A	0x0814      	SUBLW       20
0x297C	0xE202      	BC          L__EEPROM_YUKLE177
;tigkynk_18f.mbas,434 :: 		set5_value = 20
0x297E	0x0E14      	MOVLW       20
0x2980	0x6E1E      	MOVWF       _set5_value 
L__EEPROM_YUKLE177:
;tigkynk_18f.mbas,437 :: 		if set6_value > 100 then
0x2982	0x502B      	MOVF        _set6_value, 0 
0x2984	0x0864      	SUBLW       100
0x2986	0xE202      	BC          L__EEPROM_YUKLE180
;tigkynk_18f.mbas,438 :: 		set6_value = 100
0x2988	0x0E64      	MOVLW       100
0x298A	0x6E2B      	MOVWF       _set6_value 
L__EEPROM_YUKLE180:
;tigkynk_18f.mbas,441 :: 		if set7_value > 100 then
0x298C	0x5018      	MOVF        _set7_value, 0 
0x298E	0x0864      	SUBLW       100
0x2990	0xE202      	BC          L__EEPROM_YUKLE183
;tigkynk_18f.mbas,442 :: 		set7_value = 100
0x2992	0x0E64      	MOVLW       100
0x2994	0x6E18      	MOVWF       _set7_value 
L__EEPROM_YUKLE183:
;tigkynk_18f.mbas,445 :: 		if set8_value > 1 then
0x2996	0x5160      	MOVF        _set8_value, 0, 1
0x2998	0x0801      	SUBLW       1
0x299A	0xA0D8      	BTFSS       STATUS, 0 
;tigkynk_18f.mbas,446 :: 		set8_value = 0
0x299C	0x6B60      	CLRF        _set8_value, 1
L__EEPROM_YUKLE186:
;tigkynk_18f.mbas,449 :: 		end sub
L_end_EEPROM_YUKLE:
0x299E	0x0012      	RETURN      0
; end of _EEPROM_YUKLE
_main:
;tigkynk_18f.mbas,1735 :: 		main:
;tigkynk_18f.mbas,1738 :: 		TRISA = %11111111
0x29A0	0x0EFF      	MOVLW       255
0x29A2	0x6E92      	MOVWF       TRISA 
;tigkynk_18f.mbas,1739 :: 		TRISB = %00111111
0x29A4	0x0E3F      	MOVLW       63
0x29A6	0x6E93      	MOVWF       TRISB 
;tigkynk_18f.mbas,1740 :: 		TRISC = %01010000
0x29A8	0x0E50      	MOVLW       80
0x29AA	0x6E94      	MOVWF       TRISC 
;tigkynk_18f.mbas,1741 :: 		TRISD = %10000000
0x29AC	0x0E80      	MOVLW       128
0x29AE	0x6E95      	MOVWF       TRISD 
;tigkynk_18f.mbas,1742 :: 		TRISE = %00000001
0x29B0	0x0E01      	MOVLW       1
0x29B2	0x6E96      	MOVWF       TRISE 
;tigkynk_18f.mbas,1744 :: 		CM1CON0 = 0
0x29B4	0x6A7B      	CLRF        CM1CON0 
;tigkynk_18f.mbas,1745 :: 		CM2CON0 = 0
0x29B6	0x6A7A      	CLRF        CM2CON0 
;tigkynk_18f.mbas,1746 :: 		PORTA = 0
0x29B8	0x6A80      	CLRF        PORTA 
;tigkynk_18f.mbas,1747 :: 		PORTB = 0
0x29BA	0x6A81      	CLRF        PORTB 
;tigkynk_18f.mbas,1748 :: 		PORTC = 0
0x29BC	0x6A82      	CLRF        PORTC 
;tigkynk_18f.mbas,1749 :: 		PORTD = 0
0x29BE	0x6A83      	CLRF        PORTD 
;tigkynk_18f.mbas,1750 :: 		PORTE = 0
0x29C0	0x6A84      	CLRF        PORTE 
;tigkynk_18f.mbas,1752 :: 		ADCON0 = 0
0x29C2	0x6AC2      	CLRF        ADCON0 
;tigkynk_18f.mbas,1753 :: 		ADCON1 = 0
0x29C4	0x6AC1      	CLRF        ADCON1 
;tigkynk_18f.mbas,1754 :: 		ADCON2 = %10101010   ' örnek: right justify, uygun Tad
0x29C6	0x0EAA      	MOVLW       170
0x29C8	0x6EC0      	MOVWF       ADCON2 
;tigkynk_18f.mbas,1758 :: 		ANSELH = 1
0x29CA	0x0E01      	MOVLW       1
0x29CC	0x6E7F      	MOVWF       ANSELH 
;tigkynk_18f.mbas,1759 :: 		ANSEL  = 4
0x29CE	0x0E04      	MOVLW       4
0x29D0	0x6E7E      	MOVWF       ANSEL 
;tigkynk_18f.mbas,1762 :: 		OSCCON = $70
0x29D2	0x0E70      	MOVLW       112
0x29D4	0x6ED3      	MOVWF       OSCCON 
;tigkynk_18f.mbas,1764 :: 		Pwm1_Init(8000)
0x29D6	0x90CA      	BCF         T2CON, 0, 0
0x29D8	0x92CA      	BCF         T2CON, 1, 0
0x29DA	0x80CA      	BSF         T2CON, 0, 0
0x29DC	0x92CA      	BCF         T2CON, 1, 0
0x29DE	0x0E7C      	MOVLW       124
0x29E0	0x6ECB      	MOVWF       PR2, 0
0x29E2	0xDD41      	RCALL       _PWM1_Init
;tigkynk_18f.mbas,1765 :: 		Pwm1_Set_Duty(30)
0x29E4	0x0E1E      	MOVLW       30
0x29E6	0x0100      	MOVLB       0
0x29E8	0x6F9B      	MOVWF       FARG_PWM1_Set_Duty_new_duty, 1
0x29EA	0xF006EC24  	CALL        _PWM1_Set_Duty, 0
;tigkynk_18f.mbas,1766 :: 		Pwm1_Stop()
0x29EE	0xF006EC5D  	CALL        _PWM1_Stop, 0
;tigkynk_18f.mbas,1768 :: 		ROLE_MAIN = 0
0x29F2	0x9E81      	BCF         PORTB, 7 
;tigkynk_18f.mbas,1769 :: 		ROLE_SARJ = 0
0x29F4	0x9C81      	BCF         PORTB, 6 
;tigkynk_18f.mbas,1770 :: 		GAS = 0
0x29F6	0x9284      	BCF         PORTE, 1 
;tigkynk_18f.mbas,1771 :: 		HF = 0
0x29F8	0x9484      	BCF         PORTE, 2 
;tigkynk_18f.mbas,1773 :: 		kd_say = 0
0x29FA	0x6A3C      	CLRF        _kd_say 
0x29FC	0x6A3D      	CLRF        _kd_say+1 
;tigkynk_18f.mbas,1774 :: 		HATA_say = 0
0x29FE	0x6A42      	CLRF        _HATA_say 
;tigkynk_18f.mbas,1775 :: 		HATA = 0
0x2A00	0x6A43      	CLRF        _HATA 
;tigkynk_18f.mbas,1776 :: 		ERR = 0
0x2A02	0x6A40      	CLRF        _ERR 
;tigkynk_18f.mbas,1778 :: 		tetik_onceki = 1
0x2A04	0x0E01      	MOVLW       1
0x2A06	0x6E41      	MOVWF       _tetik_onceki 
;tigkynk_18f.mbas,1779 :: 		dortt_durum = 0
0x2A08	0x6A39      	CLRF        _dortt_durum 
;tigkynk_18f.mbas,1780 :: 		kaynak_izin = 0
0x2A0A	0x6A4E      	CLRF        _kaynak_izin 
;tigkynk_18f.mbas,1781 :: 		setting_mode = 0
0x2A0C	0x0100      	MOVLB       0
0x2A0E	0x6B6E      	CLRF        _setting_mode, 1
;tigkynk_18f.mbas,1782 :: 		secilen_parametre = 0
0x2A10	0x6A33      	CLRF        _secilen_parametre 
;tigkynk_18f.mbas,1783 :: 		son_setting = 1
0x2A12	0x0E01      	MOVLW       1
0x2A14	0x6E34      	MOVWF       _son_setting 
;tigkynk_18f.mbas,1784 :: 		kaynak_basladi = 0
0x2A16	0x6A4D      	CLRF        _kaynak_basladi 
;tigkynk_18f.mbas,1785 :: 		ramp_duty = 0
0x2A18	0x6A31      	CLRF        _ramp_duty 
;tigkynk_18f.mbas,1786 :: 		hedef_duty = 0
0x2A1A	0x6A32      	CLRF        _hedef_duty 
;tigkynk_18f.mbas,1787 :: 		hf_start_yapildi = 0
0x2A1C	0x6A36      	CLRF        _hf_start_yapildi 
;tigkynk_18f.mbas,1789 :: 		ark_var = 0
0x2A1E	0x6A53      	CLRF        _ark_var 
;tigkynk_18f.mbas,1790 :: 		ark_esik = 60
0x2A20	0x0E3C      	MOVLW       60
0x2A22	0x6F68      	MOVWF       _ark_esik, 1
0x2A24	0x0E00      	MOVLW       0
0x2A26	0x6F69      	MOVWF       _ark_esik+1, 1
;tigkynk_18f.mbas,1791 :: 		akim_adc = 0
0x2A28	0x6B6A      	CLRF        _akim_adc, 1
0x2A2A	0x6B6B      	CLRF        _akim_adc+1, 1
;tigkynk_18f.mbas,1792 :: 		ark_say = 0
0x2A2C	0x6B71      	CLRF        _ark_say, 1
;tigkynk_18f.mbas,1794 :: 		pid_hata = 0
0x2A2E	0x6B63      	CLRF        _pid_hata, 1
0x2A30	0x6B64      	CLRF        _pid_hata+1, 1
;tigkynk_18f.mbas,1795 :: 		pid_onceki_hata = 0
0x2A32	0x6A46      	CLRF        _pid_onceki_hata 
0x2A34	0x6A47      	CLRF        _pid_onceki_hata+1 
;tigkynk_18f.mbas,1796 :: 		pid_turev = 0
0x2A36	0x6A37      	CLRF        _pid_turev 
0x2A38	0x6A38      	CLRF        _pid_turev+1 
;tigkynk_18f.mbas,1797 :: 		pid_cikis = 0
0x2A3A	0x6A44      	CLRF        _pid_cikis 
0x2A3C	0x6A45      	CLRF        _pid_cikis+1 
;tigkynk_18f.mbas,1798 :: 		olculen_akim = 0
0x2A3E	0x6B61      	CLRF        _olculen_akim, 1
0x2A40	0x6B62      	CLRF        _olculen_akim+1, 1
;tigkynk_18f.mbas,1799 :: 		pid_integral = 0
0x2A42	0x6A48      	CLRF        _pid_integral 
0x2A44	0x6A49      	CLRF        _pid_integral+1 
0x2A46	0x6A4A      	CLRF        _pid_integral+2 
0x2A48	0x6A4B      	CLRF        _pid_integral+3 
;tigkynk_18f.mbas,1800 :: 		akim_filtreli = 0
0x2A4A	0x6B66      	CLRF        _akim_filtreli, 1
0x2A4C	0x6B67      	CLRF        _akim_filtreli+1, 1
;tigkynk_18f.mbas,1801 :: 		pid_timer = 0
0x2A4E	0x6A4C      	CLRF        _pid_timer 
;tigkynk_18f.mbas,1802 :: 		lift_temas_var = 0
0x2A50	0x6A52      	CLRF        _lift_temas_var 
;tigkynk_18f.mbas,1804 :: 		kisa_devre_say = 0
0x2A52	0x6A59      	CLRF        _kisa_devre_say 
0x2A54	0x6A5A      	CLRF        _kisa_devre_say+1 
;tigkynk_18f.mbas,1805 :: 		anti_stick_aktif = 0
0x2A56	0x6A4F      	CLRF        _anti_stick_aktif 
;tigkynk_18f.mbas,1806 :: 		anti_stick_durum = 0
0x2A58	0x6A58      	CLRF        _anti_stick_durum 
;tigkynk_18f.mbas,1807 :: 		anti_stick_timer = 0
0x2A5A	0x6A56      	CLRF        _anti_stick_timer 
0x2A5C	0x6A57      	CLRF        _anti_stick_timer+1 
;tigkynk_18f.mbas,1808 :: 		kisa_devre_adc = 0
0x2A5E	0x6A54      	CLRF        _kisa_devre_adc 
0x2A60	0x6A55      	CLRF        _kisa_devre_adc+1 
;tigkynk_18f.mbas,1810 :: 		Delay_ms(100)
0x2A62	0x0E03      	MOVLW       3
0x2A64	0x6E0B      	MOVWF       R11, 0
0x2A66	0x0E08      	MOVLW       8
0x2A68	0x6E0C      	MOVWF       R12, 0
0x2A6A	0x0E77      	MOVLW       119
0x2A6C	0x6E0D      	MOVWF       R13, 0
L__main763:
0x2A6E	0x2E0D      	DECFSZ      R13, 1, 0
0x2A70	0xD7FE      	BRA         L__main763
0x2A72	0x2E0C      	DECFSZ      R12, 1, 0
0x2A74	0xD7FC      	BRA         L__main763
0x2A76	0x2E0B      	DECFSZ      R11, 1, 0
0x2A78	0xD7FA      	BRA         L__main763
;tigkynk_18f.mbas,1812 :: 		SPI_Init_MAX7219()
0x2A7A	0xDCF9      	RCALL       _SPI_Init_MAX7219
;tigkynk_18f.mbas,1813 :: 		Delay_ms(100)
0x2A7C	0x0E03      	MOVLW       3
0x2A7E	0x6E0B      	MOVWF       R11, 0
0x2A80	0x0E08      	MOVLW       8
0x2A82	0x6E0C      	MOVWF       R12, 0
0x2A84	0x0E77      	MOVLW       119
0x2A86	0x6E0D      	MOVWF       R13, 0
L__main764:
0x2A88	0x2E0D      	DECFSZ      R13, 1, 0
0x2A8A	0xD7FE      	BRA         L__main764
0x2A8C	0x2E0C      	DECFSZ      R12, 1, 0
0x2A8E	0xD7FC      	BRA         L__main764
0x2A90	0x2E0B      	DECFSZ      R11, 1, 0
0x2A92	0xD7FA      	BRA         L__main764
;tigkynk_18f.mbas,1814 :: 		MAX7219_Init()
0x2A94	0xDCF0      	RCALL       _MAX7219_Init
;tigkynk_18f.mbas,1815 :: 		Delay_ms(100)
0x2A96	0x0E03      	MOVLW       3
0x2A98	0x6E0B      	MOVWF       R11, 0
0x2A9A	0x0E08      	MOVLW       8
0x2A9C	0x6E0C      	MOVWF       R12, 0
0x2A9E	0x0E77      	MOVLW       119
0x2AA0	0x6E0D      	MOVWF       R13, 0
L__main765:
0x2AA2	0x2E0D      	DECFSZ      R13, 1, 0
0x2AA4	0xD7FE      	BRA         L__main765
0x2AA6	0x2E0C      	DECFSZ      R12, 1, 0
0x2AA8	0xD7FC      	BRA         L__main765
0x2AAA	0x2E0B      	DECFSZ      R11, 1, 0
0x2AAC	0xD7FA      	BRA         L__main765
;tigkynk_18f.mbas,1817 :: 		IOCB = $30
0x2AAE	0x0E30      	MOVLW       48
0x2AB0	0x6E7D      	MOVWF       IOCB 
;tigkynk_18f.mbas,1818 :: 		prevA = EncoderA
0x2AB2	0x0E00      	MOVLW       0
0x2AB4	0xBA81      	BTFSC       PORTB, 5 
0x2AB6	0x0E01      	MOVLW       1
0x2AB8	0x6E35      	MOVWF       _prevA 
;tigkynk_18f.mbas,1819 :: 		encoderValue = 100
0x2ABA	0x0E64      	MOVLW       100
0x2ABC	0x6E3A      	MOVWF       _encoderValue 
0x2ABE	0x0E00      	MOVLW       0
0x2AC0	0x6E3B      	MOVWF       _encoderValue+1 
;tigkynk_18f.mbas,1820 :: 		hedef_akim = 100
0x2AC2	0x0E64      	MOVLW       100
0x2AC4	0x6E50      	MOVWF       _hedef_akim 
0x2AC6	0x0E00      	MOVLW       0
0x2AC8	0x6E51      	MOVWF       _hedef_akim+1 
;tigkynk_18f.mbas,1821 :: 		normal_encoder_value = 100
0x2ACA	0x0E64      	MOVLW       100
0x2ACC	0x6E3E      	MOVWF       _normal_encoder_value 
0x2ACE	0x0E00      	MOVLW       0
0x2AD0	0x6E3F      	MOVWF       _normal_encoder_value+1 
;tigkynk_18f.mbas,1823 :: 		dummy = PORTB
0x2AD2	0xF023CF81  	MOVFF       PORTB, _dummy
;tigkynk_18f.mbas,1824 :: 		INTCON.RBIF = 0
0x2AD6	0x90F2      	BCF         INTCON, 0 
;tigkynk_18f.mbas,1825 :: 		INTCON.RBIE = 1
0x2AD8	0x86F2      	BSF         INTCON, 3 
;tigkynk_18f.mbas,1826 :: 		INTCON.GIE = 1
0x2ADA	0x8EF2      	BSF         INTCON, 7 
;tigkynk_18f.mbas,1828 :: 		INTCON2.RBPU = 0
0x2ADC	0x9EF1      	BCF         INTCON2, 7 
;tigkynk_18f.mbas,1829 :: 		WPUB.4 = 1
0x2ADE	0x887C      	BSF         WPUB, 4 
;tigkynk_18f.mbas,1830 :: 		WPUB.5 = 1
0x2AE0	0x8A7C      	BSF         WPUB, 5 
;tigkynk_18f.mbas,1832 :: 		EEPROM_YUKLE()
0x2AE2	0xDECF      	RCALL       _EEPROM_YUKLE
;tigkynk_18f.mbas,1834 :: 		while TRUE
L__main767:
;tigkynk_18f.mbas,1836 :: 		PARAMETRE_IN()
0x2AE4	0xDD73      	RCALL       _PARAMETRE_IN
;tigkynk_18f.mbas,1838 :: 		if setting_mode = 0 then
0x2AE6	0x0100      	MOVLB       0
0x2AE8	0x516E      	MOVF        _setting_mode, 0, 1
0x2AEA	0x0A00      	XORLW       0
0x2AEC	0xE10F      	BNZ         L__main772
;tigkynk_18f.mbas,1839 :: 		hedef_akim = encoderValue
0x2AEE	0xF050C03A  	MOVFF       _encoderValue, _hedef_akim
0x2AF2	0xF051C03B  	MOVFF       _encoderValue+1, _hedef_akim+1
;tigkynk_18f.mbas,1840 :: 		TIG_BASLAT()
0x2AF6	0xDCE1      	RCALL       _TIG_BASLAT
;tigkynk_18f.mbas,1841 :: 		disp_deger = encoderValue
0x2AF8	0xF026C03A  	MOVFF       _encoderValue, _disp_deger
0x2AFC	0xF027C03B  	MOVFF       _encoderValue+1, _disp_deger+1
;tigkynk_18f.mbas,1842 :: 		hesapla(encoderValue)
0x2B00	0xF076C03A  	MOVFF       _encoderValue, FARG_hesapla_num
0x2B04	0xF077C03B  	MOVFF       _encoderValue+1, FARG_hesapla_num+1
0x2B08	0xF011EC43  	CALL        _hesapla, 0
L__main772:
;tigkynk_18f.mbas,1845 :: 		Delay_ms(5)
0x2B0C	0x0E1A      	MOVLW       26
0x2B0E	0x6E0C      	MOVWF       R12, 0
0x2B10	0x0EF8      	MOVLW       248
0x2B12	0x6E0D      	MOVWF       R13, 0
L__main774:
0x2B14	0x2E0D      	DECFSZ      R13, 1, 0
0x2B16	0xD7FE      	BRA         L__main774
0x2B18	0x2E0C      	DECFSZ      R12, 1, 0
0x2B1A	0xD7FC      	BRA         L__main774
0x2B1C	0x0000      	NOP
;tigkynk_18f.mbas,1846 :: 		wend
0x2B1E	0xD7E2      	BRA         L__main767
L_end_main:
0x2B20	0xD7FF      	BRA         $+0
; end of _main
Symbol List:
//** Routines locations **
//ADDRESS    SIZE    PROCEDURE
//----------------------------------------------
0x0008     [628]    _interrupt
0x027C      [82]    _Mul_32x32_U
0x02CE      [10]    _Delay_22us
0x02D8     [600]    _SDIV3232L
0x0530     [748]    _Div_32x32_U
0x081C      [24]    _COMFREM
0x0834      [80]    _Mul_16x16_U
0x0884     [346]    _Div_32x32_S
0x09E2     [134]    _ADC_TO_AKIM
0x0A6C      [78]    _ADC_Read
0x0ABC      [88]    _Div_16x16_S_L
0x0B14      [44]    _BASLATMA_VEYA_BLOK_IPTAL_VAR_MI
0x0B40     [124]    _ADC2_ORT_OKU
0x0BC0     [132]    _ADC8_ORT_OKU
0x0C48     [112]    _PWM1_Set_Duty
0x0CBA       [8]    _PWM1_Stop
0x0CC2     [198]    _Div_16x16_S
0x0D8A     [314]    _AKIM_TO_DUTY
0x0EC6     [144]    _AKIM_OKU
0x0F5C      [18]    _SPI1_Write
0x0F6E     [444]    _RAMP_UP_BASLAT
0x1140      [36]    _ARK_DETECT_OKU
0x1166      [54]    _Div_16x16_U
0x119C      [82]    _PULSE_AKIM_GET
0x11F0      [96]    _AKIM_OKU_FILTRELI
0x1254      [54]    _MUTLAK_INT
0x128A     [508]    _DUTY_RAMP
0x148E      [70]    _CRATER_FILL_BASLAT
0x14D6      [30]    _KISA_DEVRE_KALKTI_MI
0x14F4      [34]    _KISA_DEVRE_VAR_MI
0x1516     [570]    _LIFT_TIG_BEKLE_VE_RAMP_BASLAT
0x1754      [46]    _PID_SIFIRLA
0x1782     [156]    _PULSE_HESAPLA
0x1822     [130]    _mask
0x18A4      [62]    _Eeprom_Write
0x18E2      [72]    _SON_GAZ_BASLAT
0x192A      [38]    _MAX7219_Send
0x1950      [18]    _Tum_Set_Flaglarini_Sifirla
0x1962     [268]    _ANTI_STICK_DURUM_MAKINESI
0x1A74      [10]    _PWM1_Start
0x1A7E     [630]    _PID_HESAPLA
0x1CF4      [70]    _PULSE_ISLET
0x1D3A     [164]    _BITIRME_RAMP_VE_CRATER
0x1DDE     [324]    _ARK_BEKLE_VE_RAMP_BASLAT
0x1F22      [38]    _KAYNAK_SURDUR
0x1F4E      [40]    _Parametre_No_Goster
0x1F80      [24]    _Eeprom_Read
0x1F98      [50]    _SPI1_Init
0x1FCA     [212]    _G_Segment_Animasyon
0x20B6      [38]    _KAYNAK_BITIR_SEKANS
0x20E0     [314]    _KAYNAK_BASLAT_SEKANS
0x221E     [104]    _Parametre_Flag_Aktif
0x2286     [190]    _hesapla
0x2344     [290]    _EEPROM_Kaydet
0x2466       [8]    _PWM1_Init
0x246E       [6]    _SPI_Init_MAX7219
0x2476      [68]    _MAX7219_Init
0x24BA     [260]    _TIG_BASLAT
0x25CC     [682]    _PARAMETRE_IN
0x2882     [286]    _EEPROM_YUKLE
0x29A0     [386]    _main
//** Variables locations ** 
//ADDRESS    SIZE    VARIABLE
//----------------------------------------------
0x0000       [1]    Eeprom_Write_SaveINTCON
0x0000       [1]    SPI1_Write_tmp
0x0000       [1]    R0
0x0001       [1]    SPI1_Read_local_result
0x0001       [1]    mask_local_result
0x0001       [1]    Eeprom_Read_local_result
0x0001       [1]    BASLATMA_VEYA_BLOK_IPTAL_VAR_MI_local_result
0x0001       [1]    SON_GAZ_BASLAT_sg_say
0x0001       [1]    R1
0x0002       [2]    MUTLAK_INT_local_result
0x0002       [1]    R2
0x0002       [1]    SON_GAZ_BASLAT_t
0x0003       [1]    R3
0x0004       [4]    Get_Fosc_kHz_local_result
0x0004       [1]    R4
0x0005       [1]    R5
0x0006       [1]    R6
0x0007       [1]    R7
0x0008       [1]    R8
0x0009       [1]    R9
0x000A       [1]    R10
0x000B       [1]    R11
0x000C       [1]    R12
0x000D       [1]    R13
0x000E       [1]    R14
0x000F       [1]    R15
0x0010       [1]    R16
0x0011       [1]    R17
0x0012       [1]    R18
0x0013       [1]    R19
0x0014       [1]    R20
0x0018       [1]    _set7_value
0x0019       [4]    _SPI_Rd_Ptr
0x001D       [1]    _set1_value
0x001E       [1]    _set5_value
0x001F       [4]    _SPI_Wr_Ptr
0x0023       [1]    _dummy
0x0024       [2]    _pulse_period
0x0026       [2]    _disp_deger
0x0028       [1]    _set8
0x0029       [1]    _set2
0x002A       [1]    _set3
0x002B       [1]    _set6_value
0x002C       [1]    _set1
0x002D       [1]    _set6
0x002E       [1]    _set7
0x002F       [1]    _set4
0x0030       [1]    _set5
0x0031       [1]    _ramp_duty
0x0032       [1]    _hedef_duty
0x0033       [1]    _secilen_parametre
0x0034       [1]    _son_setting
0x0035       [1]    _prevA
0x0036       [1]    _hf_start_yapildi
0x0037       [2]    _pid_turev
0x0039       [1]    _dortt_durum
0x003A       [2]    _encoderValue
0x003C       [2]    _kd_say
0x003E       [2]    _normal_encoder_value
0x0040       [1]    _ERR
0x0041       [1]    _tetik_onceki
0x0042       [1]    _HATA_say
0x0043       [1]    _HATA
0x0044       [2]    _pid_cikis
0x0046       [2]    _pid_onceki_hata
0x0048       [4]    _pid_integral
0x004C       [1]    _pid_timer
0x004D       [1]    _kaynak_basladi
0x004E       [1]    _kaynak_izin
0x004F       [1]    _anti_stick_aktif
0x0050       [2]    _hedef_akim
0x0052       [1]    _lift_temas_var
0x0053       [1]    _ark_var
0x0054       [2]    _kisa_devre_adc
0x0056       [2]    _anti_stick_timer
0x0058       [1]    _anti_stick_durum
0x0059       [2]    _kisa_devre_say
0x005B       [2]    _pulse_off_time
0x005D       [1]    _set2_value
0x005E       [1]    _set3_value
0x005F       [1]    _pulse_state
0x0060       [1]    _set8_value
0x0061       [2]    _olculen_akim
0x0063       [2]    _pid_hata
0x0065       [1]    _set4_value
0x0066       [2]    _akim_filtreli
0x0068       [2]    _ark_esik
0x006A       [2]    _akim_adc
0x006C       [2]    _pulse_on_time
0x006E       [1]    _setting_mode
0x006F       [2]    _pulse_timer
0x0071       [1]    _ark_say
0x0072       [4]    FARG_PWM1_Init_PWM_Freq
0x0076       [1]    FARG_Parametre_Flag_Aktif_p
0x0076       [1]    KAYNAK_BASLAT_SEKANS_pg_say
0x0076       [2]    FARG_hesapla_num
0x0076       [1]    FARG_Parametre_No_Goster_p
0x0076       [2]    FARG_Eeprom_Read_address
0x0077       [1]    KAYNAK_BASLAT_SEKANS_t
0x0078       [1]    hesapla_DGT3
0x0079       [1]    hesapla_DGT2
0x007A       [4]    PID_HESAPLA_duty_tmp
0x007A       [1]    BITIRME_RAMP_VE_CRATER_mevcut_duty
0x007A       [1]    FARG_mask_num
0x007A       [1]    ANTI_STICK_DURUM_MAKINESI_anti_duty
0x007A       [1]    FARG_MAX7219_Send_address
0x007A       [1]    LIFT_TIG_BEKLE_VE_RAMP_BASLAT_lift_duty
0x007A       [2]    FARG_Eeprom_Write_address
0x007A       [2]    ARK_BEKLE_VE_RAMP_BASLAT_baslangic_akim
0x007B       [1]    BITIRME_RAMP_VE_CRATER_crater_duty
0x007B       [1]    LIFT_TIG_BEKLE_VE_RAMP_BASLAT_temas_say
0x007B       [1]    FARG_MAX7219_Send_value
0x007C       [1]    FARG_Eeprom_Write_data_
0x007C       [1]    LIFT_TIG_BEKLE_VE_RAMP_BASLAT_birak_say
0x007C       [2]    BITIRME_RAMP_VE_CRATER_yarim_adim
0x007C       [1]    ARK_BEKLE_VE_RAMP_BASLAT_baslangic_duty
0x007D       [1]    LIFT_TIG_BEKLE_VE_RAMP_BASLAT_ark_say_local
0x007D       [1]    ARK_BEKLE_VE_RAMP_BASLAT_ark_dogrulama
0x007E       [2]    PID_HESAPLA_hedef_duty_local
0x007E       [1]    ARK_BEKLE_VE_RAMP_BASLAT_ark_bekle
0x007E       [2]    LIFT_TIG_BEKLE_VE_RAMP_BASLAT_timeout_say
0x007F       [2]    ARK_BEKLE_VE_RAMP_BASLAT_hf_timeout
0x0080       [1]    LIFT_TIG_BEKLE_VE_RAMP_BASLAT_adim1_tamam
0x0080       [2]    PID_HESAPLA_fark
0x0081       [1]    LIFT_TIG_BEKLE_VE_RAMP_BASLAT_adim2_tamam
0x0082       [1]    LIFT_TIG_BEKLE_VE_RAMP_BASLAT_adim3_tamam
0x0082       [2]    PID_HESAPLA_limitli_cikis
0x0084       [2]    PID_HESAPLA_pulse_hedef_akim
0x0086       [4]    FLOC__PID_HESAPLA
0x008A       [2]    FARG_RAMP_UP_BASLAT_hedef_akim_local
0x008A       [1]    FARG_SPI1_Write_data_
0x008A       [1]    ARK_DETECT_OKU_local_result
0x008A       [2]    FARG_MUTLAK_INT_x
0x008A       [1]    KISA_DEVRE_KALKTI_MI_local_result
0x008A       [1]    KISA_DEVRE_VAR_MI_local_result
0x008A       [1]    CRATER_FILL_BASLAT_c
0x008A       [2]    PULSE_AKIM_GET_local_result
0x008A       [2]    AKIM_OKU_FILTRELI_local_result
0x008A       [1]    FARG_DUTY_RAMP_duty_ilk
0x008B       [1]    FARG_DUTY_RAMP_duty_son
0x008B       [1]    CRATER_FILL_BASLAT_crater_duty
0x008C       [1]    RAMP_UP_BASLAT_hedef
0x008C       [2]    AKIM_OKU_FILTRELI_yeni_akim
0x008C       [2]    FARG_DUTY_RAMP_toplam_adim
0x008D       [2]    RAMP_UP_BASLAT_baslangic_akim
0x008E       [2]    DUTY_RAMP_a
0x008F       [1]    RAMP_UP_BASLAT_baslangic_duty
0x0090       [2]    DUTY_RAMP_fark
0x0090       [1]    RAMP_UP_BASLAT_mevcut
0x0091       [2]    RAMP_UP_BASLAT_toplam_adim
0x0092       [4]    DUTY_RAMP_hesap_long
0x0093       [2]    RAMP_UP_BASLAT_a
0x0095       [4]    RAMP_UP_BASLAT_hesap_long
0x0096       [2]    DUTY_RAMP_mevcut_w
0x0099       [2]    RAMP_UP_BASLAT_duty_fark
0x009B       [2]    AKIM_OKU_local_result
0x009B       [2]    ADC2_ORT_OKU_local_result
0x009B       [2]    FARG_AKIM_TO_DUTY_akim
0x009B       [1]    FARG_PWM1_Set_Duty_new_duty
0x009B       [2]    ADC8_ORT_OKU_local_result
0x009D       [4]    AKIM_OKU_adc_toplam
0x009D       [4]    ADC8_ORT_OKU_adc_toplam
0x009D       [4]    ADC2_ORT_OKU_adc_toplam
0x009D       [1]    AKIM_TO_DUTY_local_result
0x009E       [4]    AKIM_TO_DUTY_duty_temp
0x00A1       [1]    ADC2_ORT_OKU_s
0x00A1       [1]    AKIM_OKU_s
0x00A1       [1]    ADC8_ORT_OKU_s
0x00A2       [1]    FARG_ADC_Read_channel
0x00A2       [2]    FARG_ADC_TO_AKIM_adc_deger
0x00A3       [2]    ADC_Read_local_result
0x00A4       [2]    ADC_TO_AKIM_local_result
0x00A6       [4]    ADC_TO_AKIM_akim_hesap
0x0F7A       [1]    CM2CON0
0x0F7B       [1]    CM1CON0
0x0F7C       [1]    WPUB
0x0F7D       [1]    IOCB
0x0F7E       [1]    ANSEL
0x0F7F       [1]    ANSELH
0x0F80       [1]    PORTA
0x0F81       [0]    EncoderB
0x0F81       [0]    EncoderA
0x0F81       [1]    PORTB
0x0F82       [1]    PORTC
0x0F83       [1]    PORTD
0x0F84       [1]    PORTE
0x0F92       [1]    TRISA
0x0F93       [1]    TRISB
0x0F94       [0]    TRISC2_bit
0x0F94       [0]    TRISC4_bit
0x0F94       [0]    TRISC3_bit
0x0F94       [0]    TRISC5_bit
0x0F94       [1]    TRISC
0x0F95       [1]    TRISD
0x0F96       [1]    TRISE
0x0FA1       [1]    PIR2
0x0FA6       [1]    EECON1
0x0FA7       [1]    EECON2
0x0FA8       [1]    EEDATA
0x0FA9       [1]    EEADR
0x0FAA       [1]    EEADRH
0x0FBD       [1]    CCP1CON
0x0FBE       [1]    CCPR1L
0x0FC0       [1]    ADCON2
0x0FC1       [1]    ADCON1
0x0FC2       [1]    ADCON0
0x0FC3       [1]    ADRESL
0x0FC4       [1]    ADRESH
0x0FC6       [1]    SSPCON1
0x0FC7       [1]    SSPSTAT
0x0FC9       [1]    SSPBUF
0x0FCA       [1]    T2CON
0x0FCB       [1]    PR2
0x0FD3       [1]    OSCCON
0x0FD8       [1]    STATUS
0x0FE8       [1]    WREG
0x0FF1       [1]    INTCON2
0x0FF2       [1]    INTCON
0x0FF3       [1]    PRODL
0x0FF4       [1]    PRODH
